Date,pol_gol,pol_dell,pol_slvr,pol_slcn,pol_copper,pol_apple,Close_clopper,Close_gold,Close_Pall,Close_plat,applied_materials,taiwan_semiconductor,dell,hp,lenovo,arrow_electronics,avnet,synnex_corp,advanced_micro_divices,nvidia,qualcomn
10/12/18,0.0816208,0.090151218,0.100410787,0.142406792,0,0.082431423,2.8005,1222,1060.8,840,33.689999,39.66,52.325581,23.67,0.61,68.480003,40.470001,74.43,26.34,246.539993,64.290001
10/13/18,0,0,0,0,0,0,0,0,0,0,33.689999,39.66,52.325581,23.67,0.61,68.480003,40.470001,74.43,26.34,246.539993,64.290001
10/14/18,0,0,0,0,0,0,0,0,0,0,33.43,38.75,52.602436,23.559999,0.63,68.220001,40.790001,75.199997,26.26,235.380005,64.169998
10/15/18,0,0,0,0,0,0,2.7805,1226.4,1096.2,842.5,33.43,38.75,52.602436,23.559999,0.63,68.220001,40.790001,75.199997,26.26,235.380005,64.169998
10/16/18,0.095045635,0.032958153,0,0.079773828,0,0.098218758,2.7795,1231,1073.9,846.7,34.759998,40.009998,52.967884,23.959999,0.65,70.540001,41.77,78.330002,28.18,245.830002,66.120003
10/17/18,0.116024929,0.065384425,0.206619597,0.18121177,0,0.037779636,2.778,1227.4,1067.6,840.6,34.959999,39.57,52.657806,23.870001,0.65,70.150002,41.799999,78.559998,27.299999,243.059998,66.099998
10/18/18,0.077702704,0.11238615,0,0.192045455,0,0.083333584,2.7465,1230.1,1064.7,831.7,33.919998,38.540001,52.320045,23.77,0.68,68.760002,41.310001,77.669998,26.620001,239.529999,65.150002
10/19/18,0.10337177,0.04869898,0.206619597,0.135192084,0,-0.038944444,2.778,1228.7,1069.9,836,34.290001,38.450001,51.92691,23.84,0.64,68.220001,41.029999,78.519997,23.66,229.169998,65.360001
10/20/18,,,,,,,,,,,34.290001,38.450001,51.92691,23.84,0.64,68.220001,41.029999,78.519997,23.66,229.169998,65.360001
10/21/18,,,,,,,,,,,33.529999,38.720001,52.44186,24.110001,0.63,68.559998,41.220001,80.419998,25.030001,231.220001,66.120003
10/22/18,0.114906306,0.006882716,0,0.125319227,0.079858135,0.036859114,2.7855,1224.6,1107.7,822.5,33.529999,38.720001,52.44186,24.110001,0.63,68.559998,41.220001,80.419998,25.030001,231.220001,66.120003
10/23/18,0.054518134,0.115175838,0.081641275,0.055246348,0.143952471,-0.030485039,2.758,1236.8,1122.8,835.4,33.52,38,51.423035,23.940001,0.62,68.32,40.68,81.599998,25.09,221.059998,66.379997
10/24/18,0.133513814,0.084633761,0.111805361,0.121477011,0.130627864,-0.003019829,2.7575,1231.1,1112.3,831.5,31.809999,36.48,49.750832,23.059999,0.62,65.040001,38.419998,76.769997,22.790001,199.410004,62.619999
10/25/18,0.168245207,0.114655172,0.163005566,0.064353072,0,0.133330909,2.7545,1232.4,1087.6,831.9,32.639999,37.389999,50.304539,23.790001,0.63,65.550003,38.619999,78.459999,19.27,207.839996,63.200001
10/26/18,0.103361708,-0.052857143,0.163236763,0.047839767,0,0.009675399,2.741,1235.8,1085.9,834.4,32.360001,36.669998,48.98671,23.129999,0.63,65.300003,37.299999,77.209999,17.629999,198.289993,62.48
10/27/18,,,,,,,,,,,32.360001,36.669998,48.98671,23.129999,0.63,65.300003,37.299999,77.209999,17.629999,198.289993,62.48
10/28/18,,,,,,,,,,,31.120001,36.330002,48.039867,23.02,0.61,64.860001,38.23,75.720001,16.85,185.619995,62.169998
10/29/18,0.054503764,0,0.145646168,0.250933442,0.164636364,0.109904151,2.7405,1227.6,1079.3,836.9,31.120001,36.330002,48.039867,23.02,0.61,64.860001,38.23,75.720001,16.85,185.619995,62.169998
10/30/18,0.1033657,0.075278942,0.195768039,0.14710015,0.174970096,0.125888867,2.664,1225.3,1055,839,32.419998,37.779999,49.102989,23.67,0.63,66.400002,39.060001,76.879997,17.200001,203,63.18
10/31/18,0,0,0,0,0,0,2.659,1215,1068.5,843,32.880001,38.099998,50.049835,24.139999,0.66,67.709999,40.07,77.610001,18.209999,210.830002,62.889999
11/1/18,0.107420494,0.021524158,0,0.14851135,0,0.053630817,2.7215,1238.6,1081.4,862.8,35.349998,39.049999,50.476189,24.49,0.66,70.650002,41.82,81.279999,20.219999,218.110001,63.709999
11/2/18,0.055247108,0.032142857,0.227272727,0.1165385,0.101160976,0.053877993,2.807,1233.3,1104.5,875.7,35.27,38.779999,50.487267,24.629999,0.69,74.980003,42.919998,81.849998,20.23,214.919998,63.330002
11/3/18,,,,,,,,,,,35.27,38.779999,50.487267,24.629999,0.69,74.980003,42.919998,81.849998,20.23,214.919998,63.330002
11/4/18,,,,,,,,,,,34.32,38.48,50.780731,24.639999,0.68,73.989998,43.18,81.18,19.9,211.770004,63.470001
11/5/18,-0.071328134,-0.009056638,0.148432392,0,0.059830447,0.065942057,2.756,1232.3,1121.6,869.4,34.32,38.48,50.780731,24.639999,0.68,73.989998,43.18,81.18,19.9,211.770004,63.470001
11/6/18,0.108960142,-0.008452381,0,0.152310255,0,0.069370726,2.7325,1226.3,1095.3,871.5,34.869999,38.73,50.996677,24.879999,0.67,74.419998,43.580002,80.260002,20.68,211.059998,63.630001
11/7/18,0.075555129,0.083275649,0,0,0,0.058182286,2.7545,1228.7,1120.7,878.8,35.25,39.18,54.186047,25.469999,0.73,75.220001,44,80.360001,21.84,213.789993,63.209999
11/8/18,0.083170323,0.054318182,0,0.141636669,0.069298246,0.045658085,2.736,1225.1,1116.1,870.3,34.939999,38.700001,54.77298,25.5,0.69,74.540001,43.939999,80.360001,21.200001,205.990005,58.049999
11/9/18,0.108748258,0.157498118,0,0.0207212,0,0.043039064,2.6845,1208.6,1097.5,856,34.279999,38.07,54.291252,25,0.74,74.330002,43.66,78.940002,21.030001,205.669998,56.720001
11/10/18,,,,,,,,,,,,,,,,,,,,,
11/11/18,,,,,,,,,,,,,,,,,,,,,
11/12/18,0.11677875,0.036670631,0,0.204691782,0.052432875,0.063504562,2.678,1201.3,1102.2,841.7,32.619999,37.060001,54.540421,23.99,0.72,72.879997,42.759998,77.370003,19.030001,189.539993,54.490002
11/13/18,0.015138215,0.08405008,0.191869919,0.09943218,0.047837051,0.083453783,2.687,1199.2,1092.1,837.1,33.490002,37.400002,56.240311,23.950001,0.75,73.75,43.360001,77.519997,19.610001,199.309998,54.16
11/14/18,0,0.208568598,0.034090909,0.107669505,0.049247764,0.044188321,2.71,1210.1,1110.2,833.8,33.580002,37.84,58.521595,23.73,0.75,72.43,41.91,75.980003,20.809999,197.190002,53.939999
11/15/18,0,0,0,0,0,0,2.7465,1215,1137.4,845.3,35.02,38.52,58.172756,24.17,0.73,74.540001,42.849998,78.459999,21.49,202.389999,55.389999
11/16/18,0.025366768,0.082536076,0.061013115,0.06308359,0,0.026848917,2.81,1223,1154.6,846.6,35.400002,36.869999,57.846069,24.16,0.74,75.050003,43.599998,78.739998,20.66,164.429993,55.880001
11/17/18,,,,,,,,,,,35.400002,36.869999,57.846069,24.16,0.74,75.050003,43.599998,78.739998,20.66,164.429993,55.880001
11/18/18,,,,,,,,,,,34.419998,36.049999,57.198227,23.549999,0.74,73.610001,42.91,76.440002,19.110001,144.699997,54.900002
11/19/18,0.134150707,0.219560674,0.136079192,0.074010188,0.104016021,0.082398483,2.8065,1225.3,1141.3,857.6,34.419998,36.049999,57.198227,23.549999,0.74,73.610001,42.91,76.440002,19.110001,144.699997,54.900002
11/20/18,0.044390005,0,0,0.102351097,0,0.054806774,2.7765,1221.2,1126.1,847,35.77,35.639999,56.832779,22.610001,0.74,71.760002,42.040001,74.029999,19.209999,149.080002,54.919998
11/21/18,0.056516974,-0.002628942,0.107727273,-0.06,0,-0.001084105,2.7945,1225.8,1149.8,848.1,35.189999,36.169998,57.026577,22.66,0.7,73.209999,42.759998,75.330002,18.73,144.710007,55.27
11/22/18,,,,,,,,,,,,,,,,,,,,,
11/23/18,0.143443152,0.117845479,0.088962813,0.213233017,0.012002924,0.143443152,2.7855,1223.2,1111.5,845,35.049999,35.959999,57.541527,22.51,0.69,73.5,42.77,76.25,19.379999,145,55.25
11/24/18,,,,,,,,,,,35.049999,35.959999,57.541527,22.51,0.69,73.5,42.77,76.25,19.379999,145,55.25
11/25/18,,,,,,,,,,,35.049999,35.959999,57.541527,22.51,0.69,73.5,42.77,76.25,19.379999,145,55.25
11/26/18,0.105421077,0.185211712,0.116698966,0.114553924,0,0.116698966,2.773,1228.7,1123.9,847.8,36.009998,36.84,58.488373,22.809999,0.69,74.050003,43.360001,75.610001,20.08,153.050003,55.73
11/27/18,0.116539683,0.074688552,0.192460317,0.109289978,0.047953473,0.072035303,2.726,1219.9,1122.1,835.3,36,36.799999,57.951275,22.73,0.71,73.300003,42.369999,73.269997,21.049999,153.729996,55.57
11/28/18,-0.010393733,0.068357021,0,0.110316367,0,-0.013585257,2.8135,1229.8,1151.9,826.3,37.110001,38.009998,59.025471,23.43,0.73,75.349998,43.32,75.989998,21.34,160.070007,56.650002
11/29/18,0.043093885,0.024726783,0,0,0,-0.003573232,2.7895,1230.4,1151.4,820.9,36.540001,37.93,58.693245,22.860001,0.69,76.470001,43.400002,79.419998,21.43,157.360001,58.110001
11/30/18,0,0,0,0,0,0,2.7875,1226,1144.6,799.8,37.279999,37.59,58.405315,23,0.73,76.970001,43.82,80.739998,21.299999,163.429993,58.259998
12/1/18,,,,,,,,,,,37.279999,37.59,58.405315,23,0.73,76.970001,43.82,80.739998,21.299999,163.429993,58.259998
12/2/18,,,,,,,,,,,38.34,38.73,58.433002,23.950001,0.75,78.400002,44.639999,81.900002,23.709999,170.039993,59.139999
12/3/18,0.07346593,0.085210726,0.3125,0.256486386,0.177992854,0.026978646,2.8095,1239.6,1165.6,810.7,38.34,38.73,58.433002,23.950001,0.75,78.400002,44.639999,81.900002,23.709999,170.039993,59.139999
12/4/18,0.116184536,0.046828806,0.097021985,0,0.069272199,0.005669115,2.759,1246.6,1180.2,804.2,35.43,37.439999,57.84053,23.24,0.73,75.410004,42.52,76.75,21.120001,157.110001,57.73
12/5/18,0.071517428,0.086274572,0.152537668,0,0,0.049716854,2.774,1242.6,1184.4,802,,,,,,,,,,,
12/6/18,0.01609028,-0.024367133,0,0.115774697,0.001645128,0.07725081,2.743,1243.6,1141.9,789.6,34.689999,36.860001,58.477299,24.02,0.67,74.690002,42.98,77.309998,21.299999,158.289993,57.110001
12/7/18,0,0.013333333,0,0,0.012470827,0.0722595,2.7595,1252.6,1170.8,790.4,33.639999,36.52,57.585827,22.93,0.71,71.720001,41.990002,75.589996,19.459999,147.610001,55.990002
12/8/18,,,,,,,,,,,33.639999,36.52,57.585827,22.93,0.71,71.720001,41.990002,75.589996,19.459999,147.610001,55.990002
12/9/18,,,,,,,,,,,34.169998,36.43,57.646732,22.93,0.67,71.5,41.77,80.169998,19.99,151.860001,57.240002
12/10/18,0.083984434,-0.032223682,0,0.062235384,0.065649351,0.019588333,2.72,1249.4,1158.7,782.1,34.169998,36.43,57.646732,22.93,0.67,71.5,41.77,80.169998,19.99,151.860001,57.240002
12/11/18,0.088966248,0.075242218,0,0.120823399,0,0.044784871,2.767,1247.2,1177.3,785.5,34.02,36.700001,57.990032,22.549999,0.69,70.879997,39.950001,80.279999,19.98,148.190002,57.349998
12/12/18,0.127239229,0.116284547,0,0.08368366,0,0.25,2.77,1250,1194.5,807.1,34.200001,37.380001,58.145073,22.549999,0.71,71.959999,40.450001,83,20.48,148.899994,57.720001
12/13/18,0.165046377,0.036922952,0.105008526,0.115261417,0,0.120645416,2.767,1247.4,1190.7,797.5,33.709999,37.330002,58.416389,22.290001,0.69,71.339996,39.34,80.190002,19.860001,148.889999,58.09
12/14/18,0.064071737,0.018543986,0.045429808,0,0,0.067794181,2.7625,1241.4,1171.6,785.3,32.650002,36.529999,58.576965,22.01,0.69,70.410004,38.759998,79.75,19.9,146.449997,57.619999
12/15/18,,,,,,,,,,,32.650002,36.529999,58.576965,22.01,0.69,70.410004,38.759998,79.75,19.9,146.449997,57.619999
12/16/18,,,,,,,,,,,32.650002,36.529999,58.576965,22.01,0.69,70.410004,38.759998,79.75,19.9,146.449997,57.619999
12/17/18,0.133154611,0.017661028,0.088972281,0.104983892,0,0.050899447,2.7545,1251.8,1182,795.9,32.669998,36.220001,58.18383,21.42,0.69,69.889999,37.34,80.019997,18.83,143.580002,57
12/18/18,0.035532407,-0.201589907,0,0.138495116,0,0.087697654,2.6645,1253.6,1179.2,794.8,33.279999,36.759998,58.615726,21.41,0.69,70.410004,37.009998,79.709999,19.5,146.940002,57.779999
12/19/18,-0.013333333,-0.087037037,0,0,0.040542828,0.151486619,2.716,1256.4,1201.3,796,31.530001,36.23,58.056477,20.549999,0.7,68.739998,36.32,79.529999,18.16,138.509995,56.689999
12/20/18,0.091791249,-0.283333333,0.091791249,0.124809637,0,0.052330334,2.6965,1267.9,1191.9,799.7,30.9,35.880001,57.259136,20.07,0.71,67.540001,35.549999,80.199997,17.940001,135.100006,56.369999
12/21/18,0.043521064,0,0.043521064,0.078080808,0.104336837,0.04606722,2.674,1258.1,1158.7,799.1,30.309999,35.709999,56.882614,19.65,0.71,65.559998,34.939999,75.989998,16.93,129.570007,54.849998
12/22/18,,,,,,,,,,,30.309999,35.709999,56.882614,19.65,0.71,65.559998,34.939999,75.989998,16.93,129.570007,54.849998
12/23/18,,,,,,,,,,,30.309999,35.709999,56.882614,19.65,0.71,65.559998,34.939999,75.989998,16.93,129.570007,54.849998
12/24/18,0.087127557,0.01447806,0.08036658,0.057121212,0,0,2.661,1271.8,1176.1,792.8,28.99,35.290001,44.573643,19.379999,0.71,63.25,34.09,73.919998,16.65,127.080002,53.650002
12/25/18,,,,,,,,,,,28.99,35.290001,44.573643,19.379999,0.71,63.25,34.09,73.919998,16.65,127.080002,53.650002
12/26/18,0.094619356,0,0.094619356,0,0,0,2.7,1273,1185.9,804.9,30.639999,36.759998,44.922482,20.33,0.7,66.910004,35.52,79.269997,17.9,133.100006,55.959999
12/27/18,0.016058326,-0.017061388,0.078491162,0,0,0.25,2.668,1281.1,1194.5,801.4,31.549999,36.779999,44.296787,20.379999,0.66,67.989998,35.759998,80.300003,17.49,131.169998,56.09
12/28/18,0.049959017,-0.00116342,0.061251366,0,0,0.121490933,2.6815,1283,1183.4,796.4,32.380001,37.139999,45.43,20.34,0.66,68.239998,35.900002,80.050003,17.82,133.649994,56.810001
12/29/18,,,,,,,,,,,32.380001,37.139999,45.43,20.34,0.66,68.239998,35.900002,80.050003,17.82,133.649994,56.810001
12/30/18,,,,,,,,,,,32.740002,36.91,48.869999,20.459999,0.66,68.949997,36.099998,80.839996,18.459999,133.5,56.91
12/31/18,0,0,0,0,0,0,2.631,1281.3,1197.2,800.6,32.740002,36.91,48.869999,20.459999,0.66,68.949997,36.099998,80.839996,18.459999,133.5,56.91
1/1/19,,,,,,,,,,,33.48,36.52,47.119999,20.629999,0.67,69.550003,36.57,81.160004,18.83,136.220001,57.400002
1/2/19,0.042517007,0,0.025516529,0.18535594,-0.047380717,0.055385846,2.623,1284.1,1198.8,804,33.48,36.52,47.119999,20.629999,0.67,69.550003,36.57,81.160004,18.83,136.220001,57.400002
1/3/19,0.079228553,-0.018962149,0.087206224,0.025,0.115372099,0.064789425,2.568,1294.8,1200.3,799.3,31.540001,34.360001,45.130001,19.93,0.67,66.589996,35.689999,78.199997,17.049999,127.989998,55.700001
1/4/19,0.157242484,-0.250297619,0.198442406,0,0.195677362,0.041496058,2.6475,1285.8,1234.4,827.2,33.700001,34.970001,46.02,20.719999,0.68,69.150002,37.23,81.910004,19,136.190002,56.599998
1/5/19,,,,,,,,,,,33.700001,34.970001,46.02,20.719999,0.68,69.150002,37.23,81.910004,19,136.190002,56.599998
1/6/19,,,,,,,,,,,34.299999,35.23,46.32,20.950001,0.64,70.260002,38.119999,83.019997,20.57,143.399994,56.439999
1/7/19,0.105989805,0.143862574,0.053148978,0.113340662,0,0.060702749,2.637,1289.9,1240.2,824.3,34.299999,35.23,46.32,20.950001,0.64,70.260002,38.119999,83.019997,20.57,143.399994,56.439999
1/8/19,0.067901247,0.069793059,0.067901247,0.139351852,0,-0.018208826,2.656,1285.9,1261.4,821.8,32.91,34.939999,46.869999,21.209999,0.64,70.07,38.209999,83.410004,20.75,139.830002,55.950001
1/9/19,0.0597867,-0.010606061,0.126420661,0.157797671,0.119791667,0.068711999,2.657,1292,1269.4,825.3,34.299999,35.610001,46.939999,21.209999,0.67,70.919998,39.509998,85.260002,20.190001,142.580002,56.610001
1/10/19,0.096764796,0.1333281,0.020909091,0.174502232,0,0.103240741,2.6375,1287.4,1273.2,826.1,34.759998,36.419998,45.189999,21.469999,0.7,72.529999,40.669998,86.830002,19.74,145.229996,56.799999
1/11/19,0.123110246,0.085326939,0,0.147528173,0,0.025825363,2.662,1289.5,1278.7,818,34.779999,36.610001,44.470001,21.17,0.7,73.519997,41.029999,97.480003,20.27,148.830002,57.5
1/12/19,,,,,,,,,,,34.779999,36.610001,44.470001,21.17,0.7,73.519997,41.029999,97.480003,20.27,148.830002,57.5
1/13/19,,,,,,,,,,,33.860001,35.759998,42.799999,20.790001,0.7,73.400002,41.029999,91.339996,20.23,150.440002,57.299999
1/14/19,-0.014673789,0.055687737,0.199878713,0.084726319,0,0.114082557,2.6455,1289.1,1279.5,798.8,33.860001,35.759998,42.799999,20.790001,0.7,73.400002,41.029999,91.339996,20.23,150.440002,57.299999
1/15/19,0,0,0,0,0,0,2.6345,1288.4,1277.1,800.1,33.75,36.040001,43.009998,21.01,0.71,73.559998,41.380001,90.910004,20.379999,149.869995,55.73
1/16/19,0.150046881,-0.068293651,0.154884068,0.142107892,0,0.029619666,2.6735,1293.8,1318.5,807.9,33.639999,35.639999,42.619999,21.049999,0.7,73.279999,41.43,89.470001,19.73,148.839996,55.27
1/17/19,0.126137137,0.003382035,0.124672619,0,0,0.059327823,2.68,1292.3,1348.2,812.3,34.540001,36.290001,43.709999,21.23,0.7,74.169998,41.830002,90.779999,20.25,151.720001,54.77
1/18/19,0.10795,0,0.10795,0.187943723,0,0.048070119,2.719,1282.6,1335.1,802.1,35.709999,36.84,43.349998,21.75,0.71,75.309998,42.490002,91.599998,20.77,156.929993,55.27
1/19/19,,,,,,,,,,,35.709999,36.84,43.349998,21.75,0.71,75.309998,42.490002,91.599998,20.77,156.929993,55.27
1/20/19,,,,,,,,,,,35.709999,36.84,43.349998,21.75,0.71,75.309998,42.490002,91.599998,20.77,156.929993,55.27
1/21/19,,,,,,,,,,,34.439999,36.369999,44.060001,21.32,0.74,73.709999,41.25,91.269997,19.76,148.770004,54.290001
1/22/19,0.100939955,0.033333333,0.086099086,0,0,0.125599944,2.6595,1283.4,1306.5,791.2,34.439999,36.369999,44.060001,21.32,0.74,73.709999,41.25,91.269997,19.76,148.770004,54.290001
1/23/19,0.080063028,-0.062895733,0.077808325,0.023678862,0.12236972,0.069728105,2.6545,1290.2,1308.2,796.4,34.310001,36.490002,44.619999,21.440001,0.7,73.110001,40.529999,91,19.799999,149.289993,51.77
1/24/19,0.06527497,0.11772505,0.164037718,0.129632867,0.047061719,0.084821112,2.6445,1285.9,1280.7,805,37.82,37.639999,44.959999,21.77,0.73,74.010002,41.650002,93.190002,20.85,157.839996,50.810001
1/25/19,0.048036797,0.05370838,0.123446046,0.090172662,0.142088261,0.014578272,2.729,1304.2,1319.8,818.3,39.189999,38.139999,45.91,22.1,0.73,75.57,41.040001,96.029999,21.93,160.149994,51.299999
1/26/19,,,,,,,,,,,38.700001,37.439999,46.900002,21.98,0.72,75.019997,40.740002,96.709999,20.18,138.009995,50.639999
1/27/19,,,,,,,,,,,38.700001,37.439999,46.900002,21.98,0.72,75.019997,40.740002,96.709999,20.18,138.009995,50.639999
1/28/19,0,0,0,0,0,0.025857479,2.68,1309.3,1289.3,814.5,38.700001,37.439999,46.900002,21.98,0.72,75.019997,40.740002,96.709999,20.18,138.009995,50.639999
1/29/19,0.108773853,0.035982247,0.181921296,0.142257228,0.181921296,0.012302089,2.725,1315.2,1303.6,815.8,38.200001,36.330002,46.849998,21.879999,0.7,74.68,40.369999,96.279999,19.25,131.600006,49.400002
1/30/19,0.064399036,0.056224518,0.194149832,0.117032752,0.078126729,0.093055953,2.7675,1315.5,1316.4,816.2,39.599998,37.380001,48,22.200001,0.75,75.5,41.169998,96.43,23.09,137.389999,50.169998
1/31/19,0,0,0,0,0,0,2.7845,1325.2,1299.9,824.7,39.080002,37.619999,48.59,22.030001,0.71,75.949997,41.200001,96.760002,24.41,143.75,49.52
2/1/19,0.066450869,0.142967914,0,0,0,0.074752628,2.773,1322.1,1313.6,826.7,39.310001,37.57,49.650002,22.26,0.76,75.870003,41.48,97.129997,24.51,144.729996,49.610001
2/2/19,,,,,,,,,,,39.310001,37.57,49.650002,22.26,0.76,75.870003,41.48,97.129997,24.51,144.729996,49.610001
2/3/19,,,,,,,,,,,39.310001,37.57,49.650002,22.26,0.76,75.870003,41.48,97.129997,24.51,144.729996,49.610001
2/4/19,0,0.050686544,0,0,0,-0.083333333,2.7945,1319.3,1330.4,822.8,38.900002,37.939999,50.830002,22.549999,0.74,75.849998,41.939999,98.629997,24.129999,149.179993,49.689999
2/5/19,0.132382409,0.003333333,0.236121212,0.163674527,0.079065415,0.052627529,2.817,1319.2,1341.2,819.9,39.119999,38.25,51.07,22.799999,0.73,76.339996,41.93,98.540001,23.309999,149.949997,50.73
2/6/19,0.194861111,0.047784568,0,0.129897452,0,0.113846154,2.8365,1314.4,1351.6,813.8,40.279999,38.740002,50.939999,23.07,0.76,77.190002,42.709999,98.879997,23.26,153,51.099998
2/7/19,-0.002199546,0.089594552,0.058796296,0.105637824,0,0.038135914,2.8285,1314.2,1358.1,797.3,39.919998,38.119999,50.439999,22.860001,0.75,78.709999,42.450001,98.540001,22.67,147.419998,50.549999
2/8/19,0.041511716,0.055768845,0,0.007936508,0,0.080862546,2.8105,1318.5,1371.2,802.5,39.779999,37.790001,51.490002,22.92,0.75,79.239998,42.560001,97.940002,23.049999,148.169998,50.290001
2/9/19,,,,,,,,,,,39.779999,37.790001,51.490002,22.92,0.75,79.239998,42.560001,97.940002,23.049999,148.169998,50.290001
2/10/19,,,,,,,,,,,39.900002,38.290001,52.02,22.860001,0.77,79.510002,43.099998,98.410004,22.959999,146.449997,50.830002
2/11/19,0.127887349,0.169182016,0,0,0,0.087214022,2.7915,1307,1395.2,782.7,39.900002,38.290001,52.02,22.860001,0.77,79.510002,43.099998,98.410004,22.959999,146.449997,50.830002
2/12/19,0.07092905,0.074675325,0,0.128842816,0,0,2.772,1314,1375.4,789.6,40.689999,38.639999,53.599998,23.35,0.77,80.730003,43.400002,99.480003,22.82,151.169998,51.66
2/13/19,0.017309467,0.076200023,0,0,0.029686748,0.015108426,2.774,1310.8,1411,788,40.849998,38.130001,53.950001,23.32,0.75,81.360001,44.029999,100.330002,22.85,152.880005,51.59
2/14/19,0.098281735,0.10776042,-0.004155415,0,-0.051740901,0.058748029,2.774,1313.9,1385.9,789.2,40.709999,38.060001,54.380001,23.23,0.75,80.839996,44.02,101.25,23.129999,154.529999,51.57
2/15/19,0,0,0,0,0,0,2.8035,1322.1,1407.2,806.9,39.099998,38.09,55,23.280001,0.74,81.190002,44.119999,101.599998,23.68,157.339996,51.98
2/16/19,,,,,,,,,,,39.299999,38.459999,55.040001,23.25,0.74,81.050003,44.16,101.43,23.950001,156.639999,52.009998
2/17/19,,,,,,,,,,,39.299999,38.459999,55.040001,23.25,0.74,81.050003,44.16,101.43,23.950001,156.639999,52.009998
2/18/19,,,,,,,,,,,39.299999,38.459999,55.040001,23.25,0.74,81.050003,44.16,101.43,23.950001,156.639999,52.009998
2/19/19,0.08212482,0.034977195,0,0.129588304,0.131584414,0.044624198,2.878,1344.8,1453.9,821,39.299999,38.459999,55.040001,23.25,0.74,81.050003,44.16,101.43,23.950001,156.639999,52.009998
2/20/19,0.023704128,0.019363362,0,0.068995859,0.056288615,0.093302408,2.9205,1347.9,1462.1,834.2,39,39,55.540001,23.379999,0.75,81.989998,44.93,101.879997,23.950001,158.550003,52.450001
2/21/19,-0.066666667,0.126660306,0,0.063319705,-0.066666667,0.071428571,2.8985,1327.8,1445.1,826.3,38.830002,38.98,55.540001,23.389999,0.82,81.769997,44.75,100.410004,23.92,155.770004,52.349998
2/22/19,0.06219553,0.030936572,-0.066666667,0.116865039,-0.066666667,0.067085169,2.948,1332.8,1460.1,845.9,39.43,39.389999,56.18,23.74,0.9,81.940002,44.880001,101.589996,24.360001,159.190002,53.119999
2/23/19,,,,,,,,,,,39.43,39.389999,56.18,23.74,0.9,81.940002,44.880001,101.589996,24.360001,159.190002,53.119999
2/24/19,,,,,,,,,,,39.66,39.580002,56.639999,23.91,0.87,81.889999,44.900002,101.220001,24.709999,158.690002,52.990002
2/25/19,0.101398789,0.09248366,0,0.100904299,0.076815499,0.047322824,2.949,1329.5,1494.5,853.6,39.66,39.580002,56.639999,23.91,0.87,81.889999,44.900002,101.220001,24.709999,158.690002,52.990002
2/26/19,0.13258177,-0.242857143,0,0.036479417,0,0,2.9505,1328.5,1519.7,860.4,39.580002,39.599998,56.73,23.9,0.91,80.830002,44.380001,101.349998,24.209999,157.100006,53.029999
2/27/19,0.038690476,0.009603728,0,0,0,0.039020191,2.959,1317.7,1523.4,867.8,38.779999,39.450001,56.25,23.85,0.93,80.169998,44.080002,99.480003,23.48,155.410004,53.040001
2/28/19,0,0,0,0,0,0,2.948,1316.1,1501.5,875.2,38.34,39.049999,55.82,19.73,0.89,79.699997,43.490002,98.120003,23.530001,154.259995,53.389999
3/1/19,0.04619157,0.073051429,0.082088225,0.23509104,0,0,2.932,1299.2,1506.1,863.7,38.560001,39.389999,56.650002,19.6,0.91,80.279999,43.919998,98.940002,23.68,156.449997,54.200001
3/2/19,,,,,,,,,,,38.560001,39.389999,56.650002,19.6,0.91,80.279999,43.919998,98.940002,23.68,156.449997,54.200001
3/3/19,,,,,,,,,,,39.080002,39.150002,55.34,19.530001,0.92,79.650002,43.650002,98.169998,23.370001,156.779999,53.779999
3/4/19,0.126599917,0.012955012,0,0,0,0.011503623,2.909,1287.5,1485.1,838.9,39.080002,39.150002,55.34,19.530001,0.92,79.650002,43.650002,98.169998,23.370001,156.779999,53.779999
3/5/19,0.020862146,0.107649247,0.135624893,0.193778004,-0.050313283,-0.175,2.9335,1284.7,1465.9,838,38.93,39.02,55.119999,19.360001,0.92,78.970001,43.040001,96.580002,23.5,156.520004,53.939999
3/6/19,-0.058,0.068384191,0.167028986,0,0.024791667,0.074451509,2.9185,1287.6,1486.4,828.1,38.07,38.790001,53.73,19.08,0.92,77.949997,42.560001,94.290001,22.41,152.050003,54.799999
3/7/19,0.072136024,0.024324881,0,0.077493891,0,0.113959936,2.9105,1286.1,1482.4,817.1,37.57,38.630001,53.130001,18.82,0.9,77.410004,42.060001,92.029999,22.08,149.259995,54.029999
3/8/19,0.010198035,0.076815946,0,0.112192691,0,0,2.8935,1299.3,1459,817.6,37.740002,38.200001,52.349998,18.74,0.88,77.160004,42.200001,92.269997,22.01,150.639999,53.529999
3/9/18,,,,,,,,,,,37.740002,38.200001,52.349998,18.74,0.88,77.160004,42.200001,92.269997,22.01,150.639999,53.529999
3/10/19,,,,,,,,,,,38.509998,38.639999,54.150002,19.040001,0.88,78.059998,42.799999,94.379997,22.959999,161.139999,54.349998
3/11/19,0.062464692,0.084816939,0,0.159906845,-0.001996528,0.1185829,2.901,1291.1,1482,816.8,38.509998,38.639999,54.150002,19.040001,0.88,78.059998,42.799999,94.379997,22.959999,161.139999,54.349998
3/12/19,0.144664427,0.019929857,0.095650749,0.081150319,-0.02,-0.055982143,2.9275,1296.3,1519.9,831,38.709999,38.900002,54.700001,19.059999,0.87,77.949997,42.889999,94.57,23.49,162.520004,54.84
3/13/19,0.347368421,0.174223471,0,0.16056243,0,0.05674336,2.9355,1309.3,1506.7,841.7,38.599998,39.209999,54.950001,19.610001,0.86,78.5,43.450001,95.18,23.379999,168.619995,55.389999
3/14/19,0.092575494,0.225,0.103909095,0.153409045,-0.055727273,0.097329978,2.8885,1293.4,1531.7,825.6,38.93,38.82,57.18,19.639999,0.84,77.720001,43.5,94.199997,22.82,165.559998,55.400002
3/15/19,0,0,0,0,0,0,2.906,1302.9,1518.5,831.8,40.389999,39.650002,60.23,19.940001,0.86,78.550003,43.759998,95.139999,23.290001,169.809998,56.599998
3/17/19,,,,,,,,,,,40,39.849998,60.490002,19.950001,0.89,78.32,43.830002,95.830002,23.25,168.949997,56.830002
3/18/19,,,,,,,,,,,40,39.849998,60.490002,19.950001,0.89,78.32,43.830002,95.830002,23.25,168.949997,56.830002
3/18/19,0.254481283,0.087879434,0.153724747,0.138542908,0.130184869,0.122396579,2.909,1301.5,1539.7,834,40,39.849998,60.490002,19.950001,0.89,78.32,43.830002,95.830002,23.25,168.949997,56.830002
3/19/19,-0.1,0.183054946,0.153724747,0.100881393,0.185861852,0.045559803,2.923,1306.5,1551.9,852.6,40.369999,39.759998,60.439999,20,0.87,78.290001,43.75,96.019997,26,175.710007,56.970001
3/20/19,0.190909091,0.135749287,0.063894042,0,0.172964559,0.089579652,2.9155,1300.5,1560.4,859.6,39.57,39.849998,59.630001,19.99,0.9,78.190002,43.32,94.940002,25.700001,174.399994,57.16
3/21/19,0.148716867,0,0.164977812,0.13140541,-0.002979798,0.075872049,2.906,1313.6,1557.9,866.2,41.330002,41.040001,60.709999,20.219999,0.87,79.93,44.080002,96.470001,27.889999,183.940002,57.77
3/22/19,0.215730159,0.033878703,0,0,0,0.09350942,2.8425,1318.7,1515.5,853.4,39.860001,40.43,59.549999,19.34,0.87,76.660004,42.119999,91.360001,26.370001,177.5,56.82
3/23/19,,,,,,,,,,,39.860001,40.43,59.549999,19.34,0.87,76.660004,42.119999,91.360001,26.370001,177.5,56.82
3/24/19,,,,,,,,,,,39.860001,40.43,59.549999,19.34,0.87,76.660004,42.119999,91.360001,26.370001,177.5,56.82
3/25/19,0.078793954,-0.006611376,0.067428217,0,0,0.091127737,2.8565,1329,1543.4,863.2,39.400002,39.919998,57.290001,18.969999,0.87,75.949997,41.450001,90.769997,25.969999,173.779999,56.639999
3/26/19,0.066742878,0.084020274,0,0.109717609,0,0.113787719,2.854,1321.4,1515.9,865.4,39.630001,40.400002,58.889999,19.129999,0.88,76.010002,42.119999,92.040001,25.690001,176.869995,58
3/27/19,-0.022562256,0.080233711,-0.022562256,-0.170227273,0.092063492,0.086784153,2.863,1316.9,1421.5,862.2,38.93,40.200001,57.540001,18.93,0.93,75.809998,42.59,90.68,24.889999,176.5,56.91
3/28/19,0.15,0.065154242,0,0.094238777,0.159952891,0.090909091,2.8725,1295.3,1309.7,843.8,38.509998,40.34,56.919998,19,0.9,76.510002,42.619999,92.919998,25.059999,177.25,56.549999
3/29/19,0.154099638,0.117525841,0.048565657,0.188080541,0.071674586,0.118090476,2.936,1298.5,1341.8,854.1,39.66,40.959999,58.689999,19.43,0.89,77.059998,43.369999,95.389999,25.52,179.559998,57.029999
4/1/19,0.133527596,0.038626237,-0.006470484,0.055363155,0.022455322,0.049183802,2.9245,1294.2,1391.8,855.3,41.130001,41.369999,60.43,20.049999,0.9,78.849998,44.32,98.919998,26.360001,182.279999,57.810001
4/2/19,0.073234471,0.003297344,0.216317588,0,0,0.066556437,2.9055,1295.4,1400.3,852.5,40.990002,41.27,61.27,19.719999,0.88,78.519997,44.139999,98.879997,26.75,183,58.09
4/3/19,0,0.020722553,0.044745484,0.074468344,0,0.10367642,2.9485,1295.3,1378.1,874.2,42.43,41.790001,61.59,19.75,0.86,79.860001,44.650002,101.029999,29.02,188.619995,57.68
4/4/19,0.146981902,0,0,0.111613813,0.085833333,0.062214928,2.91,1294.3,1332.3,904.5,42.619999,42.040001,60.34,19.76,0.88,81.279999,45.330002,102.440002,29.09,188.259995,57.860001
4/5/19,0,0.209909211,0.050423233,0.104777722,-0.045893142,0.078480392,2.8945,1295.6,1345.9,905.4,43.040001,42.23,62.200001,19.790001,0.89,82.400002,45.759998,103.699997,28.98,190.949997,57.990002
4/6/19,,,,,,,,,,,43.040001,42.23,62.200001,19.790001,0.89,82.400002,45.759998,103.699997,28.98,190.949997,57.990002
4/7/19,,,,,,,,,,,42.919998,42.389999,62.490002,19.940001,0.88,83.059998,46.240002,104.129997,28.530001,191.789993,57.759998
4/8/19,0.026491362,0.035842239,0.008339649,0,0.070045143,0.118725435,2.9295,1297.1,1356.3,907.6,42.919998,42.389999,62.490002,19.940001,0.88,83.059998,46.240002,104.129997,28.530001,191.789993,57.759998
4/9/19,-0.057503608,-0.038580247,0.0575991,0,0,0.043124944,2.934,1308.3,1362.6,899.3,42.009998,42.209999,61.73,19.59,0.88,81.919998,45.540001,102.639999,27.24,189.259995,57.439999
4/10/19,0.017609127,0.026528926,0.03,0,0.089078978,0.060642065,2.9255,1313.9,1363.2,908.9,42.169998,42.369999,63.290001,19.969999,0.95,83.059998,46.310001,104.300003,27.83,192.100006,56.330002
4/11/19,0.127571425,0.067551412,0.065456553,0.077744982,0,0.056451063,2.887,1293.3,1332.6,895.3,42.470001,42.099998,63.860001,19.940001,0.91,83.379997,46.740002,104.690002,27.790001,191.539993,55.900002
4/12/19,0.051365864,0,0.067695925,0,0.018262498,0,2.946,1295.2,1350.2,898.5,42.990002,42.580002,63.509998,20.209999,0.91,84.620003,46.860001,107.330002,27.85,190.009995,56.950001
4/13/19,,,,,,,,,,,42.990002,42.580002,63.509998,20.209999,0.91,84.620003,46.860001,107.330002,27.85,190.009995,56.950001
4/14/19,,,,,,,,,,,42.709999,42.610001,63.880001,20.200001,0.9,84.489998,46.959999,107.830002,27.33,184.699997,57.18
4/15/19,0,0,0,0,0,0,2.935,1291.3,1334.7,894.5,42.709999,42.610001,63.880001,20.200001,0.9,84.489998,46.959999,107.830002,27.33,184.699997,57.18
4/16/19,0.113864241,0.116328045,0.083670673,0.026619647,0.061974026,0,2.939,1277.2,1328.4,884.2,43.720001,43.009998,62.790001,20.57,0.91,84.879997,47.330002,107.360001,27.93,188.210007,70.449997
4/17/19,-0.00480167,0.159671217,-0.094001237,0.217716407,-0.1,0.069308889,2.9735,1276.8,1378.6,891.3,43.889999,44.389999,62.75,20.5,0.91,84.139999,46.5,107.449997,27.49,187.289993,79.080002
4/18/19,0.011322145,0.169839335,0.117982543,0,0,0.121578767,2.9265,1276,1398.5,903.7,43.950001,45.400002,62.849998,20.52,0.92,84.959999,46.630001,107.269997,27.68,186.300003,79.889999
4/19/19,,,,,,,,,,,43.950001,45.400002,62.849998,20.52,0.92,84.959999,46.630001,107.269997,27.68,186.300003,79.889999
4/20/19,,,,,,,,,,,43.790001,45.150002,63.25,19.879999,0.94,83.699997,46.049999,105.419998,28.18,188.470001,81.970001
4/21/19,,,,,,,,,,,43.790001,45.150002,63.25,19.879999,0.94,83.699997,46.049999,105.419998,28.18,188.470001,81.970001
4/22/19,0.013621893,0.033681596,0.092982543,0.198635488,0,0.032664377,2.908,1277.6,1369.8,902.2,43.790001,45.150002,63.25,19.879999,0.94,83.699997,46.049999,105.419998,28.18,188.470001,81.970001
4/23/19,0.160138109,0.054370837,0,0.165568182,0,0.08190245,2.9,1273.2,1375.6,893.8,43.830002,45.419998,65,20.09,0.91,86.050003,46.93,107.650002,27.969999,190.669998,86.720001
4/24/19,0,0.122577201,0,0.242888064,0.133892667,-0.028120963,2.916,1279.4,1405.1,888.6,44.459999,45.41,66.25,19.870001,0.92,86.099998,47.490002,107.639999,28.459999,191.169998,86.830002
4/25/19,0.043811306,0.026561519,0.050323706,0.116221163,0,0.007949942,2.8675,1279.7,1406.9,889.7,44.450001,44.48,67,19.6,0.9,83.760002,46.459999,105.139999,27.66,186.910004,85.07
4/26/19,0.035601977,-0.011160714,0,0.075228492,0.116144094,0.029565043,2.894,1288.8,1447.2,903.6,44.66,43.939999,65.360001,19.41,0.93,84.980003,48.060001,106.889999,27.879999,178.089996,86.639999
4/27/19,,,,,,,,,,,44.66,43.939999,65.360001,19.41,0.93,84.980003,48.060001,106.889999,27.879999,178.089996,86.639999
4/28/19,,,,,,,,,,,44.240002,43.830002,65.550003,19.66,0.93,84.790001,48.450001,107.660004,27.690001,179.330002,87.25
4/29/19,0.079018286,0.002731396,0,0.156566628,0,0.085481172,2.897,1281.5,1362,901.3,44.240002,43.830002,65.550003,19.66,0.93,84.790001,48.450001,107.660004,27.690001,179.330002,87.25
4/30/19,0,0,0,0,0,0,2.9015,1282.8,1387.4,888.1,44.07,43.82,67.410004,19.950001,0.91,84.510002,48.610001,107.879997,27.629999,181,86.129997
5/1/19,0.084035062,0.067679576,0,0,0.19730627,0.102992368,2.8015,1284.2,1344.4,877.4,43.380001,43.82,68.580002,19.93,0.91,83.5,47.330002,108.150002,26.809999,180.470001,86.370003
5/2/19,0.045598008,0.113169192,0,0.089036512,0.215,0.062114876,2.7795,1272,1343.2,854.2,43.700001,44.400002,68.139999,20.040001,0.91,75.190002,46.799999,106.349998,28.290001,183.190002,87.139999
5/3/19,-0.016842405,-0.005677656,0,0.129040468,0,0.095858809,2.819,1281.3,1358,874.8,43.959999,44.709999,68.699997,20.290001,0.92,76.150002,46.82,108.889999,28.219999,183.009995,89.290001
5/4/19,,,,,,,,,,,43.959999,44.709999,68.699997,20.290001,0.92,76.150002,46.82,108.889999,28.219999,183.009995,89.290001
5/5/19,,,,,,,,,,,43.110001,43.759998,68.190002,20.09,0.88,74.75,46.439999,108.5,27.42,179.850006,88.25
5/6/19,0.043599353,-0.002777778,0,0,0.239382716,0.010081333,2.8295,1283.8,1328.1,880.9,43.110001,43.759998,68.190002,20.09,0.88,74.75,46.439999,108.5,27.42,179.850006,88.25
5/7/19,0.037039384,0,0,0,-0.015193108,0.0625,2.7855,1285.6,1323.4,873.4,42.049999,43.759998,67.489998,19.610001,0.87,73.410004,45.790001,106.720001,26.66,173.110001,85.199997
5/8/19,0.032569444,0.011609886,0,0.190503247,-0.005312888,-0.019983292,2.7745,1281.4,1306.4,864.4,41.580002,43.700001,67.099998,19.530001,0.84,71.75,45.34,105.760002,27.09,173.919998,84.540001
5/9/19,0.09400229,0.125255374,0,0.143188341,0.075,0.072856621,2.7715,1285.2,1283,851.4,40.939999,43.25,67.089996,19.290001,0.79,70.82,45.279999,104.120003,27.209999,170.190002,83.779999
5/10/19,0.135153486,0.115578724,0.168409951,0.140912888,0,0.114676265,2.7745,1287.4,1350.7,865.6,40.799999,42.830002,67.160004,19.120001,0.79,71.18,45.369999,104.190002,27.959999,168.820007,85.839996
5/11/19,,,,,,,,,,,40.799999,42.830002,67.160004,19.120001,0.79,71.18,45.369999,104.190002,27.959999,168.820007,85.839996
5/12/19,,,,,,,,,,,39.09,40.990002,64.040001,18.27,0.81,68.099998,43.240002,97.959999,26.24,158.449997,83.889999
5/13/19,0.100621142,0.021029567,0.067508418,0.186527778,0,-0.026797945,2.719,1301.8,1316.8,854.9,39.09,40.990002,64.040001,18.27,0.81,68.099998,43.240002,97.959999,26.24,158.449997,83.889999
5/14/19,0.10068163,0.087845175,0.110041152,0.232826652,0.063191697,-0.05,2.725,1296.3,1333,859.1,40.009998,41.970001,66.150002,18.299999,0.78,68.480003,43.630001,99.760002,27.32,162.039993,86.129997
5/15/19,0,0,0,0,0,0,2.743,1297.8,1332.9,847.7,41.5,41.970001,67.900002,18.73,0.8,68.860001,44.009998,99.889999,27.58,159.580002,86.260002
5/16/19,0.154615412,0.017699663,0,0,-0.15,0,2.748,1286.2,1324.7,833.6,41.66,41.529999,69.800003,18.940001,0.83,68.779999,44.490002,100.120003,28.01,160.190002,82.809998
5/17/19,0.104056696,0.164814815,0,0.0875,0.078263251,0,2.7385,1275.7,1305.8,820.3,42.700001,40.25,69.43,19.02,0.79,66.449997,43.389999,97.339996,27.5,156.529999,81.5
5/18/19,,,,,,,,,,,42.700001,40.25,69.43,19.02,0.79,66.449997,43.389999,97.339996,27.5,156.529999,81.5
5/19/18,,,,,,,,,,,40.349998,38.66,68,18.959999,0.79,66.730003,43.080002,95.470001,26.68,151.75,76.620003
5/20/19,0.03550738,0.126547872,0,0,0,-0.006224122,2.726,1277.3,1331,814.2,40.349998,38.66,68,18.959999,0.79,66.730003,43.080002,95.470001,26.68,151.75,76.620003
5/21/19,0.057269864,0.115187027,0,0,-0.023843717,-0.018336078,2.715,1273.2,1312.5,815.4,41.27,39.299999,69.650002,19.440001,0.78,68.160004,43.93,97.019997,27.35,155.059998,77.75
5/22/19,0.097638889,0.071087191,0,0,0,-0.003923397,2.678,1274.2,1313.5,805.3,40.490002,38.900002,69,19.200001,0.78,66.410004,43.009998,96.730003,27.41,152.199997,69.309998
5/23/19,0.089228482,0.030609101,0.200516529,0.183482254,0,0.03551903,2.6805,1291,1305.5,799.5,39.939999,38.07,65.699997,19.190001,0.73,64.959999,42.32,93.239998,26.360001,147.320007,68.260002
5/24/19,0.090703649,0.082332193,0,0,0,0.038324242,2.6995,1289.2,1324,802.9,39.5,38.200001,66.120003,20.030001,0.73,65.260002,42.419998,94.449997,26.440001,145.149994,66.209999
5/25/19,,,,,,,,,,,39.5,38.200001,66.120003,20.030001,0.73,65.260002,42.419998,94.449997,26.440001,145.149994,66.209999
5/26/19,,,,,,,,,,,39.009998,37.650002,66.410004,19.66,0.73,65.389999,42.110001,92.169998,29.049999,143.330002,65.370003
5/27/19,,,,,,,,,,,39.009998,37.650002,66.410004,19.66,0.73,65.389999,42.110001,92.169998,29.049999,143.330002,65.370003
5/28/19,0.06683659,0.130410013,0.267613636,0,0.034383307,0.057881653,2.696,1282.5,1336.7,797.1,39.009998,37.650002,66.410004,19.66,0.73,65.389999,42.110001,92.169998,29.049999,143.330002,65.370003
5/29/19,0.082744597,0.020170455,0,0.128242182,0.048061138,0.045589084,2.664,1286.3,1343.9,791.7,39.369999,37.689999,66.199997,19,0.72,64.589996,41.959999,92.449997,28.09,140.339996,65.760002
5/30/19,0.035601977,0.104246542,0.123800991,0.169253479,0.062896825,-0.079513889,2.6605,1287.1,1369.8,792.5,39.75,38.040001,66.410004,19.139999,0.71,64.559998,41.93,92.389999,28.030001,139.110001,66.589996
5/31/19,0,0,0,0,0,0,2.64,1311.1,1331.5,794.2,38.689999,38.349998,59.549999,18.68,0.71,62.66,40.84,86.709999,27.41,135.460007,66.82
6/1/19,,,,,,,,,,,38.689999,38.349998,59.549999,18.68,0.71,62.66,40.84,86.709999,27.41,135.460007,66.82
6/2/19,,,,,,,,,,,38.689999,38.349998,59.549999,18.68,0.71,62.66,40.84,86.709999,27.41,135.460007,66.82
6/3/19,0.125666673,0.051527106,0.125666673,0.093657523,0.05577664,0.061829049,2.65,1327.9,1315,820.9,38.779999,38.82,55.860001,18.66,0.71,63.560001,41.18,87.629997,27.58,133.779999,66.660004
6/4/19,0.096779868,0.059301769,0,0.196490046,0.05153911,0.17153635,2.6735,1323.4,1337.1,817.4,40.419998,39.060001,57.68,19.389999,0.68,66.339996,42.619999,90.870003,29.57,143,68.449997
6/5/19,0.057997535,0.056041095,0,0,0.078935658,0.097837753,2.623,1333.6,1327.3,802.8,40.59,38.23,54.5,19.559999,0.71,65.800003,42.52,88.870003,29.5,141.279999,67.019997
6/6/19,0.076680572,0.056727363,0,0.173487015,0.09858608,0.122357714,2.6505,1342.7,1349.1,803.7,41.380001,38.439999,53.23,19.66,0.71,65.769997,42.860001,89.449997,31.82,143.779999,67.589996
6/7/19,0.062886598,0.024483165,0,0.077775323,0.072363124,0.055597763,2.6275,1346.1,1356,806.1,41.509998,38.82,54.299999,19.709999,0.72,66.580002,43.610001,89.190002,32.41,145.5,68.690002
06/08/019,,,,,,,,,,,41.509998,38.82,54.299999,19.709999,0.72,66.580002,43.610001,89.190002,32.41,145.5,68.690002
6/9/19,,,,,,,,,,,43.139999,39.619999,54.200001,19.879999,0.73,68.470001,44.310001,91.629997,33.23,148.429993,70.540001
6/10/19,0.042172665,-0.00868249,0,0.072956455,0,-0.023447529,2.6615,1329.3,1386.8,805.2,43.139999,39.619999,54.200001,19.879999,0.73,68.470001,44.310001,91.629997,33.23,148.429993,70.540001
6/11/19,0.0649758,0.090506598,0.127554113,0.192659392,0.095865791,0.095196481,2.6715,1331.2,1389.2,814.3,43.75,39.959999,54.34,19.860001,0.75,69.669998,44.57,93.209999,32.41,150.75,71.239998
6/12/19,0.115137974,0.075612351,0,0.143421053,0,0.033407707,2.654,1336.8,1405.6,810.5,41.5,39.459999,53.029999,19.92,0.76,68.440002,44.34,92.879997,32.18,146.199997,69.589996
6/13/19,0.042718596,0.052578439,0,0,0.298484848,-0.05,2.6565,1343.7,1438.2,809.4,41.650002,39.450001,53.830002,19.99,0.75,69.160004,44.419998,94.769997,31.389999,148.259995,69.93
6/14/19,0.074978643,0.059917249,-0.1,0.133190924,-0.1,0.019689324,2.631,1344.5,1461.5,804.7,41.23,37.84,51.32,19.91,0.71,67.099998,43.34,92.480003,30.360001,144.639999,68.720001
6/15/19,,,,,,,,,,,40.5,37.66,50.630001,19.9,0.71,66.989998,42.779999,92,29.200001,145.029999,69.110001
6/16/19,,,,,,,,,,,40.5,37.66,50.630001,19.9,0.71,66.989998,42.779999,92,29.200001,145.029999,69.110001
6/17/19,0.075,0,0,0,0,0.007288201,2.6465,1342.9,1455.5,794.6,40.5,37.66,50.630001,19.9,0.71,66.989998,42.779999,92,29.200001,145.029999,69.110001
6/18/19,0.086272093,0,0.080239644,0.114324808,0,0.135797261,2.7025,1350.7,1473.3,802,42.310001,39.209999,51.509998,20.52,0.71,68.610001,43.43,94.519997,30.450001,152.880005,71.959999
6/19/19,0.140435542,0.106586224,0,0.060714286,0,0.069503555,2.6805,1348.8,1492.6,805.8,42.529999,39.400002,53.419998,20.629999,0.71,69.260002,43.75,94.410004,30.5,153.119995,71.800003
6/20/19,0.106255288,0.027102706,0.096608991,0.125001481,0,-0.00999587,2.712,1396.9,1480.6,805.6,43.209999,40.509998,54.41,20.860001,0.76,69.919998,43.779999,95.32,30.01,154.100006,72.739998
6/21/19,0.095420912,0.006251323,0.190496829,0.096240055,0,0.082879953,2.704,1400.1,1499.6,811,42.959999,40.52,53.990002,20.700001,0.76,69.75,43,93.959999,29.1,151.759995,72.720001
6/22/19,,,,,,,,,,,42.959999,40.52,53.990002,20.700001,0.76,69.75,43,93.959999,29.1,151.759995,72.720001
6/23/19,,,,,,,,,,,42.330002,39.98,53.299999,20.66,0.75,69.480003,42.900002,92.419998,29.26,152.660004,73.160004
6/24/19,0.079584214,-0.008818164,0.163752643,0.168689417,0.066710526,0.102329445,2.705,1418.2,1528.6,816.3,42.330002,39.98,53.299999,20.66,0.75,69.480003,42.900002,92.419998,29.26,152.660004,73.160004
6/25/19,0.058504767,0.059227671,0.075,0,0.082734243,-0.021212121,2.735,1418.7,1532.5,814.5,41.98,38.919998,52.310001,20.6,0.76,69.870003,43.119999,92.019997,28.860001,151.479996,72.550003
6/26/19,0.115478502,0.005770895,0.116451306,0.120238095,0,0.067604947,2.711,1411.6,1518,817.1,43.580002,39.080002,53.23,20.790001,0.76,70.089996,43.68,99.379997,29.92,159.259995,74.949997
6/27/19,0.21080801,0.03015392,0,0,0.085279452,0.040519481,2.7165,1412,1538.9,817.5,44.689999,39.59,52.209999,20.74,0.77,70.790001,44.790001,98.050003,30.74,163.229996,75.43
6/28/19,0.166519234,0.067167709,0,0,0.022824991,-0.009477814,2.7055,1409.7,1532.4,835.5,44.91,39.169998,50.799999,20.790001,0.77,71.269997,45.27,98.400002,30.370001,164.229996,76.07
7/1/19,0.150146655,0,0,0.11879844,0.100990358,0.042675449,2.6795,1385.6,1539.1,831.1,45.68,41.380001,51.560001,20.99,0.8,72.019997,45.59,100.800003,31.200001,166.169998,77.519997
7/2/19,0.020107343,0,0.4875,0.093597562,0,-0.015333333,2.664,1408,1552.8,833.5,44.66,40.799999,52.18,21.059999,0.79,69.980003,44.470001,99.629997,31.24,162.229996,77.010002
7/3/19,0.075374168,0.043914883,0,0.01714745,0.06264366,0.116666667,2.683,1420.9,1565.8,843.6,44.669998,40.330002,52.919998,21.16,0.79,71.129997,45.110001,100.089996,31.190001,162.75,76.629997
7/4/19,,,,,,,,,,,44.669998,40.330002,52.919998,21.16,0.79,71.129997,45.110001,100.089996,31.190001,162.75,76.629997
7/5/19,0.074356685,0.06760439,0.123381366,-0.00952381,0.019759236,0.052181638,2.661,1400.1,1564.2,811.4,43.98,39.93,52.369999,21.16,0.8,71.230003,44.759998,102.019997,31.5,160.229996,76.660004
7/6/19,,,,,,,,,,,43.450001,39.32,51.290001,20.74,0.77,68.449997,43.91,98.5,32.040001,157.210007,76.629997
7/7/19,,,,,,,,,,,43.450001,39.32,51.290001,20.74,0.77,68.449997,43.91,98.5,32.040001,157.210007,76.629997
7/8/19,0.088627646,0.06504329,0.109191919,0,0,0.035718784,2.659,1400,1558.2,820.4,43.450001,39.32,51.290001,20.74,0.77,68.449997,43.91,98.5,32.040001,157.210007,76.629997
7/9/19,0.083076387,0.137777778,0,0.122861014,0.125301633,0.011451693,2.625,1400.5,1539.9,815.1,43.970001,39.669998,51.099998,20.629999,0.77,68.949997,43.889999,96.730003,33.150002,157.309998,76.550003
7/10/19,0.077173485,0.066890783,0.154709957,0,-0.050820225,0.13753786,2.694,1412.5,1588.1,830,44.720001,40.709999,52.290001,20.59,0.78,68.910004,43.580002,96.089996,33.790001,160.059998,74.360001
7/11/19,0.092728395,0.005996473,0,0.174400569,0.092609282,0.065617993,2.6875,1406.7,1559.1,830.9,45.279999,40.900002,53.48,20.85,0.78,67.300003,42.68,93.82,33.060001,166.279999,73.709999
7/12/19,0.078131668,0.046062944,0,0,0.011280227,0.087777116,2.694,1412.2,1542.4,834.6,46.509998,41.23,53.779999,21.23,0.78,68.949997,43.490002,96.059998,33.209999,167.610001,74.900002
7/13/19,,,,,,,,,,,46.509998,41.23,53.779999,21.23,0.78,68.949997,43.490002,96.059998,33.209999,167.610001,74.900002
7/14/19,,,,,,,,,,,46.279999,41.82,55.220001,21.35,0.8,68.900002,43.57,96,34.389999,167.270004,75.43
7/15/19,0,0,0,0,0,0,2.711,1413.5,1562.9,845.2,46.279999,41.82,55.220001,21.35,0.8,68.900002,43.57,96,34.389999,167.270004,75.43
7/16/19,0.020935847,0,0,0.085463659,0.120071068,0,2.7,1411.2,1516.3,846.9,46.009998,41.77,56.009998,21.309999,0.82,67.650002,43.290001,95.43,33.849998,167.080002,75.669998
7/17/19,0.078551463,0,0.075989493,0.138116207,0.048898792,0,2.71,1421.3,1539.7,841.7,46.220001,41.630001,56.5,21.18,0.82,66.860001,43.080002,95.269997,33.599998,169.710007,75.760002
7/18/19,0.064404128,0.019572395,-0.024722222,0.087706444,-0.009013647,0,2.71,1428.1,1511.9,849.9,48.169998,43.189999,57.389999,21.379999,0.82,67.25,43.189999,95.540001,33,170.179993,74.370003
7/19/19,0.088517354,0.058834138,0.013856937,0.125407938,0.008833795,0,2.7525,1426.7,1508.3,852.1,47.810001,43.830002,56.799999,21.389999,0.81,67.669998,43.509998,95.379997,32.509998,168.440002,75
7/20/19,,,,,,,,,,,47.810001,43.830002,56.799999,21.389999,0.81,67.669998,43.509998,95.379997,32.509998,168.440002,75
7/21/19,,,,,,,,,,,50.73,44.599998,56.419998,21.440001,0.81,68.830002,44.060001,96.300003,32.849998,171.320007,75.949997
7/22/19,0.042809719,0.009444444,0.00811142,0,0,0,2.722,1426.9,1529.2,852.7,50.73,44.599998,56.419998,21.440001,0.81,68.830002,44.060001,96.300003,32.849998,171.320007,75.949997
7/23/19,-0.046409585,0.013016745,0,0.174930298,0.061926911,0.12176302,2.7,1421.7,1518.6,861.6,51.029999,44.419998,55.459999,21.629999,0.82,69.720001,44.619999,98.169998,33.490002,175.660004,74.120003
7/24/19,0.138217648,-0.011136364,0,0.200548685,0.087107901,0.094865049,2.712,1436.5,1538.5,881.1,52.139999,44.540001,56.220001,21.57,0.82,71.809998,45.84,100.349998,34.110001,178.660004,75.870003
7/25/19,0,0.152867965,0,0.078293704,0.032583057,0.103368163,2.7035,1427.5,1533.9,874,50.82,43.619999,55.07,21.33,0.82,71.150002,44.830002,99.230003,33.669998,173.380005,75.349998
7/26/19,0.117296614,-0.069419356,0,0.101285173,0,0.114136769,2.685,1432.2,1527.5,862.7,50.740002,43.459999,55.279999,21.52,0.82,71.709999,45.5,99.949997,34.02,175.070007,75.220001
7/27/19,,,,,,,,,,,50.740002,43.459999,55.279999,21.52,0.82,71.709999,45.5,99.949997,34.02,175.070007,75.220001
7/28/19,,,,,,,,,,,50.669998,43.939999,55.970001,21.5,0.82,71.839996,45.790001,100.239998,33.48,174.820007,74.970001
7/29/19,0.077868795,0.015800866,0,0,0,-0.018217893,2.7175,1433.3,1553.8,881.9,50.669998,43.939999,55.970001,21.5,0.82,71.839996,45.790001,100.239998,33.48,174.820007,74.970001
7/30/19,0.078233666,-0.020833333,0.126907517,0.137073326,0.022328283,0.032114096,2.6785,1441.8,1509.1,872.6,50.73,43.110001,57.23,21.540001,0.82,72.629997,45.720001,100.860001,33.869999,175.449997,74.809998
7/31/19,0,0,0,0,0,0,2.666,1437.8,1524.4,878.9,49.369999,42.630001,57.740002,21.040001,0.8,72.610001,45.419998,98.540001,30.450001,168.720001,73.160004
8/1/19,0.084170565,0,0.147510823,0.146472134,0.014612571,0.085924205,2.6655,1432.4,1414.3,851.3,48.470001,41.869999,57.689999,20.99,0.78,71.910004,44.790001,95.959999,29.860001,164.919998,71.199997
8/2/19,0,0,0.139509236,0.140579484,0.08470225,0.015412288,2.5715,1457.5,1404.2,853,47.549999,41.650002,52.41,20.139999,0.74,70.410004,43.419998,90.839996,29.440001,161.190002,71.150002
8/3/19,,,,,,,,,,,47.549999,41.650002,52.41,20.139999,0.74,70.410004,43.419998,90.839996,29.440001,161.190002,71.150002
8/4/19,,,,,,,,,,,45.459999,39.869999,50.419998,19.16,0.74,68.860001,41.189999,85.580002,27.99,150.789993,68.800003
8/5/19,0.029393939,-0.133333333,0,0,0.100358174,0.00560396,2.537,1464.6,1416.3,857.9,45.459999,39.869999,50.419998,19.16,0.74,68.860001,41.189999,85.580002,27.99,150.789993,68.800003
8/6/19,-0.033333333,0.139583333,-0.000804924,0.136575713,0.149525662,0.004588586,2.5575,1484.2,1437,853.2,46.330002,41.259998,50.77,19.25,0.74,67.849998,41.799999,84.900002,28.860001,152.350006,68.169998
8/7/19,0.04576461,0.030868737,0,0.076327254,0.073191935,-0.096527778,2.565,1507.3,1405.1,868.3,46.68,41.259998,50.380001,19.09,0.72,67.879997,41.790001,84.870003,29.190001,153.889999,69.400002
8/8/19,-0.021622532,0.067304346,0,0.109921202,0.068032342,0.12596284,2.6075,1509.5,1413.5,867.5,47.860001,41.900002,51.330002,19.530001,0.72,69.779999,42.91,86.410004,33.919998,158.259995,71.260002
8/9/19,0.069407647,0.058857132,0,0,0,0.058348917,2.589,1508.5,1419.3,863.8,47.150002,41.41,50.43,19.280001,0.72,68.739998,41.32,84.849998,34.189999,154.179993,71.5
8/10/19,,,,,,,,,,,47.150002,41.41,50.43,19.280001,0.72,68.739998,41.32,84.849998,34.189999,154.179993,71.5
8/11/19,,,,,,,,,,,46.459999,40.959999,49.509998,18.940001,0.72,67.910004,40.720001,83.150002,32.43,151.449997,69.800003
8/12/19,0.037732988,0.050606597,0,0.2202331,0,0.013782209,2.585,1517.2,1430.8,863.7,46.459999,40.959999,49.509998,18.940001,0.72,67.910004,40.720001,83.150002,32.43,151.449997,69.800003
8/13/19,0.072251624,0.027763605,0.09694496,0.090684997,0.092640693,0.07062752,2.63,1514.1,1451.5,859.7,48.060001,41.84,49.52,19.540001,0.76,69.120003,41.34,85.239998,32.110001,156.050003,72.18
8/14/19,0.068746992,0.000911465,0.224801587,0.045241477,0.052861111,0.067827248,2.592,1527.8,1416.4,848,46.709999,40.43,48.599998,19.280001,0.76,66.68,39.720001,80.690002,30.24,150.070007,70.879997
8/15/19,0,0,0,0,0,0,2.595,1531.2,1438.6,842,47.16,40.860001,46.900002,18.629999,0.7,66.040001,39.32,79.300003,29.67,148.770004,71.160004
8/16/19,0.102257752,0,0,0,0.076766831,0.043353175,2.595,1523.6,1441.3,851.5,46.630001,41.540001,48.43,19.08,0.72,68.019997,40.990002,82.93,31.18,159.559998,73.279999
8/17/19,,,,,,,,,,,46.630001,41.540001,48.43,19.08,0.72,68.019997,40.990002,82.93,31.18,159.559998,73.279999
8/18/19,,,,,,,,,,,47.099998,41.779999,49.049999,19.209999,0.72,68.489998,41.599998,85.059998,31.48,170.779999,74.870003
8/19/19,0.218180381,0,0.144040404,0,0.095844616,0.04125659,2.608,1511.6,1474.3,856.8,47.099998,41.779999,49.049999,19.209999,0.72,68.489998,41.599998,85.059998,31.48,170.779999,74.870003
8/20/19,0.044719547,0,0,0.137210197,0.076461324,0.126205516,2.584,1515.7,1489.7,852.8,46.73,41.939999,48.470001,18.91,0.72,67.760002,41.150002,84,30.719999,167.869995,76.07
8/21/19,0.164318039,-0.029861111,0,0,0.044094161,-0.039435466,2.592,1515.7,1465.5,858.1,46.830002,42.580002,48.98,18.959999,0.69,68.660004,41.799999,84.980003,31.700001,171.229996,76.699997
8/22/19,-0.040542328,0.039273823,0,0.198611111,0.105136104,0.129384416,2.5535,1497.3,1484,859.3,47.029999,42.130001,49.040001,18.93,0.68,68.889999,42.209999,86.309998,31.9,171.479996,77.150002
8/23/19,0.030416667,0.075136461,0,0,0.088725047,0.059688719,2.5375,1537.6,1456.8,855.3,45.119999,40.950001,45.810001,17.809999,0.67,67.309998,40.5,83.239998,29.540001,162.440002,73.519997
8/24/19,,,,,,,,,,,45.119999,40.950001,45.810001,17.809999,0.67,67.309998,40.5,83.239998,29.540001,162.440002,73.519997
8/25/19,,,,,,,,,,,45.610001,41.34,46.41,17.84,0.67,68.07,40.84,83.879997,30.280001,165.449997,72.910004
8/26/19,0.056203704,0.081220594,0,0.163982365,0.04052159,0.163870866,2.55,1537.2,1474.9,857.8,45.610001,41.34,46.41,17.84,0.67,68.07,40.84,83.879997,30.280001,165.449997,72.910004
8/27/19,0.007542248,-0.032291667,0,0,0,-0.004818841,2.553,1551.8,1481,868.2,45.509998,41.349998,45.599998,17.73,0.68,67.379997,40.080002,79.900002,30.200001,161.800003,73.970001
8/28/19,0.025767463,0.100827417,0.118444405,0.025216103,-0.004897959,0.25,2.5645,1549.1,1462.5,908.9,45.900002,41.650002,45.299999,17.790001,0.65,67.349998,39.950001,80.839996,30.780001,161.220001,74.349998
8/29/19,0.095265362,-0.066666667,0,0.142651703,0.009978536,0.126923041,2.5775,1536.9,1471.5,920,47.310001,42.279999,46.77,18.09,0.65,69.190002,41.639999,84.010002,31.450001,167,76.449997
8/30/19,0,0,0,0,0,0,2.557,1529.2,1531,936.2,48.02,42.630001,51.529999,18.290001,0.65,69.199997,41.889999,83.809998,31.450001,167.509995,77.769997
9/1/19,,,,,,,,,,,48.02,42.630001,51.529999,18.290001,0.65,69.199997,41.889999,83.809998,31.450001,167.509995,77.769997
9/2/19,,,,,,,,,,,47.610001,41.720001,51.07,18.15,0.65,68.089996,41.669998,82.5,30.9,164.169998,75.120003
9/3/19,-0.029254079,-0.05,0,-0.125,0.152010995,0.10814464,2.528,1555.9,1535.2,955.6,47.610001,41.720001,51.07,18.15,0.65,68.089996,41.669998,82.5,30.9,164.169998,75.120003
9/4/19,0.037360396,0.003703704,0,0.073289488,0,0.149164805,2.595,1560.4,1552.1,984.2,49.509998,43.150002,51.200001,18.360001,0.68,69.730003,42.540001,85.489998,30.950001,168.759995,77.089996
9/5/19,0.083066618,0.091767461,0.100737374,0.171319166,0.050375044,0.008931578,2.642,1525.5,1561.1,963.7,50.349998,44.240002,52.919998,18.91,0.68,72.18,44,87.690002,31.5,179.740005,78.989998
9/6/19,0.055478018,-0.006427015,0.085592314,0.077645503,0.011642058,0.047772367,2.6155,1506.2,1544.1,956.9,50.099998,43.709999,53.360001,19.1,0.71,72.800003,43.82,90.589996,30.559999,178.649994,78.839996
9/7/19,,,,,,,,,,,50.099998,43.709999,53.360001,19.1,0.71,72.800003,43.82,90.589996,30.559999,178.649994,78.839996
9/8/19,,,,,,,,,,,50.66,43.849998,54.290001,19.01,0.71,74.220001,44.23,91.68,30.5,180.5,78.209999
9/9/19,0.192000891,-0.024206349,0,0.126956814,0.118859848,0.092917973,2.6275,1511.1,1536.8,952.7,50.66,43.849998,54.290001,19.01,0.71,74.220001,44.23,91.68,30.5,180.5,78.209999
9/10/19,0,0.058000851,0,0.054477679,0,0.03723954,2.628,1499.2,1554.1,936.6,50.189999,44.099998,55.48,18.99,0.72,75.599998,44.189999,93.879997,30.23,183.179993,78.709999
9/11/19,-0.1,0.086808954,0,0,0,0.073517828,2.6145,1503.2,1556.8,940.2,51.560001,44.220001,55.299999,19.059999,0.67,76.559998,44.849998,97.870003,29.76,184.330002,79.900002
9/12/19,0.081686926,0,0.169011247,0.080350877,0.097264465,0,2.6405,1507.4,1604.8,952.6,51.25,44.07,54.150002,18.75,0.72,77.360001,44.779999,98.110001,30.209999,184.270004,79.080002
9/13/19,0.1,-0.034359468,0,0.078181818,0,0.127887402,2.681,1490.9,1600.5,951.3,51.349998,44.740002,53.509998,19.08,0.72,76.620003,44.689999,97.32,30.690001,181.940002,78.410004
9/14/19,,,,,,,,,,,51.349998,44.740002,53.509998,19.08,0.72,76.620003,44.689999,97.32,30.690001,181.940002,78.410004
9/15/19,,,,,,,,,,,51.349998,44.740002,53.509998,19.08,0.72,76.620003,44.689999,97.32,30.690001,181.940002,78.410004
9/16/19,0.081549391,0,0.049162593,0,0,0.087485507,2.621,1503.1,1591.5,938.3,51.349998,44.740002,53.509998,19.08,0.72,76.620003,44.689999,97.32,30.690001,181.940002,78.410004
9/17/19,0.196597967,0,0.196597967,0.151646465,0.005884891,0.08010349,2.627,1513.4,1597.7,944.2,51.200001,45.130001,53.849998,18.870001,0.68,75.300003,44.02,95.93,30.99,181.070007,78.690002
9/18/19,0.09622534,0,-0.001736111,0.004410173,-0.045587607,0.073703671,2.613,1515.8,1582.2,934.6,52.09,45.040001,52.799999,18.709999,0.68,75.480003,44.09,96.919998,30.42,179.979996,78.900002
9/19/19,0.071769537,0,0.107070707,0,0.083342961,0.15664326,2.6085,1506.2,1612.6,942.4,51.68,44.900002,53.040001,18.75,0.68,74.800003,43.41,97.489998,30.290001,176.940002,78.230003
9/20/19,0.103388889,0.065654697,0,0,0.1493083,0.044138778,2.59,1507.3,1626.8,941.8,50.959999,43.869999,51.849998,18.469999,0.68,73.769997,43.299999,97.93,30.049999,172.690002,76.440002
9/21/19,,,,,,,,,,,,,,,,,,,,,
9/22/19,,,,,,,,,,,,,,,,,,,,,
9/23/19,-0.016483018,0.095934898,0,0.107402597,0,0.129893087,2.6115,1531.5,1625.6,960.8,51.759998,44.07,52.939999,18.52,0.69,74.620003,44.189999,97.839996,30.639999,174.839996,77.239998
9/24/19,0.068042037,0.127810394,0,0.139099118,0.078264791,-0.1,2.5895,1532.1,1648.2,953.8,51.16,44.119999,52.200001,18.15,0.67,73.440002,43.220001,95.75,29.52,172.529999,75.230003
9/25/19,0.093306003,0.084285714,0,0.112750659,-0.01919149,0.073335084,2.612,1512.3,1611.8,935.6,51.93,45.009998,53.740002,18.41,0.65,74.650002,44.200001,112.589996,29.540001,178.229996,77.260002
9/26/19,0.061847273,-0.009653817,0.08809257,0.116890037,0.127591232,0.016374074,2.5775,1515.2,1642.9,942.7,52.150002,46.459999,52.150002,18.42,0.67,74.449997,44.119999,113.669998,29.469999,177.339996,77.349998
9/27/19,0.145680616,-0.007886905,0.019539709,0.171454152,0.010333578,0.082879968,2.5975,1506.4,1652.9,936.1,49.43,45.509998,50.950001,18.530001,0.68,74.07,44.099998,112.510002,28.719999,171.759995,76.629997
9/29/19,,,,,,,,,,,49.43,45.509998,50.950001,18.530001,0.68,74.07,44.099998,112.510002,28.719999,171.759995,76.629997
9/30/19,0,0,0,0,0,0,2.5785,1472.9,1647.5,889.2,49.900002,46.48,51.860001,18.92,0.68,74.580002,44.490002,112.900002,28.99,174.070007,76.279999
10/1/19,0.107592759,0,0.147605861,0.104273483,0.112667053,0.186564161,2.5605,1489,1630.7,886.1,49.900002,46.48,51.860001,18.92,0.68,74.580002,44.490002,112.900002,28.99,174.070007,76.279999
10/2/19,0.050190058,0,0,0.104044802,0,-0.022676651,2.5615,1501,1666.9,888.3,50.02,47.189999,51.639999,18.59,0.65,72.989998,43.709999,110.349998,28.76,174,75.470001
10/3/19,0.184220251,0,0,0.140179193,0,0,2.5535,1513.8,1630.2,894,49.459999,46.43,50.779999,18.59,0.69,72.720001,43.310001,110.440002,28.309999,173.039993,73.989998
10/4/19,0,0.039684898,0,-0.040656566,0.098991036,0.117102616,2.5555,1506.2,1643.8,881.7,49.639999,47.130001,51.060001,18.4,0.7,72.839996,43.810001,110.110001,28.68,181.309998,75.730003
10/5/19,,,,,,,,,,,50.880001,47.419998,50.27,16.639999,0.69,74.330002,39.900002,111.790001,29.01,181.970001,77.489998
10/6/19,,,,,,,,,,,50.880001,47.419998,50.27,16.639999,0.69,74.330002,39.900002,111.790001,29.01,181.970001,77.489998
10/7/19,0.072706726,0.074400762,0.130491065,0,0,0.083991719,2.577,1504.4,1646.3,888.3,50.650002,47.950001,50.52,16.799999,0.69,72.720001,40.049999,113,28.93,184.330002,76.339996
10/8/19,0.015729501,0.01149871,0.053647082,0.045197025,0,0.121006535,2.5635,1497.2,1652.1,885.3,50.650002,47.950001,50.52,16.799999,0.69,72.720001,40.049999,113,28.93,184.330002,76.339996
10/9/19,0.131862366,0.103557676,0.182926739,0.158288933,0,0.088996221,2.568,1512.8,1654.7,896.7,49.310001,47.860001,48.810001,16.299999,0.65,71.32,39.209999,110.970001,28.23,177.229996,72.849998
10/10/19,-0.007255569,0.04691043,0.048174429,0.218789124,0.063433442,0.022025324,2.6135,1500.9,1675.9,907.9,50.84,48.68,49.459999,16.4,0.65,72.190002,39.560001,111.599998,28.459999,180.710007,74.349998
10/11/19,0.11070071,0.037489569,0.11070071,0.232058586,0,0.035921451,2.628,1488.7,1670.1,900.3,51.009998,48.93,49,16.030001,0.65,73.160004,39.830002,112.580002,28.379999,183.029999,74.970001
10/12/19,,,,,,,,,,,51.75,49.419998,50.299999,16.24,0.7,74.220001,40.34,113.769997,29.75,185.990005,76.699997
10/13/19,,,,,,,,,,,51.75,49.419998,50.299999,16.24,0.7,74.220001,40.34,113.769997,29.75,185.990005,76.699997
10/14/19,0.070329758,-0.045011181,0.073234807,0.142189186,0,0.10740483,2.634,1497.6,1687,899.4,51.939999,49.91,50.68,16.540001,0.68,73.889999,40.48,113.459999,30.530001,186.529999,76.300003
10/15/19,0,0,0,0,0,0,2.614,1483.5,1696.6,889.2,51.939999,49.91,50.68,16.540001,0.68,73.889999,40.48,113.459999,30.530001,186.529999,76.300003
10/16/19,0.076133352,0,0.092919441,0.148663004,0,0,2.5895,1494,1735,890.7,52.91,50.389999,51.130001,16.809999,0.68,74.900002,41.040001,114.43,30.719999,196.369995,77.82
10/17/19,0.135700942,-0.004333333,0.09554524,0,0.048425815,0.113640125,2.5975,1498.3,1730.7,893,51.560001,50.130001,50.540001,17.040001,0.68,75.639999,41.279999,115.870003,30.809999,194.210007,78.230003
10/18/19,0.1,-0.005854978,0.099363495,0,0.12205763,0.172469289,2.625,1488.2,1719,892.3,52.139999,49.75,50.369999,16.959999,0.69,76.050003,41.639999,117.459999,31.139999,194.289993,78.970001
10/19/19,,,,,,,,,,,51.68,49.279999,49.869999,16.85,0.71,75.639999,41.34,116.720001,30.969999,190.490005,77.68
10/20/19,,,,,,,,,,,51.68,49.279999,49.869999,16.85,0.71,75.639999,41.34,116.720001,30.969999,190.490005,77.68
10/21/19,0.097894968,0.055352132,0,0.067930185,0.097894968,0.113995486,2.6465,1488.1,1725.3,892.2,52.639999,50,49.990002,17,0.67,76.120003,41.509998,117.599998,32.029999,196.009995,78.980003
10/22/19,0.140227969,0.019914853,0,0,0,0.080178184,2.633,1487.5,1728.5,896,51.98,50.639999,49.98,17.120001,0.7,76.349998,41.369999,117.32,31.51,195.610001,78.470001
10/23/19,0.051997547,0.041354167,0.0244541,0.123364496,0.112117552,0.053877816,2.6715,1495.7,1714.6,922.4,50.529999,50.169998,50.299999,17.120001,0.7,76.580002,40.889999,118.150002,31.360001,195.089996,77.239998
10/24/19,0.048466593,0.064127648,0.218303672,0.104940348,0,0.080114734,2.668,1504.7,1747.9,925.1,55.07,50.950001,51.009998,17.120001,0.69,76.190002,40.380001,117.580002,31.719999,196.860001,78.989998
10/25/19,0.092222474,0.030121144,0.180851497,0,0.0194721,-0.025,2.6665,1499.5,1745.6,929.1,55.720001,51.130001,51.68,17.33,0.72,77.169998,39.169998,118.540001,32.709999,204.539993,80.169998
10/26/19,,,,,,,,,,,55.720001,51.130001,51.68,17.33,0.72,77.169998,39.169998,118.540001,32.709999,204.539993,80.169998
10/27/19,,,,,,,,,,,56.950001,51.310001,51.59,17.629999,0.72,77.629997,39.860001,119.470001,33.689999,206.789993,83.050003
10/28/19,0.098061489,0.132741074,0.096459131,0.008648399,0,-0.039772727,2.683,1495.8,1779.3,919,56.950001,51.310001,51.59,17.629999,0.72,77.629997,39.860001,119.470001,33.689999,206.789993,83.050003
10/29/19,0.114878144,0.182632795,0.114878144,0.142762268,0.084822482,0,2.6915,1490.7,1755.1,925.1,55.52,51.470001,53.25,17.6,0.7,78.290001,39.970001,119.68,33.029999,202.919998,81.660004
10/30/19,0.050453532,0.043819444,0.160714286,0.04977655,0.086510959,0.073605259,2.6805,1493.2,1794.6,926.6,55.209999,51.91,53.75,17.620001,0.73,78.199997,39.599998,118.599998,33.130001,203,81.440002
10/31/19,0,0,0,0,0,0,2.638,1514.8,1755.6,933.7,54.259998,51.630001,52.889999,17.370001,0.69,79.279999,39.560001,117.739998,33.93,201.020004,80.440002
11/1/19,0.077805612,0,0,0.078824536,0,0.16005563,2.651,1508,1786.8,950.3,55.459999,52.099998,53.240002,17.780001,0.71,81.080002,40.049999,118.349998,34.889999,202.589996,83.580002
11/2/19,,,,,,,,,,,55.740002,53.490002,53.84,18,0.75,81.889999,41.200001,120.669998,36.290001,210.5,85.089996
11/3/19,,,,,,,,,,,55.740002,53.490002,53.84,18,0.75,81.889999,41.200001,120.669998,36.290001,210.5,85.089996
11/4/19,0.035943635,0,0.166628469,0.026694024,0.089079995,0.248378466,2.671,1511.1,1752.8,938.7,55.740002,53.490002,53.84,18,0.75,81.889999,41.200001,120.669998,36.290001,210.5,85.089996
11/5/19,0.361111111,0,0,0.07980689,0,-0.005941908,2.7005,1483.7,1746.7,930.6,55.880001,53.549999,54.43,18.4,0.77,82.580002,41.52,120.830002,36.150002,209.610001,85.459999
11/6/19,0,0,0,0.146762852,0,-0.000429258,2.665,1493.1,1761.1,931.7,55.82,53.639999,54.330002,19.57,0.77,82.040001,41.029999,118.989998,35.93,207.630005,84.629997
11/7/19,0.121370322,0.138217489,0,0.124754576,0.079018465,0.065186165,2.724,1464.2,1780.3,910.6,55.939999,53.669998,54.310001,19.389999,0.79,81.790001,41.860001,120.309998,36.279999,208.339996,89.980003
11/8/19,0.060499249,0.089928715,0.269130202,0.109046115,0,0.073346592,2.678,1461.3,1711.1,889.4,56.029999,52.830002,54.310001,19.52,0.75,81.730003,41.950001,119.220001,36.290001,207.779999,94.029999
11/9/19,,,,,,,,,,,56.029999,52.830002,54.310001,19.52,0.75,81.730003,41.950001,119.220001,36.290001,207.779999,94.029999
11/10/19,,,,,,,,,,,56.029999,52.830002,54.310001,19.52,0.75,81.730003,41.950001,119.220001,36.290001,207.779999,94.029999
11/11/19,0.165974609,0.050925647,0.191498538,0.146646365,-0.038916546,0.04478859,2.664,1457.1,1656,880.6,56.59,52.599998,54.52,19.639999,0.73,81.239998,41.400002,118.519997,36.310001,208.179993,91.839996
11/12/19,0.072577544,0.004436692,0,0.107070513,0,0.1380233,2.642,1452.1,1672.6,866.6,56.419998,52.150002,55.43,19.530001,0.73,80.599998,40.970001,117.019997,36.709999,209.610001,90.970001
11/13/19,0.001997733,-0.01440942,0,0.057666667,0,0.084859608,2.6395,1463.3,1675.1,874.8,57.119999,52.880001,54.779999,19.530001,0.72,80.120003,40.98,118.029999,37.52,208.570007,90.470001
11/14/19,0.075,0.042677875,0,0.089681818,-0.020247934,0.03177381,2.635,1473.4,1702.1,882.8,56.959999,52.48,55.049999,20.129999,0.71,80.010002,40.560001,117.580002,38.349998,209.789993,90.480003
11/15/19,0,0,0,0,0,0,2.635,1467.3,1685,891.5,62.060001,53.290001,55.639999,20.18,0.72,80.07,41.009998,121.25,38.560001,204.190002,90.809998
11/16/19,,,,,,,,,,,62.060001,53.290001,55.639999,20.18,0.72,80.07,41.009998,121.25,38.560001,204.190002,90.809998
11/17/19,,,,,,,,,,,62.349998,53.419998,55.57,20.01,0.73,79.449997,40.57,119.089996,39.880001,212.279999,90.480003
11/18/19,0,0,0,0,0,0,2.634,1471.9,1704.4,895,62.349998,53.419998,55.57,20.01,0.73,79.449997,40.57,119.089996,39.880001,212.279999,90.480003
11/19/19,0,0,0,0,0,0,2.6535,1473.3,1739.9,909.1,60.939999,53.759998,56.209999,20.110001,0.72,79.25,40.529999,119.309998,41.290001,207.990005,87.959999
11/20/19,0,0,0,0,0,0,2.6465,1470,1744.3,917.2,59.650002,53.5,55.27,19.700001,0.72,78.839996,40.419998,118.889999,40.98,211.179993,85.620003
11/21/19,0,0,0,0,0,0,2.636,1470.5,1731.9,917.5,56.439999,52.98,53.709999,19.65,0.7,79.279999,40.619999,120.620003,39.52,210.179993,85.110001
11/22/19,0,0,0,0,0,0,2.659,1468.8,1745.9,889.8,55.939999,52.790001,53.610001,19.940001,0.7,79.300003,40.400002,120.889999,39.150002,210.889999,84.889999
11/23/19,,,,,,,,,,,55.939999,52.790001,53.610001,19.940001,0.7,79.300003,40.400002,120.889999,39.150002,210.889999,84.889999
11/24/19,,,,,,,,,,,58.279999,53.759998,55.060001,20.15,0.75,80.540001,41.07,123.309998,39.790001,221.210007,85.290001
11/25/19,0,0,0,0,0,0,2.662,1463.8,1772,900.4,58.279999,53.759998,55.060001,20.15,0.75,80.540001,41.07,123.309998,39.790001,221.210007,85.290001
11/26/19,0,0,0,0,0,0,2.6975,1467.4,1782,911.7,57.57,53.630001,53.189999,20.059999,0.73,80.150002,41.099998,122.879997,38.990002,217,84.629997
11/27/19,0,0,0,0,0,0,2.6745,1453.4,1811.4,892.9,58.290001,53.889999,50.32,19.790001,0.67,80.559998,41.32,123.75,39.41,218.240005,84.800003
11/18/19,,,,,,,,,,,57.900002,53.09,48.490002,20.08,0.67,79.639999,40.650002,122.809998,39.150002,216.740005,83.550003
11/29/19,0,0,0,0,0,0,2.6615,1472.7,1810.1,900.4,57.900002,53.09,48.490002,20.08,0.67,79.639999,40.650002,122.809998,39.150002,216.740005,83.550003
11/30/19,,,,,,,,,,,57.900002,53.09,48.490002,20.08,0.67,79.639999,40.650002,122.809998,39.150002,216.740005,83.550003
12/1/19,,,,,,,,,,,56.700001,52.98,47.720001,19.83,0.67,79.849998,40.700001,123.230003,38.73,209.25,82.449997
12/2/19,0.060599593,0,0,0.148958605,0,0.062151935,2.6505,1469.2,1824.7,899.7,56.700001,52.98,47.720001,19.83,0.67,79.849998,40.700001,123.230003,38.73,209.25,82.449997
12/3/19,0.024342542,0,-0.025865801,0.070008077,0,0.060355191,2.608,1478.2,1828.2,909.2,55.34,52.779999,47.400002,19.629999,0.62,79.410004,39.5,121.389999,38.900002,207.660004,80.580002
12/4/19,0.141919192,-0.033680556,0.075,0.09092329,0.091463217,0.079852573,2.659,1480.2,1845.4,901.8,56.09,53.18,47.68,20.040001,0.64,80.5,40.630001,124,39.689999,209.419998,82.080002
12/5/19,0,0.039363725,0.237705255,0.196230269,0,-0.044158066,2.663,1483.1,1845.7,900.6,55.84,54.400002,47.34,20.32,0.63,81.160004,41.080002,125.089996,39.619999,208.740005,82.589996
12/6/19,0.058870436,-0.02912037,0.091968553,0.2125,0,0.146989374,2.711,1459.1,1844.2,896.8,56.599998,54.939999,47.119999,20.5,0.64,82.349998,41.369999,125.769997,39.630001,212.169998,83.82
12/17/19,,,,,,,,,,,56.599998,54.939999,47.119999,20.5,0.64,82.349998,41.369999,125.769997,39.630001,212.169998,83.82
12/8/19,,,,,,,,,,,56.599998,54.459999,47.650002,20.469999,0.63,82.18,40.990002,125.620003,38.93,212.169998,84.919998
12/9/19,0.042509014,0.144422378,0,0.154163908,0,0.09250163,2.7585,1464.9,1856.6,898.5,56.599998,54.459999,47.650002,20.469999,0.63,82.18,40.990002,125.620003,38.93,212.169998,84.919998
12/10/19,0.060864198,0.082528683,0,0.09329349,0,0.264545455,2.7555,1462.6,1871.3,920.5,56.619999,54.52,47.360001,20.200001,0.64,82.5,41,125.839996,39.439999,213.979996,84.120003
12/11/19,0.0999607,0.045474811,0,0.158874459,0,0.087983777,2.7895,1475,1885.1,939.5,59.040001,55.900002,47.709999,20.07,0.65,83.290001,41.700001,127.110001,39.470001,217.339996,86.989998
12/12/19,0.007192921,0.150999413,0,0,0,0.090312626,2.7965,1472.3,1914.2,944.8,60.360001,58.610001,49.5,20.43,0.68,85.120003,42.619999,128.990005,42.59,224.070007,89.050003
12/13/19,0,0.133923015,0,0.117844894,0,0.29,2.7805,1475.6,1890.4,926.7,59.869999,58.25,49.349998,20.35,0.67,84.449997,42.290001,127.110001,41.150002,223.990005,87.830002