Date,,Volume,Open,High,Low
12/15/14,,145843,1222,1225,1191.3
12/16/14,,221571,1195.4,1223.9,1187.8
12/17/14,,154962,1195.3,1203.1,1182
12/18/14,,129127,1189.4,1213.9,1188.5
12/19/14,,68747,1198,1201.5,1193.2
12/22/14,,122922,1196,1203.6,1170.7
12/23/14,,92893,1176.1,1184.9,1172.4
12/24/14,,40192,1176.8,1181.2,1172.7
12/26/14,,65571,1175.2,1199.1,1175.2
12/29/14,,78521,1194.9,1197.5,1178.6
12/30/14,,131961,1182.9,1210.9,1180.5
12/31/14,,67231,1199.8,1203.9,1179.5
1/2/15,,112280,1184,1194.9,1167.3
1/5/15,,142942,1187.8,1207.5,1177.8
1/6/15,,180653,1204,1223.3,1201.6
1/7/15,,111150,1219,1219.4,1209.1
1/8/15,,113091,1211,1216.8,1204.2
1/9/15,,148809,1208.9,1224,1207
1/12/15,,132313,1223,1236,1217.5
1/13/15,,168374,1233.1,1244.5,1227.4
1/14/15,,184208,1231.2,1244.6,1224.9
1/15/15,,272750,1229.7,1267.2,1226.1
1/16/15,,204198,1263.5,1282.4,1255.2
1/20/15,,231185,1276.3,1297.2,1272.1
1/21/15,,195098,1295.3,1307,1284.6
1/22/15,,198887,1293.7,1307.8,1279.1
1/23/15,,140604,1301.5,1302.9,1284.3
1/26/15,,157859,1292.8,1299.2,1275.6
1/27/15,,84273,1281.9,1298.6,1273
1/28/15,,140642,1293.5,1294.6,1280.2
1/29/15,,233577,1284,1286.6,1252.1
1/30/15,,156292,1259,1285.4,1257.5
2/2/15,,111408,1283,1283.9,1266.5
2/3/15,,166935,1275.6,1286.5,1255.8
2/4/15,,127140,1261.5,1273.3,1256.9
2/5/15,,105045,1270.4,1274.6,1256.1
2/6/15,,189154,1266.4,1269,1228.2
2/9/15,,86101,1235.9,1243.6,1234.4
2/10/15,,92110,1238.3,1245.9,1230.6
2/11/15,,109012,1234.1,1238.7,1216.5
2/12/15,,103350,1222.9,1232.8,1218
2/13/15,,90256,1223,1234.9,1222.5
2/17/15,,172721,1230.9,1236.7,1203.3
2/18/15,,114178,1209.3,1213.4,1197.2
2/19/15,,105113,1209,1222.9,1205.2
2/20/15,,103062,1208,1215.3,1197.7
2/23/15,,108517,1203.5,1210.3,1190.6
2/24/15,,109440,1201.9,1204.4,1190
2/25/15,,97588,1200.8,1211.7,1200.7
2/26/15,,122100,1203.9,1219.9,1203.4
2/27/15,,107382,1208.8,1219.2,1204.1
3/2/15,,128222,1213.8,1223,1204.2
3/3/15,,146874,1206.1,1214.4,1194.6
3/4/15,,99539,1203.8,1208.4,1197.7
3/5/15,,125564,1200.2,1208.9,1195.8
3/6/15,,204043,1197.5,1200,1162.9
3/9/15,,112018,1169.6,1174.4,1164.8
3/10/15,,170223,1165.6,1169.6,1153.8
3/11/15,,152874,1161.1,1164.3,1146.5
3/12/15,,151499,1153.7,1165.7,1147.5
3/13/15,,113141,1152.6,1160.9,1150.4
3/16/15,,114195,1157.9,1163.3,1149.3
3/17/15,,149286,1153.7,1159.3,1141.6
3/18/15,,180295,1148.1,1175.1,1144.9
3/19/15,,150727,1166.1,1177,1158.6
3/20/15,,155233,1170.4,1187.4,1167.9
3/23/15,,157085,1183.2,1191,1178.6
3/24/15,,153651,1188.5,1194.5,1184.7
3/25/15,,171373,1192.5,1199.3,1186.1
3/26/15,,112028,1196.1,1220.4,1194.8
3/27/15,,128583,1204.6,1206.6,1192.6
3/30/15,,122724,1198.6,1199.6,1182.2
3/31/15,,112462,1185.5,1190.6,1178.2
4/1/15,,141610,1183.2,1208.7,1180.5
4/2/15,,108884,1204.3,1207.4,1194.8
4/6/15,,101351,1212.6,1224.5,1212.6
4/7/15,,80561,1208.6,1215.9,1207.5
4/8/15,,112371,1208.7,1212.5,1197.4
4/9/15,,104647,1202.6,1203.3,1192.4
4/10/15,,116251,1193.8,1210.6,1192.9
4/13/15,,105226,1207.2,1209.3,1196.1
4/14/15,,153692,1198.8,1201.3,1183.5
4/15/15,,123923,1192.2,1204.4,1188.3
4/16/15,,151984,1201.8,1208.8,1194.3
4/17/15,,107912,1198.6,1207.8,1197
4/20/15,,126703,1204.4,1209,1190.8
4/21/15,,97120,1195.8,1203.7,1192.5
4/22/15,,146503,1202.2,1204.4,1185
4/23/15,,110608,1186.9,1197.4,1183.6
4/24/15,,149522,1193,1195.4,1174.1
4/27/15,,195125,1179.3,1206.7,1177.6
4/28/15,,145628,1201.6,1214.9,1198.6
4/29/15,,134603,1211.4,1213.5,1200.7
4/30/15,,196278,1204.5,1207.4,1176
5/1/15,,112452,1183.7,1184.4,1168.4
5/4/15,,104106,1176.6,1192.1,1176.6
5/5/15,,105898,1187.5,1199.3,1184.9
5/6/15,,103539,1192.5,1196.9,1187.4
5/7/15,,127213,1191.3,1192,1177.9
5/8/15,,134106,1183.7,1193,1180.5
5/11/15,,123351,1189,1190.9,1178
5/12/15,,133063,1182.5,1196.3,1179.7
5/13/15,,225506,1192.5,1218.5,1190.4
5/14/15,,162990,1215,1227.7,1211.9
5/15/15,,128557,1220.9,1225.8,1210.6
5/18/15,,112075,1225.4,1232,1221.2
5/19/15,,167820,1225.4,1225.5,1205.1
5/20/15,,119129,1207.7,1213.2,1202.7
5/21/15,,116552,1209.4,1212.4,1201
5/22/15,,138192,1206,1214.6,1201
5/26/15,,91910,1207.3,1208.9,1185.6
5/27/15,,139297,1187.5,1191.3,1183.9
5/28/15,,141607,1188,1192.8,1180.2
5/29/15,,97474,1188.1,1194.4,1186
6/1/15,,162133,1189.8,1204.7,1184
6/2/15,,106711,1189.5,1196.4,1185.8
6/3/15,,117094,1193.8,1195.6,1179.1
6/4/15,,144559,1185.8,1186.6,1172.4
6/5/15,,142628,1176.5,1178,1162.1
6/8/15,,100756,1170.8,1177.1,1168.5
6/9/15,,87429,1173.2,1182.3,1171.8
6/10/15,,116677,1175.8,1191.8,1174.3
6/11/15,,101075,1185.7,1187.4,1174.8
6/12/15,,80500,1180.8,1183.7,1175.6
6/15/15,,124584,1180,1190.2,1171.9
6/16/15,,93967,1185.3,1187.4,1175.4
6/17/15,,96054,1181.1,1188.8,1173.9
6/18/15,,174738,1184.2,1205.7,1183.1
6/19/15,,79570,1201.8,1204,1198
6/22/15,,116780,1199.7,1200.8,1181.6
6/23/15,,106625,1185.3,1187.7,1175.6
6/24/15,,110046,1177.6,1179.7,1168.1
6/25/15,,80598,1174.1,1177.3,1170.5
6/26/15,,99904,1172.5,1178,1167.1
6/29/15,,136394,1182.5,1187.6,1173.2
6/30/15,,139830,1179.8,1180,1165.4
7/1/15,,90598,1172.4,1174.4,1166.7
7/2/15,,480,1165.2,1165.6,1163.7
7/6/15,,100581,1173.2,1174.4,1161.9
7/7/15,,190168,1168.8,1170,1146.8
7/8/15,,159002,1154,1163.8,1145.9
7/9/15,,122563,1157.5,1166.9,1155.1
7/10/15,,106510,1158.7,1164.5,1156.4
7/13/15,,118607,1162.3,1163.9,1149.8
7/14/15,,103814,1157,1159.1,1151.8
7/15/15,,141077,1153.9,1155.8,1141.9
7/16/15,,118613,1146.2,1148.2,1140.6
7/17/15,,149622,1144.3,1144.5,1129.6
7/20/15,,250336,1095,1132.5,1080
7/21/15,,163597,1098,1108.8,1095.9
7/22/15,,170919,1100.1,1102.3,1085.6
7/23/15,,194839,1093.4,1104.9,1086.1
7/24/15,,237901,1089.5,1100.9,1072.3
7/27/15,,53257,1098.2,1104.9,1088
7/28/15,,75543,1094.2,1098.7,1091.1
7/29/15,,107835,1094.8,1101.5,1089.8
7/30/15,,155535,1096.6,1098.2,1081.5
7/31/15,,166766,1087.7,1103,1079.2
8/3/15,,102779,1095.1,1098,1085.1
8/4/15,,108848,1087.5,1094.4,1080.2
8/5/15,,110005,1087.3,1091.7,1082
8/6/15,,90012,1084.1,1093.3,1082.7
8/7/15,,165051,1088.8,1098.9,1081.4
8/10/15,,142965,1094,1108.5,1089
8/11/15,,186562,1103.8,1119.1,1093.3
8/12/15,,184025,1108.2,1125.5,1101.1
8/13/15,,125318,1125.2,1126.3,1112.8
8/14/15,,100681,1114.6,1120.4,1111.1
8/17/15,,88129,1113.5,1122.2,1112.9
8/18/15,,116442,1117.2,1120.4,1108.5
8/19/15,,146994,1117.2,1134.3,1115.5
8/20/15,,174797,1133.3,1153.7,1132.1
8/21/15,,189582,1153.3,1167.9,1148.5
8/24/15,,255624,1160.2,1169.8,1145.1
8/25/15,,188989,1155.7,1156.3,1134
8/26/15,,194126,1139.9,1146,1116.9
8/27/15,,119691,1124.4,1131.7,1117
8/28/15,,141784,1124.4,1140.3,1123.1
8/31/15,,93050,1132.7,1136.3,1125
9/1/15,,124773,1133.8,1147.3,1133.8
9/2/15,,106996,1139,1141.9,1131.2
9/3/15,,102488,1133.2,1133.8,1121
9/4/15,,9777,1123,1124.1,1117
9/8/15,,135811,1118.1,1126,1114.7
9/9/15,,161609,1121,1124.7,1100.1
9/10/15,,117042,1105.7,1114.1,1102.5
9/11/15,,111507,1110.2,1111.9,1097.7
9/14/15,,71350,1107,1109.8,1102.6
9/15/15,,75109,1107.1,1108.5,1101.5
9/16/15,,123877,1104.4,1123.7,1103
9/17/15,,135687,1118.7,1136,1114.7
9/18/15,,142108,1130,1141.5,1126.9
9/21/15,,84042,1138.7,1139.4,1128.7
9/22/15,,109509,1132.6,1136.1,1120.5
9/23/15,,89262,1123.8,1134,1121.1
9/24/15,,200068,1130,1156.4,1129.5
9/25/15,,134782,1151,1151.1,1140.1
9/28/15,,137003,1145,1147.8,1127.3
9/29/15,,100406,1131.4,1134.3,1123.5
9/30/15,,148341,1127.2,1127.7,1110.8
10/1/15,,76984,1114.5,1118.5,1110.3
10/2/15,,178784,1112.5,1140.9,1103.8
10/5/15,,110483,1137,1141.6,1129.6
10/6/15,,116671,1134.7,1151,1134.5
10/7/15,,108785,1146.5,1153.6,1141.3
10/8/15,,116155,1145,1150.9,1135.9
10/9/15,,129925,1138.1,1159.3,1138
10/12/15,,106716,1155,1168.6,1154.3
10/13/15,,130049,1162.8,1168.6,1151.3
10/14/15,,182083,1168.2,1189.9,1162.5
10/15/15,,181083,1184,1191.7,1173.9
10/16/15,,102935,1182.5,1184.8,1174.3
10/19/15,,102967,1176.9,1178.2,1168.3
10/20/15,,116171,1170.6,1181.4,1167.2
10/21/15,,115889,1175.5,1179.3,1163.2
10/22/15,,113495,1166.8,1171.8,1161.4
10/23/15,,145357,1165.9,1179.4,1158.6
10/26/15,,79375,1163.8,1169.6,1162
10/27/15,,85314,1163,1168.8,1160.5
10/28/15,,177850,1166.7,1183.1,1152.1
10/29/15,,142805,1156.1,1162.5,1144.2
10/30/15,,110040,1146.6,1149.8,1138.4
11/2/15,,98561,1141.3,1142.7,1132.2
11/3/15,,144707,1132.9,1138,1113.6
11/4/15,,147311,1117.4,1122.3,1105.6
11/5/15,,130595,1103.6,1111.3,1102.2
11/6/15,,183535,1103.2,1109.7,1084.5
11/9/15,,133427,1089.1,1094.9,1087.4
11/10/15,,137955,1089,1094.8,1084
11/11/15,,158171,1088.5,1093.5,1083.2
11/12/15,,193512,1085.4,1089,1073
11/13/15,,126219,1083.5,1088,1078.2
11/16/15,,146506,1087.9,1097.4,1080.5
11/17/15,,171466,1082.4,1085.1,1064.4
11/18/15,,144564,1070.2,1074.6,1062
11/19/15,,169716,1079.5,1086.6,1068.3
11/20/15,,143217,1079.7,1087.2,1074.9
11/23/15,,67286,1072.7,1076.3,1065.4
11/24/15,,69317,1067.6,1080.5,1067.6
11/25/15,,9070,1070.6,1073.9,1068.7
11/27/15,,175421,1071,1073.9,1051.6
11/30/15,,105076,1056,1069.1,1052.2
12/1/15,,115302,1064.6,1074,1062.6
12/2/15,,117379,1067.9,1071,1049.4
12/3/15,,166626,1053.5,1064.5,1045.4
12/4/15,,199706,1062,1088.3,1057.2
12/7/15,,104016,1085.5,1086.1,1065
12/8/15,,120295,1069.7,1078.4,1066.8
12/9/15,,135909,1074.3,1085,1068.7
12/10/15,,95161,1071.7,1076,1068.8
12/11/15,,147088,1071.4,1079.1,1061.7
12/14/15,,114615,1073,1077.3,1058.1
12/15/15,,109842,1060.4,1067.9,1057.4
12/16/15,,135844,1060.3,1077.9,1060.2
12/17/15,,157113,1072.2,1072.7,1046.8
12/18/15,,115775,1051.5,1071,1050
12/21/15,,9268,1078,1079.5,1075.4
12/22/15,,74764,1070.8,1080.3,1071.2
12/23/15,,64030,1069.5,1074.9,1067.6
12/24/15,,47886,1069.6,1076.6,1069.5
12/28/15,,66151,1068.6,1076.5,1065.7
12/29/15,,5260,1068.2,1070.5,1067.7
12/30/15,,5260,1068.2,1070.5,1059.8
12/31/15,,53272,1060.6,1062.7,1056.5
1/4/16,,151233,1061.5,1083,1061
1/5/16,,99250,1073.5,1081.5,1071.9
1/6/16,,179581,1076.8,1094.9,1074.4
1/7/16,,203063,1093.7,1109.9,1091.1
1/8/16,,183436,1108.8,1113.1,1091.8
1/11/16,,185771,1103.6,1108.3,1093.1
1/12/16,,161091,1094,1099.1,1083.1
1/13/16,,146676,1086.8,1095.6,1079.4
1/14/16,,168364,1093.6,1095.4,1071.1
1/15/16,,8927,1089.3,1093.3,1089
1/19/16,,154064,1089,1094.5,1082.1
1/20/16,,183164,1087.3,1109.9,1087.1
1/21/16,,170505,1100.9,1104.8,1092.5
1/22/16,,133883,1101.6,1103.5,1094.4
1/25/16,,148860,1097.8,1109.2,1097.6
1/26/16,,89525,1109.4,1123.6,1107.7
1/27/16,,124865,1120.2,1128.7,1115.2
1/28/16,,146072,1115.7,1126.4,1110.2
1/29/16,,126023,1114.8,1118.9,1108.5
2/1/16,,109728,1118,1130.2,1115.3
2/2/16,,107444,1128.8,1131.5,1122.6
2/3/16,,181052,1129.4,1146.2,1124.8
2/4/16,,168259,1156.7,1157.9,1139.7
2/5/16,,206063,1155.7,1175,1145.5
2/8/16,,232700,1174,1201.4,1164.5
2/9/16,,180163,1189.4,1199.3,1185.9
2/10/16,,159103,1189.7,1198.1,1181.6
2/11/16,,345519,1197.5,1263.9,1196.3
2/12/16,,33215,1236.3,1236.3,1215
2/16/16,,319892,1209.4,1236.3,1191.5
2/17/16,,156859,1201.9,1214.4,1196.2
2/18/16,,173177,1209.5,1240.6,1201.3
2/19/16,,168415,1231.2,1235.3,1220.6
2/22/16,,155626,1208,1226.9,1202.5
2/23/16,,175821,1208.9,1229,1207.6
2/24/16,,260422,1226,1254.3,1222.4
2/25/16,,199289,1228.9,1244.4,1221.8
2/26/16,,210351,1232.5,1241.3,1212
2/29/16,,174484,1223.1,1241.8,1216.3
3/1/16,,211175,1238.9,1249.3,1227.7
3/2/16,,175010,1232.3,1244.8,1225.1
3/3/16,,216716,1240.8,1269.3,1238
3/4/16,,351429,1264.6,1280.7,1250.1
3/7/16,,208860,1260.5,1274.1,1257.4
3/8/16,,198376,1267.9,1279,1261
3/9/16,,217105,1262.2,1265.7,1243.6
3/10/16,,294934,1253.7,1274.3,1237.5
3/11/16,,225924,1272,1287.8,1249
3/14/16,,198015,1250.9,1261.9,1229.9
3/15/16,,169067,1237,1238.7,1226
3/16/16,,195631,1233.1,1264.8,1227
3/17/16,,196709,1262,1271.9,1255.2
3/18/16,,152348,1257.7,1267.7,1248.4
3/21/16,,165130,1255.2,1256.7,1241.2
3/22/16,,178128,1244.3,1260.9,1242.8
3/23/16,,248406,1248.5,1249.8,1215.4
3/24/16,,61613,1222.1,1225.6,1212.6
3/28/16,,85386,1217.8,1225.1,1207.7
3/29/16,,193572,1223.1,1245.2,1217
3/30/16,,172801,1243,1246.8,1224.9
3/31/16,,117150,1227,1242.3,1225.1
4/1/16,,188179,1234.1,1237.2,1210.3
4/4/16,,86900,1217.2,1224.1,1215.7
4/5/16,,148762,1217.1,1238.8,1216
4/6/16,,129032,1232.6,1233.8,1217.2
4/7/16,,179765,1224,1245,1224
4/8/16,,128333,1241.8,1244.6,1231
4/11/16,,151279,1241.8,1260.9,1241.6
4/12/16,,148296,1259.8,1264.7,1253
4/13/16,,150426,1257.2,1258.7,1241.4
4/14/16,,196567,1243.8,1245.9,1225.4
4/15/16,,115585,1228.5,1237.6,1226.8
4/18/16,,143540,1236.3,1243.3,1231.7
4/19/16,,200511,1233.9,1258.5,1229
4/20/16,,158271,1251.3,1259.8,1244
4/21/16,,261992,1244.5,1272.4,1244.4
4/22/16,,198388,1248.5,1254.2,1228.5
4/25/16,,114696,1234.5,1243.8,1231.3
4/26/16,,139982,1239.8,1246.5,1232.7
4/27/16,,167190,1245.7,1254.6,1240.7
4/28/16,,214356,1247.3,1271.7,1239.1
4/29/16,,249603,1268,1299,1267
5/2/16,,193092,1294.2,1306,1289.6
5/3/16,,209229,1293.4,1303.9,1284
5/4/16,,205506,1287.7,1291.8,1273.6
5/5/16,,168856,1281.2,1288.4,1270.6
5/6/16,,246521,1279.3,1297.7,1276.2
5/9/16,,213413,1288.8,1289.5,1262.8
5/10/16,,164024,1265.4,1272,1258.3
5/11/16,,215592,1267.3,1280.8,1266.3
5/12/16,,211757,1279.3,1282.5,1262.9
5/13/16,,167683,1264.8,1277.7,1264
5/16/16,,188509,1273.1,1290.4,1271.6
5/17/16,,196855,1274.9,1283.9,1270.1
5/18/16,,225480,1280.6,1283.5,1256
5/19/16,,246015,1259.1,1262.3,1244.6
5/20/16,,188383,1256.3,1261.2,1249.6
5/23/16,,206897,1251.7,1256.8,1243.5
5/24/16,,288926,1249.5,1252.8,1226.2
5/25/16,,105239,1230,1233.4,1220.6
5/26/16,,148362,1226.1,1237.2,1220.8
5/27/16,,29931,1215.1,1215.9,1202.2
5/31/16,,227362,1208.1,1220.6,1201.5
6/1/16,,151311,1217.9,1222.9,1208.2
6/2/16,,106248,1215.9,1220,1212
6/3/16,,230035,1212.8,1247.4,1209.1
6/6/16,,157245,1245.5,1251.3,1242.1
6/7/16,,114337,1248,1249,1236.9
6/8/16,,167215,1247,1267.2,1245.5
6/9/16,,145087,1264.6,1274.4,1259.4
6/10/16,,151163,1271.5,1280.9,1267.3
6/13/16,,195734,1278.3,1290.3,1275.2
6/14/16,,182512,1286.2,1293,1278.6
6/15/16,,190137,1288.1,1300,1281.3
6/16/16,,331368,1295,1318.9,1280.1
6/17/16,,203550,1282.4,1302.7,1278.8
6/20/16,,186003,1293,1296.8,1280.8
6/21/16,,196994,1271.1,1297.4,1267.1
6/22/16,,127154,1271.4,1273.5,1263.8
6/23/16,,145996,1268.1,1274.9,1256.9
6/24/16,,527205,1254.3,1362.6,1252.8
6/27/16,,240734,1322.3,1340,1320.8
6/28/16,,183169,1328.3,1329.5,1308.2
6/29/16,,164974,1313.9,1331,1313.3
6/30/16,,182812,1321,1326.5,1315.3
7/1/16,,63821,1345,1360.3,1338.5
7/5/16,,337002,1350.8,1360.3,1338.5
7/6/16,,226256,1358,1377.5,1356.3
7/7/16,,204514,1365.7,1372.9,1352
7/8/16,,287124,1361,1371.8,1336.3
7/11/16,,217375,1368.9,1376.5,1351.8
7/12/16,,246267,1356.3,1358.9,1331
7/13/16,,195091,1334,1346.3,1328.1
7/14/16,,251302,1344.5,1348,1320.4
7/15/16,,184243,1336.4,1339.5,1322.6
7/18/16,,159487,1333.4,1336,1323.5
7/19/16,,144123,1329.1,1335.5,1325.8
7/20/16,,212201,1332.2,1338.8,1312.5
7/21/16,,241351,1316.2,1334,1310.7
7/22/16,,211535,1331.4,1334,1319.4
7/25/16,,125105,1322.7,1323.4,1311.1
7/26/16,,88658,1315.5,1324.4,1313.6
7/27/16,,160965,1319.9,1342.3,1315.6
7/28/16,,179984,1339.5,1344.3,1330.1
7/29/16,,214928,1333.2,1353.3,1325.8
8/1/16,,108934,1357.2,1361.9,1353.2
8/2/16,,154681,1360.6,1374.2,1353.7
8/3/16,,131123,1370.5,1373.4,1360.6
8/4/16,,158935,1364.7,1371.4,1355.1
8/5/16,,207828,1367.2,1371,1340.4
8/8/16,,126244,1341.2,1343.9,1335.3
8/9/16,,117280,1341.2,1348.5,1336
8/10/16,,184037,1347,1363.6,1345.7
8/11/16,,149880,1353.2,1359.4,1341.4
8/12/16,,227943,1344.7,1362.5,1338.3
8/15/16,,117800,1343.6,1349.1,1340.9
8/16/16,,213729,1345.2,1364.3,1344.8
8/17/16,,164091,1351.3,1356.8,1340.5
8/18/16,,163104,1353.8,1361.5,1351.2
8/19/16,,177682,1357.1,1357.9,1342
8/22/16,,148566,1345,1345.7,1335.4
8/23/16,,125007,1343.6,1348.8,1338.9
8/24/16,,207827,1342.2,1344.1,1327
8/25/16,,143468,1327.4,1330.2,1321
8/26/16,,292305,1324.8,1346,1321.2
8/29/16,,136851,1323.8,1328.5,1317.2
8/30/16,,149313,1327,1328.9,1312
8/31/16,,163005,1314.7,1319.2,1306.9
9/1/16,,167111,1311.7,1318.6,1305.5
9/2/16,,12131,1318,1334,1307.4
9/6/16,,263409,1330.8,1357.2,1325.5
9/7/16,,142466,1353.5,1357.6,1346.9
9/8/16,,174246,1349.1,1353.9,1339.1
9/9/16,,151860,1341.6,1343.6,1331.2
9/12/16,,183691,1332,1333.8,1323.3
9/13/16,,173410,1331.7,1335.9,1318.8
9/14/16,,131424,1322.6,1329.8,1316.6
9/15/16,,200075,1325.8,1332.5,1312.1
9/16/16,,132642,1318.3,1321.5,1309.2
9/19/16,,111107,1313.2,1321.8,1312.6
9/20/16,,87659,1316.3,1321.1,1315.2
9/21/16,,253563,1318,1341.3,1310.9
9/22/16,,152427,1338.9,1347.8,1335.1
9/23/16,,108833,1340.3,1344.5,1337.4
9/26/16,,120362,1340.8,1346.1,1336.5
9/27/16,,175693,1342,1343.5,1327.7
9/28/16,,143807,1330.1,1331.1,1321.1
9/29/16,,145079,1325,1329.4,1318.6
9/30/16,,198471,1323.6,1331.5,1316
10/3/16,,120503,1321,1322.6,1311.8
10/4/16,,327773,1315,1315.4,1269
10/5/16,,200416,1270.5,1279.4,1264.1
10/6/16,,176574,1269.7,1271.6,1251.8
10/7/16,,261530,1256.8,1267.6,1243.2
10/10/16,,128220,1258.5,1266.8,1258.5
10/11/16,,127971,1261.7,1264,1254.3
10/12/16,,122342,1254.5,1260.5,1251.2
10/13/16,,142928,1257.1,1263.9,1254.7
10/14/16,,161952,1259.5,1260.7,1246.9
10/17/16,,102991,1252.9,1258.2,1251.1
10/18/16,,141366,1256,1265.6,1255.9
10/19/16,,135414,1263.9,1274.4,1261.1
10/20/16,,130976,1270.6,1275.9,1265.5
10/21/16,,97891,1266.5,1268.8,1261.7
10/24/16,,148823,1266.9,1272.8,1260.1
10/25/16,,132241,1265.2,1277.5,1262.4
10/26/16,,132796,1274,1277.2,1265.1
10/27/16,,123344,1267.2,1273.7,1265.2
10/28/16,,222489,1269.2,1285.4,1262
10/31/16,,115445,1278.3,1280.5,1271.9
11/1/16,,194976,1277.8,1292.9,1276.3
11/2/16,,224005,1289,1309.3,1288.4
11/3/16,,220164,1298.1,1308,1286.2
11/4/16,,202966,1303.2,1308.3,1295.7
11/7/16,,209668,1294.5,1296.5,1278.6
11/8/16,,194922,1282.2,1291.5,1273.3
11/9/16,,783657,1276.8,1338.3,1268.1
11/10/16,,392797,1278.4,1292.5,1251.9
11/11/16,,420069,1258.7,1265,1218.7
11/14/16,,332635,1227.7,1230.9,1211
11/15/16,,224970,1221.8,1231.4,1218.6
11/16/16,,190158,1228,1233.1,1221
11/17/16,,224953,1224.8,1231.1,1210.5
11/18/16,,244002,1216,1217.5,1201.3
11/21/16,,162047,1207.3,1217.8,1205.4
11/22/16,,201770,1213.5,1220.9,1205.6
11/23/16,,3479,1188.2,1192.5,1185.2
11/25/16,,89941,1184.4,1195.4,1172.8
11/28/16,,132780,1184.4,1200,1184.4
11/29/16,,195887,1196.6,1197.7,1182.6
11/30/16,,232748,1190.7,1196.8,1171.3
12/1/16,,216169,1175.1,1178.4,1162.2
12/2/16,,169224,1174.3,1180.3,1168.4
12/5/16,,212276,1182.6,1190.2,1158.6
12/6/16,,130714,1172.8,1177.1,1168.1
12/7/16,,137900,1171.4,1182.3,1167.2
12/8/16,,142363,1176.1,1180.7,1170.9
12/9/16,,154417,1172.5,1173.8,1157.6
12/12/16,,159639,1161.4,1167.9,1152.5
12/13/16,,136029,1164.5,1167,1156.3
12/14/16,,205326,1159.8,1168,1140
12/15/16,,262877,1143.8,1146,1124.3
12/16/16,,171285,1130.5,1143.2,1128.5
12/19/16,,112536,1136.1,1144.4,1135.5
12/20/16,,138058,1139.8,1141.7,1127.3
12/21/16,,109673,1134,1138.8,1131
12/22/16,,70834,1130,1137.3,1129.5
12/23/16,,70834,1130,1137.3,1129.5
12/27/16,,102366,1135.3,1151.7,1132.8
12/28/16,,100121,1139.3,1145.1,1137.1
12/29/16,,152323,1143.1,1160.6,1142.6
12/30/16,,138673,1159.5,1164.3,1150.3
1/3/17,,216537,1151.4,1166,1146.5
1/4/17,,172108,1159.6,1168.6,1156.7
1/5/17,,262224,1164.6,1185.9,1163.6
1/6/17,,217714,1181,1183.8,1171.1
1/9/17,,174989,1172.9,1186.4,1172.2
1/10/17,,215898,1181.3,1190.6,1180.2
1/11/17,,317695,1188.1,1198.5,1177
1/12/17,,260107,1191.1,1207.2,1190.7
1/13/17,,28224,1194.8,1204.3,1187.5
1/17/17,,368672,1202.8,1218.9,1198
1/18/17,,195234,1216.8,1217.7,1201.8
1/19/17,,241530,1203.1,1206.4,1195.4
1/20/17,,236066,1204.8,1214.8,1198.2
1/23/17,,231381,1209.3,1219.4,1209
1/24/17,,211945,1218,1220.1,1206.2
1/25/17,,80202,1211.5,1212.2,1195.3
1/26/17,,94439,1204.1,1205,1186.6
1/27/17,,142852,1191.4,1193.8,1182.6
1/30/17,,185344,1194.6,1201.3,1190
1/31/17,,237644,1197.7,1217.4,1195.6
2/1/17,,211357,1212.2,1215,1199.7
2/2/17,,220209,1211.2,1227.5,1210.2
2/3/17,,210726,1217.8,1223.2,1208.3
2/6/17,,190379,1221.9,1237.5,1220.8
2/7/17,,192661,1236.9,1237.5,1229.2
2/8/17,,216044,1235.2,1246.6,1231.3
2/9/17,,234244,1242.7,1246.2,1226.1
2/10/17,,229161,1229.6,1238.9,1222.6
2/13/17,,168285,1234.2,1234.4,1220.3
2/14/17,,223687,1226.1,1236,1222.7
2/15/17,,220585,1228.6,1234.9,1217.5
2/16/17,,196467,1234.3,1243.7,1233.3
2/17/17,,20247,1240.8,1245.1,1232.4
2/21/17,,245695,1239.3,1240.2,1226.8
2/22/17,,193431,1236.9,1241.9,1231.5
2/23/17,,250277,1238.3,1252.2,1236.4
2/24/17,,209660,1250.6,1261.2,1248.8
2/27/17,,201486,1258.9,1264.9,1251.5
2/28/17,,225369,1253.3,1259.3,1248.2
3/1/17,,300815,1248.5,1251.4,1237.2
3/2/17,,262903,1249.9,1250.8,1231.1
3/3/17,,268970,1234.8,1236.7,1223
3/6/17,,154275,1233.9,1237.3,1225
3/7/17,,195645,1225.7,1227.4,1214.1
3/8/17,,200792,1215.6,1218.5,1206.4
3/9/17,,226026,1207.7,1208.9,1199
3/10/17,,250514,1200.2,1206.2,1194.5
3/13/17,,168436,1205,1210.9,1202
3/14/17,,176653,1203.5,1207.5,1196.9
3/15/17,,256440,1198.7,1222,1196.8
3/16/17,,243137,1219.5,1234,1218.1
3/17/17,,146933,1226.2,1231.5,1224
3/20/17,,122559,1229,1235.5,1228.8
3/21/17,,278090,1234.2,1247.7,1226.6
3/22/17,,210181,1244.5,1251.5,1243.8
3/23/17,,38955,1251.5,1256.4,1245.6
3/24/17,,50728,1248.2,1255,1243.7
3/27/17,,70055,1247.2,1264.2,1247.2
3/28/17,,110672,1257.1,1261.4,1250.5
3/29/17,,157858,1253,1257.5,1250
3/30/17,,211199,1256.1,1256.5,1244.2
3/31/17,,158381,1244.6,1252.8,1241.5
4/3/17,,135738,1251.9,1255.9,1246.4
4/4/17,,152043,1255.5,1263.7,1255.5
4/5/17,,226454,1258.2,1259.3,1245.4
4/6/17,,160510,1257.6,1260.9,1251.3
4/7/17,,365404,1253.9,1273.3,1252.4
4/10/17,,176084,1255.6,1258.9,1248.2
4/11/17,,279421,1256.8,1277.4,1254.7
4/12/17,,241437,1277.2,1289,1273.8
4/13/17,,229082,1288.3,1290.7,1283.8
4/17/17,,189444,1292.4,1297.4,1283.1
4/18/17,,272618,1286.7,1294.4,1280.6
4/19/17,,251024,1291.7,1292.7,1275.4
4/20/17,,237678,1282.2,1285.2,1278
4/21/17,,220990,1283.3,1290.1,1280
4/24/17,,287252,1280,1280,1266
4/25/17,,242791,1277.9,1279.9,1262.8
4/26/17,,233964,1265.5,1272.8,1260.7
4/27/17,,203162,1270.2,1271.1,1261.8
4/28/17,,166210,1265.2,1269.9,1264.2
5/1/17,,197023,1269.6,1272.4,1254.9
5/2/17,,171411,1257.4,1258.8,1252.6
5/3/17,,245496,1257.8,1257.8,1236.4
5/4/17,,305881,1238.5,1241.7,1225.7
5/5/17,,257019,1228.5,1236,1226.2
5/8/17,,188318,1223.1,1236.9,1221
5/9/17,,240063,1226.6,1228.7,1214.3
5/10/17,,185804,1222.1,1225.8,1217.5
5/11/17,,230075,1219.2,1227.7,1216.9
5/12/17,,189500,1225,1231.6,1224.4
5/15/17,,182239,1228.3,1237.4,1226.8
5/16/17,,197131,1230.8,1239.1,1230
5/17/17,,365967,1237.2,1261.5,1236.3
5/18/17,,361421,1261.4,1265,1245.7
5/19/17,,210569,1246.8,1256.4,1246.1
5/22/17,,201829,1257.5,1262.6,1251.6
5/23/17,,269982,1260.4,1263.8,1250.5
5/24/17,,234075,1251.1,1258.8,1247.6
5/25/17,,62975,1261.6,1262.8,1256.9
5/26/17,,14102,1258.6,1272.7,1269.4
5/30/17,,275724,1270.1,1273.4,1261.8
5/31/17,,193527,1265.7,1276.8,1262
6/1/17,,174611,1271.6,1272.8,1263.7
6/2/17,,257594,1268,1282.2,1261.3
6/5/17,,134854,1282.6,1286,1280.2
6/6/17,,243052,1282.5,1298.8,1282.1
6/7/17,,212480,1297,1297.6,1285
6/8/17,,247460,1289.5,1291.5,1273.5
6/9/17,,212190,1283.5,1284.6,1266.7
6/12/17,,168475,1269.7,1272.4,1265.6
6/13/17,,171164,1267.7,1271,1260.5
6/14/17,,337298,1268.4,1284.2,1259
6/15/17,,238470,1262.7,1268.5,1252.7
6/16/17,,145249,1255.6,1258.6,1253.2
6/19/17,,174183,1255.8,1257.3,1244.3
6/20/17,,172002,1245.4,1249.4,1242.4
6/21/17,,160236,1243.9,1248.8,1241.7
6/22/17,,182170,1246.4,1256,1246.4
6/23/17,,153529,1250.9,1260,1250.6
6/26/17,,219105,1258.1,1259,1236.5
6/27/17,,204721,1245.2,1253.8,1241.8
6/28/17,,188119,1247.3,1255.7,1246.7
6/29/17,,260590,1249.6,1253.2,1239.7
6/30/17,,210097,1245.2,1248.2,1239
7/3/17,,26906,1220.1,1224.6,1220
7/5/17,,348799,1223,1228.4,1216.5
7/6/17,,185809,1226.5,1229.5,1221.8
7/7/17,,310483,1224.6,1228.1,1206.6
7/10/17,,233437,1212.1,1215,1204
7/11/17,,213121,1213.8,1217.1,1207.4
7/12/17,,254172,1216.5,1225.2,1212.5
7/13/17,,219900,1219.2,1223.6,1215.6
7/14/17,,258301,1216.4,1232.7,1214
7/17/17,,166096,1228.7,1235.4,1227.5
7/18/17,,245241,1233.3,1244.1,1232.2
7/19/17,,189980,1242,1243.5,1235.1
7/20/17,,263291,1240.6,1247.2,1234.6
7/21/17,,51035,1250.8,1262.1,1249.5
7/24/17,,61616,1261.4,1265.1,1258.1
7/25/17,,61360,1261.9,1264.2,1255.1
7/26/17,,92181,1256.2,1269.8,1249.4
7/27/17,,154412,1266.8,1271.3,1260.3
7/28/17,,241286,1265,1277,1263.2
7/31/17,,158464,1276.3,1277.3,1271.7
8/1/17,,206396,1275.6,1280.3,1268.4
8/2/17,,204629,1275.2,1279,1268.9
8/3/17,,198615,1272.6,1277,1262.9
8/4/17,,260834,1275.3,1276.5,1259.8
8/7/17,,120039,1264.3,1265.6,1261.3
8/8/17,,240864,1262.9,1271,1257.1
8/9/17,,280929,1266.1,1284.7,1265.9
8/10/17,,257651,1283.2,1293.8,1280.3
8/11/17,,259307,1292.5,1298.1,1286.7
8/14/17,,233106,1296.4,1296.4,1284.2
8/15/17,,278698,1287,1287.7,1272.7
8/16/17,,268454,1276.9,1289.5,1273.2
8/17/17,,316050,1290,1296,1286.4
8/18/17,,379352,1293.8,1306.9,1289.1
8/21/17,,254319,1289.1,1299.7,1286.2
8/22/17,,259806,1297.1,1298.1,1287
8/23/17,,226744,1290.4,1297,1287.9
8/24/17,,237998,1296,1296.8,1289.3
8/25/17,,350288,1291.3,1301.4,1281.3
8/28/17,,310489,1297.6,1317.8,1297
8/29/17,,444146,1320.5,1331.9,1310.6
8/30/17,,301091,1314.8,1319.3,1310.1
8/31/17,,359132,1314.1,1329,1302.3
9/1/17,,52922,1339.7,1343.5,1330.4
9/5/17,,546280,1339.8,1349.7,1331.1
9/6/17,,297521,1345,1347.7,1336.4
9/7/17,,354009,1339,1355.5,1337.2
9/8/17,,377234,1354,1362.4,1347.1
9/11/17,,292049,1341.5,1344.6,1330.6
9/12/17,,281134,1331.7,1336.3,1326.7
9/13/17,,298024,1336.2,1340.5,1324.5
9/14/17,,327600,1327.6,1334.9,1319.5
9/15/17,,313245,1333.7,1338.2,1323
9/18/17,,259701,1324,1324,1308.1
9/19/17,,268037,1310.5,1315.3,1308.7
9/20/17,,343639,1314.7,1319.8,1299.5
9/21/17,,388118,1304.8,1305,1291.2
9/22/17,,256421,1294.1,1301.9,1294.1
9/25/17,,357294,1301.5,1315.8,1291.7
9/26/17,,376702,1314.2,1317.1,1295
9/27/17,,364084,1297.3,1299.2,1284.1
9/28/17,,279916,1285.1,1291.6,1280.4
9/29/17,,280671,1290.1,1293.2,1278.2
10/2/17,,267375,1282.2,1282.8,1272
10/3/17,,202951,1273.1,1277.4,1271
10/4/17,,266333,1274.5,1285,1273.1
10/5/17,,217774,1277.5,1281.6,1268.5
10/6/17,,361565,1270.6,1279.2,1262.8
10/9/17,,195058,1278.6,1288,1277.7
10/10/17,,308402,1286.8,1296.7,1284.6
10/11/17,,258782,1290.7,1295.9,1286.8
10/12/17,,239955,1294.6,1299.8,1291.8
10/13/17,,290549,1296,1306.4,1292.9
10/16/17,,265876,1306,1308.4,1292.5
10/17/17,,328145,1297.2,1298.4,1283.2
10/18/17,,250218,1286.9,1290.8,1278.6
10/19/17,,345419,1282.8,1292.8,1277.6
10/20/17,,308883,1292,1292.9,1279.3
10/23/17,,276923,1281.5,1284.7,1273.6
10/24/17,,262004,1283.9,1285.3,1274.8
10/25/17,,368454,1278,1281.3,1272
10/26/17,,377535,1278.6,1283.8,1266.4
10/27/17,,352515,1268,1275.2,1263.8
10/30/17,,253987,1274.3,1279.9,1269.8
10/31/17,,264613,1277.6,1279.1,1268.3
11/1/17,,376514,1271.8,1281.9,1268.5
11/2/17,,374063,1275.2,1285.1,1274
11/3/17,,361591,1277.5,1281.2,1265.9
11/6/17,,340658,1270.7,1283.9,1266.4
11/7/17,,327931,1282.6,1282.8,1272.3
11/8/17,,346077,1276.4,1288.1,1276.1
11/9/17,,20559,1286,1287.7,1285.4
11/10/17,,342281,1286,1287.7,1273.6
11/13/17,,213187,1275.3,1279.9,1274.4
11/14/17,,342150,1278.9,1283.8,1269.7
11/15/17,,417251,1280.7,1290,1276.5
11/16/17,,268021,1278,1281.8,1274.9
11/17/17,,368094,1278.8,1297.5,1278.1
11/20/17,,399552,1294.1,1295.1,1274.1
11/21/17,,315463,1276.6,1284.5,1275.8
11/22/17,,5008,1296.1,1296.4,1293.7
11/24/17,,83375,1296.1,1297.6,1289.5
11/27/17,,143791,1292,1303.4,1290.7
11/28/17,,224246,1298.8,1301.3,1294.5
11/29/17,,370799,1298,1300.4,1285.1
11/30/17,,331729,1286.9,1288.4,1273.1
12/1/17,,421344,1277.9,1292.5,1274.2
12/4/17,,250246,1277.6,1280.5,1273.5
12/5/17,,311493,1279.1,1279.8,1263.2
12/6/17,,239509,1268.3,1271.8,1264.8
12/7/17,,305430,1265.2,1266.8,1245.8
12/8/17,,270293,1249.5,1254.4,1244.4
12/11/17,,185028,1249.2,1253.4,1242.4
12/12/17,,216831,1243.9,1247.9,1238.3
12/13/17,,296022,1246.3,1259.7,1242.3
12/14/17,,252441,1258.1,1261.6,1252.8
12/15/17,,230959,1255.5,1264.5,1255.2
12/18/17,,202834,1257.8,1267,1255.3
12/19/17,,196646,1265.4,1268.6,1262.3
12/20/17,,198670,1264.8,1271.4,1264.4
12/21/17,,188932,1268.8,1272.5,1266
12/22/17,,180314,1270.3,1280.4,1268.4
12/26/17,,130981,1279,1288.4,1277.7
12/27/17,,193217,1287.8,1293.2,1286
12/28/17,,213624,1292,1297.3,1290.5
12/29/17,,226714,1297.5,1309.8,1296.1
1/2/18,,269072,1305.3,1320.4,1304.6
1/3/18,,342866,1319,1323,1308.9
1/4/18,,350803,1315.5,1327.3,1307.1
1/5/18,,322422,1324.4,1324.7,1314.6
1/8/18,,238332,1321.8,1323,1315.7
1/9/18,,321636,1321.2,1321.4,1309.5
1/10/18,,382605,1313.3,1328.6,1308.9
1/11/18,,254541,1317.5,1324.7,1316.1
1/12/18,,44651,1337.3,1342.4,1334.9
1/16/18,,472155,1340.9,1345,1332.1
1/17/18,,358312,1339,1344.5,1326.6
1/18/18,,305093,1327.4,1333.3,1324.3
1/19/18,,268077,1327,1338.2,1326.6
1/22/18,,325008,1334,1335.8,1328
1/23/18,,354786,1333,1341.5,1330.7
1/24/18,,147749,1346.2,1366.8,1344.1
1/25/18,,140915,1362.7,1370.5,1346.2
1/26/18,,139946,1352.7,1361,1348.6
1/29/18,,224553,1353.7,1356.3,1340.9
1/30/18,,394887,1344,1352.5,1337.5
1/31/18,,365063,1341.8,1351,1335.5
2/1/18,,301115,1348.2,1354.3,1340.2
2/2/18,,416513,1352.2,1353.3,1330.1
2/5/18,,298950,1334.6,1344.8,1331.6
2/6/18,,457363,1343.1,1349.3,1322.8
2/7/18,,335680,1326.6,1334.8,1313.5
2/8/18,,349123,1320.7,1324.5,1309
2/9/18,,306980,1321,1325,1313.2
2/12/18,,203283,1317.1,1330,1316.3
2/13/18,,192998,1325,1333.5,1323.7
2/14/18,,405262,1331.9,1358.6,1319.1
2/15/18,,251537,1353,1359.8,1350.8
2/16/18,,21489,1350.2,1356.2,1349.5
2/20/18,,357520,1348.9,1354,1330.6
2/21/18,,244241,1331.2,1338.5,1324.4
2/22/18,,201972,1326.2,1334.4,1322.9
2/23/18,,165052,1333.7,1334.2,1327.7
2/26/18,,237905,1330.4,1342.9,1328
2/27/18,,710,1331.7,1332.6,1312.7
2/28/18,,251263,1318.9,1323.7,1316.7
3/1/18,,395651,1319.3,1322.3,1303.6
3/2/18,,256112,1318,1326.6,1316.2
3/5/18,,215468,1324.9,1328.9,1318.3
3/6/18,,269691,1321,1339.9,1320.8
3/7/18,,297281,1339.5,1342,1323
3/8/18,,241811,1326.2,1329.8,1319.6
3/9/18,,336571,1322.7,1325.9,1313.2
3/12/18,,214392,1324.1,1325,1315.3
3/13/18,,321790,1323.3,1328.8,1313.8
3/14/18,,247027,1326.7,1330.5,1321.7
3/15/18,,241746,1324.7,1328.1,1314.9
3/16/18,,277568,1316.8,1321.8,1309.5
3/19/18,,283944,1312.9,1319.6,1307.4
3/20/18,,281146,1316.5,1318.1,1306.6
3/21/18,,451237,1310.6,1336.9,1309.5
3/22/18,,70121,1338,1340.8,1330.3
3/23/18,,124800,1335.5,1356.3,1334.7
3/26/18,,187073,1350.6,1361.8,1349.2
3/27/18,,24159,1351.1,1352.2,1347.9
3/28/18,,358319,1351.1,1352.2,1327.7
3/29/18,,235348,1329.3,1332.6,1325.4
4/2/18,,4979,1336.3,1355.1,1335.1
4/3/18,,276654,1345,1346.6,1332.7
4/4/18,,334886,1336.7,1352.5,1335.2
4/5/18,,266243,1337.1,1338.7,1326
4/6/18,,361181,1329.7,1339.1,1322.6
4/9/18,,222038,1338,1341.5,1330.1
4/10/18,,278138,1339.8,1346.2,1334.2
4/11/18,,467541,1343.1,1369.4,1342.5
4/12/18,,374672,1356.3,1356.7,1336.7
4/13/18,,253937,1337.6,1350.3,1335.5
4/16/18,,258382,1349.8,1353.5,1342.8
4/17/18,,267744,1349.1,1352.2,1340.2
4/18/18,,298749,1350.4,1359,1345
4/19/18,,325544,1352.4,1357.7,1343.2
4/20/18,,269829,1348.5,1348.9,1337
4/23/18,,276592,1336.2,1337.6,1323.8
4/24/18,,267707,1326.1,1334.5,1323.6
4/25/18,,256659,1332,1333.8,1320.2
4/26/18,,285847,1324.2,1328,1316.2
4/27/18,,232724,1318,1326.4,1315.8
4/30/18,,287438,1324,1325.9,1310.7
5/1/18,,267336,1316,1317.4,1302.3
5/2/18,,350840,1304.4,1314.9,1304.3
5/3/18,,297240,1305.5,1319,1305.2
5/4/18,,299809,1312.8,1316.9,1308.5
5/7/18,,230426,1316.3,1320.1,1310.6
5/8/18,,398268,1314.1,1318.5,1306.2
5/9/18,,372491,1315.3,1317.8,1304.2
5/10/18,,362491,1312.8,1323.4,1310.6
5/11/18,,259923,1321.8,1326.3,1317
5/14/18,,235892,1318.3,1322.4,1312.8
5/15/18,,461831,1313.2,1314.7,1288.2
5/16/18,,321197,1290.1,1296.4,1285.7
5/17/18,,289678,1290.2,1294,1284
5/18/18,,254923,1290,1293.7,1285.1
5/21/18,,313755,1290.3,1292.7,1281.2
5/22/18,,42154,1298.2,1301.3,1292.8
5/23/18,,61616,1295.9,1303.8,1292
5/24/18,,99686,1298,1311.8,1297.4
5/25/18,,61195,1305.7,1309,1299.9
5/29/18,,348290,1302.2,1311.3,1296.6
5/30/18,,320122,1303.1,1308.8,1300
5/31/18,,293132,1306,1311.5,1301
6/1/18,,308394,1303,1304.8,1293.1
6/4/18,,209443,1296.7,1302.3,1293.8
6/5/18,,257770,1296.4,1304.8,1293.5
6/6/18,,239391,1300.6,1306.1,1297.7
6/7/18,,239302,1300.9,1307.8,1299
6/8/18,,211335,1301.3,1304.8,1296
6/11/18,,206333,1303.5,1307,1297.8
6/12/18,,227402,1304.5,1304.8,1296.3
6/13/18,,254837,1299.6,1305.2,1294.5
6/14/18,,332112,1303.1,1313,1301
6/15/18,,495364,1305.9,1306.7,1277.9
6/18/18,,180772,1281.1,1284.9,1279.5
6/19/18,,272942,1280.7,1286.8,1272.6
6/20/18,,223323,1277.3,1278.6,1269.6
6/21/18,,268481,1269.7,1272.3,1262.4
6/22/18,,177199,1268.6,1273.1,1268.4
6/25/18,,191258,1272.2,1274.4,1265.5
6/26/18,,243918,1267.3,1269.4,1256.4
6/27/18,,250008,1260.5,1261.9,1252.2
6/28/18,,234981,1253.6,1255.8,1247.2
6/29/18,,221077,1249.5,1257.1,1246.9
7/2/18,,251533,1253.4,1255.6,1240.6
7/3/18,,145678,1253.5,1262.4,1238.8
7/5/18,,372468,1257.7,1262.4,1252.2
7/6/18,,195750,1258.4,1260.2,1253.7
7/9/18,,231724,1255.7,1266.9,1255.7
7/10/18,,266748,1258.5,1261,1247.7
7/11/18,,293555,1256.7,1257.3,1241.7
7/12/18,,216104,1242.3,1248.8,1241.4
7/13/18,,248662,1247.7,1248.5,1236.2
7/16/18,,178908,1241,1245.8,1238.3
7/17/18,,304251,1240.8,1245.1,1225.9
7/18/18,,272126,1227,1229.1,1220.9
7/19/18,,414022,1227.3,1229.6,1210.7
7/20/18,,342215,1222.9,1232.4,1215.3
7/23/18,,75122,1240.7,1244.7,1231.1
7/24/18,,64451,1233.4,1238.6,1227
7/25/18,,55539,1233.3,1243.4,1232.5
7/26/18,,99096,1240.8,1244.6,1231.3
7/27/18,,150903,1231.4,1236.5,1226.3
7/30/18,,178604,1231.1,1234.1,1227.8
7/31/18,,287649,1230.5,1237.8,1222.6
8/1/18,,210076,1232.7,1233.7,1224.4
8/2/18,,411,1214.7,1219.3,1205.8
8/3/18,,272386,1216,1228.5,1212.5
8/6/18,,297,1214.4,1214.4,1206.6
8/7/18,,199691,1215.8,1224.3,1215.6
8/8/18,,255706,1218.7,1223.8,1213.6
8/9/18,,225166,1222,1225.6,1218.4
8/10/18,,317657,1220,1224.9,1213.1
8/13/18,,363069,1218.4,1221.4,1198.6
8/14/18,,92,1193.1,1197.5,1192.8
8/15/18,,364039,1201.5,1202,1180
8/16/18,,353666,1183,1189,1167.1
8/17/18,,246695,1180.7,1192,1178.5
8/20/18,,199964,1190.4,1197.7,1189.6
8/21/18,,211149,1197.3,1204.3,1194.3
8/22/18,,227367,1203,1208.4,1199.2
8/23/18,,226193,1202.8,1203.4,1190.2
8/24/18,,286519,1191.6,1215.4,1189.5
8/27/18,,205140,1214.5,1218.8,1209.3
8/28/18,,136,1209.7,1217,1202.3
8/29/18,,235721,1206.6,1213.7,1206.6
8/30/18,,276369,1212.6,1214,1202.1
8/31/18,,117750,1206.3,1209.7,1201.2
9/4/18,,402704,1207,1209.7,1195.1
9/5/18,,203575,1197.2,1204.2,1196.4
9/6/18,,278851,1202.5,1212.7,1200.5
9/7/18,,272324,1205.6,1209,1198.7
9/10/18,,207244,1200.7,1203.8,1196.2
9/11/18,,253326,1200.4,1204.8,1192.7
9/12/18,,292275,1203.5,1213.9,1197.6
9/13/18,,295658,1212.4,1218,1205
9/14/18,,276004,1206.6,1213.8,1197.7
9/17/18,,205761,1199.8,1209.7,1197.5
9/18/18,,223080,1206.4,1208.2,1200.3
9/19/18,, N/A,1202.2,1202.2,1202.2
9/20/18,,232693,1208.8,1213.2,1205.1
9/21/18,,333369,1212.1,1215.8,1196
9/24/18,,207122,1204,1208.8,1198.6
9/25/18,,192109,1203.1,1207.9,1201.3
9/26/18,,330481,1205.5,1206.9,1194.6
9/27/18,,4947,1194.6,1197.3,1180.5
9/28/18,,300928,1186.8,1198,1184.3
10/1/18,,213617,1196.1,1196.5,1188.1
10/2/18,,350240,1192.7,1212.3,1192.2
10/3/18,,246832,1207,1212.3,1200.4
10/4/18,,280314,1201.4,1210.7,1199.6
10/5/18,,250219,1203.7,1209.8,1200.9
10/8/18,,250,1201,1201,1183.7
10/9/18,,236941,1192.2,1195.8,1186.6
10/10/18,,243118,1192.7,1198.6,1188.5
10/11/18,,503085,1197.9,1230,1194.7
10/12/18,,309392,1227.7,1228.1,1219.3
10/15/18,,136,1222.4,1232.3,1222.4
10/16/18,,233393,1230.5,1235.9,1226.3
10/17/18,,228207,1228,1232.9,1223.7
10/18/18,,239133,1225.5,1233.6,1221.7
10/19/18,,188648,1228.6,1234.1,1226.2
10/22/18,,180132,1230.5,1232.6,1222.8
10/23/18,,276325,1225.1,1243,1224.5
10/24/18,,204289,1233.8,1238,1228.3
10/25/18,,252780,1236.6,1242,1230.5
10/26/18,,304896,1234.7,1246,1232.5
10/29/18,,225204,1236.4,1237.6,1226.1
10/30/18,,218624,1231.9,1232.5,1221.4
10/31/18,,231855,1224.7,1225,1213.4
11/1/18,,293251,1216.6,1239.3,1216.1
11/2/18,,249587,1235.3,1238.4,1231.3
11/5/18,,157253,1234.5,1236.8,1228.4
11/6/18,,188660,1233.4,1237.8,1224.9
11/7/18,,252072,1228.9,1238.4,1224.2
11/8/18,,229614,1227.7,1228.5,1220.8
11/9/18,,306462,1224.3,1224.6,1207.2
11/12/18,,1,1201.6,1201.6,1201.6
11/13/18,,5,1196.3,1201.3,1196.3
11/14/18,,268788,1202.8,1217.2,1198.1
11/15/18,,234966,1211.8,1217,1207.1
11/16/18,,237367,1214.4,1226,1213.7
11/19/18,,189907,1222.6,1226.5,1218.5
11/20/18,,245888,1224.6,1229.5,1220.3
11/21/18,, N/A,1225.8,1225.8,1225.8
11/23/18,,234908,1227.8,1229.7,1220.3
11/26/18,,141646,1230.4,1234.5,1228
11/27/18,,132694,1228.5,1231.7,1217.8
11/28/18,,199518,1220.9,1233.8,1216.8
11/29/18,,229628,1227.1,1234.9,1226.7
11/30/18,,158763,1229.9,1231.1,1221.8
12/3/18,,233816,1227.8,1240.4,1226.6
12/4/18,,214514,1236.3,1247.5,1235.8
12/5/18,,104283,1244.6,1244.8,1238.7
12/6/18,,238860,1243,1249.9,1240
12/7/18,,215414,1243.1,1255.8,1242.6
12/10/18,,190957,1255.6,1256.6,1246.9
12/11/18,,176025,1249.8,1255.1,1245.8
12/12/18,,144462,1248.3,1252.6,1247.1
12/13/18,,148496,1250.7,1251.7,1244.4
12/14/18,,183625,1246.2,1247.3,1236.5
12/17/18,,156508,1242.8,1252.2,1239.4
12/18/18,,164361,1249.7,1254.5,1249
12/19/18,,261331,1253.5,1262.2,1245.3
12/20/18,,303814,1247,1270.3,1246.2
12/21/18,,200024,1263.5,1266.2,1257.1
12/24/18,,130455,1260.7,1273.9,1260
12/26/18,,198175,1273.5,1282.3,1267.4
12/27/18,,200717,1270.1,1281.6,1269.1
12/28/18,,155354,1278,1284.7,1276.5
12/31/18,,108913,1283,1286.5,1279.7
1/2/19,,222578,1285,1291,1280.6
1/3/19,,229532,1288.5,1296.9,1286.4
1/4/19,,299076,1296.5,1300.4,1278.1
1/7/19,,197176,1287,1297,1284.1
1/8/19,,206439,1289.9,1291.4,1280.2
1/9/19,,232491,1286.1,1295,1280.9
1/10/19,,227942,1294.7,1298,1286.7
1/11/19,,200393,1287.6,1295.7,1287
1/14/19,,7,1292.4,1293.9,1289.9
1/15/19,,229624,1292.4,1294.8,1286.5
1/16/19,,173284,1289.6,1295.4,1287.6
1/17/19,,188241,1293.9,1295,1288.3
1/18/19,,100826,1280.7,1283,1276
1/22/19,,307704,1279.1,1285,1276
1/23/19,,60819,1290.8,1292.1,1284
1/24/19,,68784,1288.3,1290,1281.5
1/25/19,,87878,1286,1309.3,1284.8
1/28/19,,122869,1308.5,1309.8,1302.7
1/29/19,,171769,1308.5,1317.1,1307.8
1/30/19,,262539,1317,1328.6,1313.5
1/31/19,,215552,1325.4,1331.1,1322.2
2/1/19,,192924,1326,1328.2,1320.6
2/4/19,,147699,1322.6,1323.6,1312.7
2/5/19,,122758,1316.8,1321,1314.8
2/6/19,,133244,1319.4,1319.9,1309.6
2/7/19,,159728,1310.9,1315.8,1306.4
2/8/19,,131864,1314.3,1319.5,1311.5
2/11/19,,119,1313.4,1313.4,1304.7
2/12/19,,144119,1311.6,1318.3,1310
2/13/19,,143,1311.6,1316,1308.1
2/14/19,,219485,1309.6,1317.4,1304.7
2/15/19,,91941,1325,1330.8,1323.8
2/19/19,,334325,1329.2,1345,1323.8
2/20/19,,235291,1343.9,1349.8,1339.8
2/21/19,,277389,1341.7,1344.3,1323.3
2/22/19,,236737,1325.8,1335.6,1323.8
2/25/19,,176322,1331.9,1334.9,1327.3
2/26/19,,179292,1329.9,1332.4,1325.5
2/27/19,,604,1327.7,1327.9,1316.5
2/28/19,,238804,1321.7,1328.9,1314
3/1/19,,328780,1315.5,1316.5,1291.3
3/4/19,,253631,1294.4,1298.1,1283.8
3/5/19,,207640,1287.8,1290.6,1282
3/6/19,,187195,1288.8,1291.8,1284.3
3/7/19,,246103,1287.3,1289.6,1280.8
3/8/19,,270805,1286.7,1301.3,1285.6
3/11/19,,187305,1298.2,1299.2,1290.6
3/12/19,,1,1294.7,1294.7,1294.7
3/13/19,,204246,1301.8,1311.6,1300.6
3/14/19,,1,1293.4,1293.4,1293.4
3/15/19,,224685,1295.6,1306.3,1293.7
3/18/19,,172561,1302,1306.7,1298
3/19/19,,203029,1303.7,1310.8,1302.1
3/20/19,,2,1300.7,1300.7,1300.7
3/21/19,,59829,1318.6,1326.3,1309.1
3/22/19,,78716,1315.4,1320.9,1312.8
3/25/19,,83949,1319.7,1330.8,1317
3/26/19,,119776,1328.3,1329.3,1318.5
3/27/19,,197067,1321.7,1325.2,1313.7
3/28/19,,407079,1315,1317.6,1293.3
3/29/19,,260381,1295,1304.6,1291.3
4/1/19,,229896,1297.2,1301.7,1291
4/2/19,,190667,1292.2,1297.1,1289.5
4/3/19,,186420,1296.9,1299,1292.7
4/4/19,,250306,1294.4,1298.7,1284.9
4/5/19,,227617,1296.5,1297.8,1288.3
4/8/19,,63,1292.2,1302.1,1291.8
4/9/19,,196670,1301.6,1310.4,1300.6
4/10/19,,212949,1308.2,1314.7,1304.7
4/11/19,,311101,1312.4,1313.1,1292.9
4/12/19,,185177,1295.8,1299.1,1293.2
4/15/19,,222209,1294,1295.2,1285.3
4/16/19,,308866,1290.8,1291.7,1275.5
4/17/19,,209965,1279.5,1282.1,1275.2
4/18/19,,219695,1276.2,1279.7,1273
4/22/19,,133327,1278,1281.9,1275.7
4/23/19,,271377,1277,1278.5,1267.9
4/24/19,,235966,1274.4,1280.7,1270.5
4/25/19,,230543,1277.9,1284.8,1275.2
4/26/19,,268033,1279.1,1290.9,1276
4/29/19,,199297,1289,1289.1,1279.9
4/30/19,,114,1281.7,1283.3,1280.8
5/1/19,,269944,1285.2,1289.4,1274.5
5/2/19,,273895,1278.5,1279.4,1267.3
5/3/19,,269353,1271.6,1283.9,1269
5/6/19,,240672,1281.8,1287.4,1278.1
5/7/19,,241502,1282.4,1287.3,1279.1
5/8/19,,288297,1285.6,1292.8,1280.2
5/9/19,,296815,1281.9,1289.2,1280.4
5/10/19,,227237,1285,1290.3,1283.9
5/13/19,,362480,1288.3,1302.2,1282.4
5/14/19,,215009,1300.8,1304.2,1294.3
5/15/19,,241040,1298,1301.7,1293.6
5/16/19,,256906,1297.7,1299.3,1284.2
5/17/19,,255125,1287.2,1289,1274.6
5/20/19,,206270,1277.6,1278.8,1273.3
5/21/19,,204984,1277.7,1277.7,1269
5/22/19,,186404,1274.4,1277.1,1272
5/23/19,,71630,1278.5,1292.5,1277.5
5/24/19,,23685,1289.2,1292.6,1288.9
5/28/19,,207053,1290.5,1292.6,1280.8
5/29/19,,194696,1284.3,1290.3,1283.8
5/30/19,,55573,1279.4,1288.3,1273.9
5/31/19,,322176,1293.2,1311.9,1292.5
6/3/19,,347054,1312.5,1333,1310.9
6/4/19,,302,1324.3,1328.6,1320.8
6/5/19,,391880,1330.2,1348.9,1329.3
6/6/19,,252464,1336.1,1344.2,1331.3
6/7/19,,314048,1339.7,1352.7,1334.3
6/10/19,,220533,1341.2,1341.7,1329
6/11/19,,204179,1331.8,1333.8,1323.6
6/12/19,,226929,1330.6,1342.3,1329.8
6/13/19,,197876,1337.8,1347,1335.9
6/14/19,,346086,1346.5,1362.2,1341.4
6/17/19,,230833,1345.5,1347.1,1336.6
6/18/19,,364839,1343.9,1358.5,1342.1
6/19/19,,320720,1350.4,1366.6,1344.8
6/20/19,,511767,1364.5,1397.7,1361.3
6/21/19,,496645,1391.2,1415.4,1386.1
6/24/19,,359931,1403.9,1425.1,1403.6
6/25/19,,618309,1423.4,1442.9,1415.1
6/26/19,,84,1407.2,1413.3,1405.8
6/27/19,,324556,1412.7,1415.3,1401.4
6/28/19,,297964,1413.3,1427.8,1408.6
7/1/19,,214,1386.6,1395.8,1382.8
7/2/19,,372203,1386.2,1424,1386.2
7/3/19,,118832,1421.6,1424.4,1412.7
7/5/19,,555564,1418.8,1426.8,1388.6
7/8/19,,303906,1401,1409.9,1393.8
7/9/19,,276008,1397.9,1402.4,1387.5
7/10/19,,426438,1400,1421.1,1391.8
7/11/19,,380765,1421.1,1429.4,1402.7
7/12/19,,272092,1406.2,1418.9,1404.5
7/15/19,,231266,1417.7,1421.6,1409.3
7/16/19,,327180,1416.4,1420,1402.1
7/17/19,,6,1404.6,1404.6,1404.6
7/18/19,,467773,1428.5,1449.7,1415.6
7/19/19,,509138,1448.3,1454.4,1421.1
7/22/19,,247608,1428.5,1430.8,1423
7/23/19,,380116,1426,1431.4,1414.6
7/24/19,,65218,1431,1442.9,1429.4
7/25/19,,112902,1439.3,1447,1423.9
7/26/19,,5,1422.8,1423,1422.8
7/29/19,,168447,1431.9,1440.8,1427.5
7/30/19,,248318,1439.5,1445.7,1434.8
7/31/19,,406886,1443.7,1447.8,1422.3
8/1/19,,567523,1425.6,1458.2,1412.1
8/2/19,,471109,1457.5,1461.9,1442.5
8/5/19,,1008,1440.4,1469.7,1440.4
8/6/19,,375937,1481.1,1486.8,1468.2
8/7/19,,824,1473.5,1509.9,1473.2
8/8/19,,385340,1512.1,1521.3,1501.6
8/9/19,,325590,1515.9,1521.1,1506.2
8/12/19,,338340,1509.2,1531.5,1498.6
8/13/19,,598082,1522.3,1546.1,1488.9
8/14/19,,474508,1513,1534.9,1504.5
8/15/19,,428618,1526.6,1537.7,1518.3
8/16/19,,314597,1533.9,1538.6,1513.9
8/19/19,,289329,1523,1523.6,1503.3
8/20/19,,240391,1506.3,1518.8,1503
8/21/19,,238972,1518.4,1518.4,1506.5
8/22/19,,686,1495.1,1495.1,1493.8
8/23/19,,459203,1508.8,1540.3,1503
8/26/19,,407500,1545.4,1565,1534.8
8/27/19,,334873,1537.3,1554.5,1535.3
8/28/19,,342556,1551.8,1556.6,1541.4
8/29/19,,439428,1549.4,1559.8,1528.6
8/30/19,,320657,1536.9,1541.9,1525.6
9/3/19,,541575,1539.2,1558.9,1529.6
9/4/19,,404779,1556,1566.2,1542.6
9/5/19,,586738,1561.4,1561.9,1514.3
9/6/19,,54,1517.3,1526,1504.5
9/9/19,,312350,1516.4,1523.8,1505.5
9/10/19,,390357,1507,1509.1,1492.1
9/11/19,,296849,1493.9,1506.2,1492.9
9/12/19,,480662,1504.9,1532.2,1496.8
9/13/19,,1,1486.9,1486.9,1486.9
9/16/19,,21,1500,1500.6,1498.5
9/17/19,,329751,1506.5,1515,1500.9
9/18/19,,352179,1509.7,1519.5,1490.7
9/19/19,,281865,1502,1512.1,1496.3
9/20/19,,2,1503,1503,1503
9/23/19,,349589,1521.5,1534.4,1517.9
9/24/19,,25,1515.1,1533,1515.1
9/25/19,,462742,1539.8,1542.8,1507.4
9/26/19,,367934,1510.9,1519.5,1507.1
9/27/19,,436289,1511.8,1514.4,1493.3
9/30/19,,424759,1501.7,1507.2,1470.5
10/1/19,,440804,1478,1493.5,1465
10/2/19,,205,1476.6,1503.7,1474.1
10/3/19,,400130,1505.6,1525.8,1501.7
10/4/19,,233,1505.6,1508.7,1497.1
10/7/19,,252399,1497.2,1499.7,1493.3
10/8/19,,46,1489.4,1506.3,1489.3
10/9/19,,277242,1515.4,1516.5,1510.1
10/10/19,,401849,1510.8,1522.3,1495.7
10/11/19,,462693,1498.3,1508,1478
10/14/19,,221049,1492,1501.5,1487.1
10/15/19,,307105,1497.7,1503,1480.8
10/16/19,,360083,1484.8,1495.5,1480.6
10/17/19,,296546,1494.2,1501.1,1487
10/18/19,,82,1487.3,1489.1,1486.6
10/21/19,,272195,1495.6,1498.7,1484.8
10/22/19,,200931,1487.5,1492.1,1484
10/23/19,,235483,1491.1,1499.4,1490.7
10/24/19,,290074,1495.1,1506.9,1490.4
10/25/19,,93,1501.4,1503.7,1499
10/28/19,,310472,1507.4,1510.8,1492.3
10/29/19,,283038,1494,1494,1489.7
10/30/19,,320,1487.2,1495.4,1481
10/31/19,,375394,1498.8,1516.7,1496
11/1/19,,235,1511,1511.6,1503
11/4/19,,250475,1516.4,1517.1,1506.5
11/5/19,,573018,1511.6,1511.9,1480.7
11/6/19,,302400,1491.5,1495.9,1490.5
11/7/19,,581,1466.8,1473,1466.5
11/8/19,,21,1469.1,1469.1,1461.7
11/11/19,,295394,1460,1467.4,1448.9
11/12/19,,6,1454.9,1454.9,1447.1
11/13/19,,335980,1463.5,1467.9,1462.8
11/14/19,,312108,1464,1475.5,1461.7
11/15/19,,13,1469.1,1469.1,1469.1
11/18/19,,325033,1467.8,1474.4,1456.6
11/19/19,,18,1467.7,1474.3,1467.7
11/20/19,,31,1472.6,1474.5,1467.3
11/21/19,,73979,1481.3,1482.7,1469.4
11/22/19,,77902,1470.9,1480.3,1468.1
11/25/19,,121238,1467.5,1468.9,1460.7
11/26/19,,271754,1461.3,1470,1456.6
11/27/19,,88164,1461.1,1461.9,1452
11/29/19,,259290,1461.7,1472.9,1459.1
12/2/19,,304242,1470.3,1471.7,1459.8
12/3/19,,1460,1461.6,1480.4,1459.5
12/4/19,,311909,1483.2,1489.9,1476.7
12/5/19,,231844,1480,1485.7,1478
12/6/19,,899,1475,1476,1458.2
12/9/19,,163682,1464.1,1469.8,1463
12/10/19,,367,1460.7,1467.2,1460.7
12/11/19,,247053,1479.1,1479.9,1478.7
12/12/19,,396657,1469.5,1474.9,1468.2
12/13/19,,468,1463.1,1475.9,1463.1