Date,Close,Volume,Open,High,Low
12/17/2014,25.82,126300.00,25.52,26.05,25.42
12/18/2014,25.56,76500.00,25.65,25.67,25.50
12/19/2014,26.38,36200.00,26.18,26.40,26.00
12/22/2014,26.16,36200.00,26.28,26.30,26.05
12/23/2014,25.95,47800.00,25.92,26.07,25.91
12/24/2014,26.04,10000.00,25.95,26.26,25.95
12/26/2014,26.64,19000.00,26.07,26.76,26.07
12/29/2014,26.30,64300.00,26.15,26.40,26.15
12/30/2014,26.17,37800.00,26.21,26.21,26.12
12/31/2014,26.22,31600.00,26.10,26.35,26.10
1/2/2015,26.10,37200.00,26.20,26.20,26.06
1/5/2015,25.53,30600.00,25.91,25.97,25.51
1/6/2015,25.69,35000.00,25.83,25.83,25.54
1/7/2015,26.95,81547.00,26.70,27.00,26.70
1/8/2015,28.08,61323.00,27.86,28.08,27.86
1/9/2015,27.51,29721.00,27.90,27.90,27.45
1/12/2015,27.57,25979.00,27.82,27.99,27.57
1/13/2015,27.33,83421.00,27.62,27.71,27.32
1/14/2015,27.64,41092.00,27.42,27.73,27.33
1/15/2015,27.07,33182.00,27.30,27.41,27.06
1/16/2015,26.67,146399.00,26.86,26.86,26.51
1/20/2015,26.61,30985.00,26.74,26.85,26.56
1/21/2015,26.79,35130.00,26.72,26.84,26.58
1/22/2015,26.61,27073.00,26.48,26.80,26.48
1/23/2015,26.93,51149.00,27.04,27.20,26.93
1/26/2015,27.33,31689.00,27.20,27.42,27.18
1/27/2015,27.03,72753.00,26.90,27.07,26.77
1/28/2015,26.39,41021.00,26.70,26.80,26.39
1/29/2015,25.86,79562.00,25.84,26.08,25.65
1/30/2015,25.64,140869.00,25.85,26.19,25.64
2/2/2015,26.06,71451.00,26.13,26.13,25.90
2/3/2015,28.45,124971.00,27.91,28.49,27.91
2/4/2015,29.50,185730.00,29.16,29.75,29.16
2/5/2015,29.94,48589.00,29.78,29.94,29.77
2/6/2015,29.40,57302.00,29.35,29.63,29.35
2/9/2015,30.35,101319.00,30.35,30.48,30.24
2/10/2015,30.57,29961.00,30.60,30.60,30.40
2/11/2015,30.86,65397.00,30.80,31.00,30.80
2/12/2015,31.75,41442.00,31.63,31.81,31.61
2/13/2015,31.25,49202.00,31.47,31.47,31.21
2/17/2015,30.52,39827.00,30.78,30.78,30.52
2/18/2015,30.43,36641.00,30.76,30.76,30.36
2/19/2015,30.38,27028.00,30.40,30.50,30.35
2/20/2015,29.62,99619.00,30.21,30.25,29.60
2/23/2015,30.73,153314.00,30.79,30.89,30.72
2/24/2015,30.65,57808.00,30.75,30.75,30.63
2/25/2015,30.45,48818.00,30.63,30.64,30.43
2/26/2015,30.49,39156.00,30.53,30.64,30.46
2/27/2015,30.58,45870.00,30.72,30.92,30.57
3/2/2015,31.08,75079.00,31.06,31.23,31.05
3/3/2015,30.80,46870.00,30.72,30.80,30.56
3/4/2015,30.69,56430.00,30.87,30.87,30.50
3/5/2015,31.01,62187.00,31.02,31.02,30.90
3/6/2015,31.34,42518.00,31.26,31.47,31.26
3/9/2015,31.14,39012.00,30.95,31.18,30.95
3/10/2015,29.95,59550.00,29.96,30.16,29.91
3/11/2015,29.06,47787.00,29.21,29.37,29.03
3/12/2015,29.73,28461.00,29.20,29.73,29.20
3/13/2015,27.93,88248.00,28.35,28.35,27.75
3/16/2015,28.45,63446.00,28.00,28.45,27.80
3/17/2015,27.87,29910.00,28.12,28.12,27.75
3/18/2015,28.56,33392.00,28.23,28.56,28.23
3/19/2015,28.56,38936.00,28.45,28.56,28.33
3/20/2015,28.34,26310.00,28.29,28.40,28.20
3/23/2015,29.09,26508.00,28.70,29.10,28.70
3/24/2015,29.34,25989.00,29.03,29.38,29.03
3/25/2015,29.58,41751.00,29.70,29.70,29.51
3/26/2015,29.08,74386.00,29.14,29.20,28.90
3/27/2015,28.57,23702.00,28.40,28.80,28.40
3/30/2015,28.97,18744.00,28.60,29.17,28.60
3/31/2015,29.15,48303.00,28.86,29.20,28.86
4/1/2015,29.05,22428.00,29.00,29.10,28.78
4/2/2015,29.15,23426.00,28.76,29.16,28.76
4/6/2015,29.36,17530.00,28.95,29.40,28.92
4/7/2015,29.29,30774.00,29.40,29.47,29.27
4/8/2015,30.58,418853.00,30.87,31.00,30.58
4/9/2015,33.57,130204.00,32.91,33.65,32.91
4/10/2015,33.38,57157.00,33.19,33.52,33.19
4/13/2015,34.35,56979.00,34.13,34.67,34.13
4/14/2015,33.68,32428.00,33.53,33.80,33.53
4/15/2015,34.35,69197.00,34.55,34.55,34.03
4/16/2015,34.51,35400.00,34.45,34.69,34.37
4/17/2015,33.31,46254.00,33.84,33.84,33.21
4/20/2015,32.52,46071.00,32.93,32.93,32.48
4/21/2015,33.40,47076.00,33.53,33.64,33.37
4/22/2015,33.90,127821.00,33.77,34.00,33.77
4/23/2015,33.73,31039.00,33.73,33.74,33.57
4/24/2015,33.55,43854.00,33.57,33.64,33.50
4/27/2015,33.57,29606.00,33.99,34.00,33.55
4/28/2015,34.59,42699.00,34.20,34.59,34.20
4/29/2015,34.92,28622.00,34.76,34.98,34.76
4/30/2015,34.21,38730.00,34.58,34.95,34.21
5/1/2015,34.59,109750.00,34.37,34.61,34.35
5/4/2015,34.76,22945.00,34.89,34.89,34.55
5/5/2015,34.61,18065.00,34.65,34.70,34.59
5/6/2015,33.74,22713.00,34.38,34.38,33.56
5/7/2015,32.95,49029.00,32.62,33.00,32.57
5/8/2015,34.47,36899.00,34.55,34.64,34.42
5/11/2015,35.45,73116.00,35.65,35.67,35.41
5/12/2015,34.78,38082.00,34.62,34.78,34.60
5/13/2015,34.71,17605.00,34.55,34.88,34.55
5/14/2015,35.60,32611.00,35.29,35.60,35.29
5/15/2015,34.85,28166.00,34.78,34.85,34.68
5/18/2015,34.74,13578.00,34.37,34.79,34.37
5/19/2015,34.40,37166.00,34.27,34.40,34.27
5/20/2015,34.48,27803.00,34.35,34.52,34.30
5/21/2015,34.80,28296.00,34.75,34.93,34.70
5/22/2015,33.43,108622.00,33.33,33.55,33.31
5/26/2015,32.72,89514.00,33.20,33.20,32.69
5/27/2015,32.28,44207.00,32.22,32.61,31.92
5/28/2015,31.52,66686.00,31.74,31.74,31.45
5/29/2015,31.62,35944.00,31.78,31.90,31.59
6/1/2015,31.54,32684.00,31.63,31.75,31.54
6/2/2015,31.34,43078.00,31.45,31.45,31.19
6/3/2015,31.54,56123.00,31.16,31.60,31.16
6/4/2015,31.50,65204.00,31.51,31.56,31.34
6/5/2015,30.92,33230.00,31.06,31.06,30.80
6/8/2015,30.54,22606.00,30.61,30.88,30.48
6/9/2015,29.65,40056.00,29.68,29.75,29.50
6/10/2015,29.21,66685.00,29.13,29.25,28.82
6/11/2015,29.14,33746.00,28.96,29.21,28.96
6/12/2015,29.49,27489.00,29.30,29.51,29.30
6/15/2015,28.75,44442.00,28.77,28.84,28.60
6/16/2015,28.14,73240.00,28.00,28.15,27.91
6/17/2015,28.68,34611.00,28.43,28.74,28.43
6/18/2015,28.99,25310.00,28.69,28.99,28.69
6/19/2015,29.25,30532.00,28.99,29.28,28.99
6/22/2015,29.08,86386.00,29.19,29.32,29.08
6/23/2015,29.68,21992.00,29.43,29.70,29.43
6/24/2015,29.29,31496.00,29.35,29.35,29.22
6/25/2015,28.29,24193.00,28.35,28.35,28.26
6/26/2015,28.25,21699.00,28.29,28.40,28.20
6/29/2015,26.51,111608.00,26.85,26.85,26.33
6/30/2015,27.74,44295.00,27.68,27.74,27.39
7/1/2015,27.15,33004.00,27.66,27.86,27.02
7/2/2015,26.72,18282.00,27.32,27.32,26.70
7/6/2015,24.54,75607.00,24.64,24.68,24.17
7/7/2015,23.60,106513.00,23.65,23.65,23.11
7/8/2015,22.79,220356.00,22.95,23.18,22.69
7/9/2015,24.60,106589.00,24.63,24.80,24.56
7/10/2015,25.00,76402.00,24.88,25.27,24.88
7/13/2015,25.35,70748.00,25.13,25.70,25.13
7/14/2015,24.64,44884.00,24.80,24.80,24.35
7/15/2015,24.24,36432.00,24.26,24.41,24.10
7/16/2015,23.99,49314.00,24.17,24.17,23.93
7/17/2015,24.73,56279.00,24.55,24.80,24.33
7/20/2015,24.20,46959.00,24.25,24.46,24.20
7/21/2015,23.72,88133.00,23.98,23.98,23.71
7/22/2015,23.23,192824.00,23.26,23.44,23.12
7/23/2015,23.43,104275.00,23.64,23.64,23.43
7/24/2015,23.28,45293.00,23.56,23.56,23.23
7/27/2015,22.07,80137.00,22.29,22.35,22.03
7/28/2015,22.43,95299.00,22.14,22.43,22.11
7/29/2015,22.59,40476.00,22.37,22.62,22.33
7/30/2015,22.30,29340.00,22.31,22.36,22.29
7/31/2015,21.60,61040.00,21.69,22.03,21.59
8/3/2015,21.13,55828.00,21.40,21.41,21.06
8/4/2015,21.66,29776.00,21.67,21.88,21.49
8/5/2015,21.95,43071.00,22.10,22.10,21.90
8/6/2015,21.16,103391.00,21.40,21.40,21.09
8/7/2015,21.23,35735.00,21.08,21.35,21.08
8/10/2015,21.74,59786.00,21.83,21.90,21.65
8/11/2015,22.11,101524.00,21.90,22.13,21.90
8/12/2015,21.80,109688.00,21.85,21.93,21.57
8/13/2015,19.75,166841.00,20.00,20.00,19.73
8/14/2015,18.72,93618.00,18.74,18.79,18.61
8/17/2015,18.55,63310.00,18.70,18.75,18.54
8/18/2015,17.49,99868.00,17.65,17.65,17.38
8/19/2015,18.01,80155.00,18.41,18.41,17.96
8/20/2015,17.38,130573.00,17.70,17.73,17.38
8/21/2015,16.91,83390.00,17.38,17.38,16.91
8/24/2015,16.05,227084.00,16.33,16.70,15.56
8/25/2015,16.35,146512.00,17.20,17.20,16.35
8/26/2015,16.20,117808.00,16.16,16.21,15.80
8/27/2015,16.56,190646.00,16.17,16.56,16.17
8/28/2015,17.21,358019.00,17.01,17.34,16.97
8/31/2015,16.19,277003.00,16.35,16.50,16.13
9/1/2015,15.65,350704.00,16.20,16.20,15.60
9/2/2015,15.59,95250.00,15.67,15.75,15.50
9/3/2015,15.86,112376.00,15.85,16.00,15.78
9/4/2015,16.07,54939.00,16.02,16.09,15.91
9/8/2015,17.50,76095.00,17.50,17.87,17.45
9/9/2015,17.28,63565.00,17.77,17.77,17.28
9/10/2015,16.72,45307.00,16.82,17.20,16.66
9/11/2015,16.95,23572.00,16.88,17.08,16.83
9/14/2015,16.85,15349.00,16.88,17.30,16.79
9/15/2015,17.36,44876.00,17.00,17.38,16.78
9/16/2015,18.13,506832.00,17.97,18.18,17.97
9/17/2015,19.05,67280.00,18.74,19.34,18.74
9/18/2015,18.28,60338.00,18.68,18.77,18.26
9/21/2015,18.19,31739.00,18.29,18.32,18.12
9/22/2015,17.58,78418.00,17.55,17.71,17.37
9/23/2015,17.18,14822.00,17.36,17.36,17.12
9/24/2015,16.87,25114.00,17.12,17.12,16.69
9/25/2015,16.80,30151.00,17.17,17.17,16.76
9/28/2015,16.56,25618.00,16.76,16.89,16.56
9/29/2015,15.96,49728.00,15.91,16.10,15.72
9/30/2015,16.82,31365.00,16.98,17.19,16.73
10/1/2015,16.91,27357.00,16.87,17.04,16.83
10/2/2015,17.45,38140.00,16.94,17.49,16.94
10/5/2015,17.77,18214.00,17.53,17.79,17.51
10/6/2015,17.05,24742.00,17.28,17.28,17.01
10/7/2015,17.75,25694.00,17.70,17.93,17.64
10/8/2015,17.82,17236.00,17.60,17.82,17.60
10/9/2015,18.12,54407.00,18.07,18.25,18.04
10/12/2015,19.36,43101.00,19.61,19.61,19.35
10/13/2015,19.64,18185.00,19.61,19.86,19.42
10/14/2015,19.25,52326.00,19.66,19.66,19.24
10/15/2015,19.75,107808.00,19.58,19.82,19.58
10/16/2015,19.22,53102.00,19.38,19.38,19.08
10/19/2015,18.46,67177.00,18.98,18.98,18.39
10/20/2015,18.72,48800.00,18.84,18.84,18.59
10/21/2015,18.58,115577.00,18.80,18.80,18.50
10/22/2015,18.18,22390.00,18.24,18.24,17.98
10/23/2015,18.50,20826.00,18.33,18.50,18.33
10/26/2015,18.51,46913.00,18.65,18.65,18.38
10/27/2015,18.21,21944.00,18.26,18.30,18.16
10/28/2015,17.90,50495.00,18.00,18.11,17.76
10/29/2015,18.13,21852.00,18.03,18.16,18.02
10/30/2015,18.54,28269.00,18.23,18.69,18.23
11/2/2015,18.91,42712.00,18.58,18.93,18.57
11/3/2015,19.29,15420.00,19.00,19.32,19.00
11/4/2015,19.58,36813.00,19.52,19.80,19.52
11/5/2015,19.74,23401.00,19.70,19.74,19.61
11/6/2015,19.44,24201.00,19.40,19.49,19.21
11/9/2015,19.28,22043.00,19.30,19.64,19.18
11/10/2015,18.56,23539.00,18.75,18.87,18.52
11/11/2015,18.70,12391.00,18.63,18.84,18.63
11/12/2015,19.58,43841.00,19.28,19.59,19.28
11/13/2015,20.80,67355.00,20.81,20.98,20.80
11/16/2015,21.72,35822.00,21.35,21.72,21.35
11/17/2015,21.84,34737.00,21.98,21.98,21.78
11/18/2015,21.70,19225.00,21.62,21.73,21.50
11/19/2015,21.76,30708.00,21.86,21.86,21.72
11/20/2015,21.95,57780.00,21.96,22.03,21.95
11/23/2015,21.52,43322.00,21.73,21.73,21.49
11/24/2015,22.44,64797.00,22.33,22.44,22.13
11/25/2015,22.20,15055.00,22.40,22.40,22.20
11/27/2015,20.92,13827.00,21.13,21.13,20.90
11/30/2015,21.50,13483.00,21.35,21.50,21.20
12/1/2015,21.72,33631.00,21.66,21.83,21.60
12/2/2015,21.42,18583.00,21.69,21.69,21.42
12/3/2015,21.25,8241.00,21.60,21.60,21.25
12/4/2015,21.60,29239.00,21.60,21.71,21.60
12/7/2015,21.85,27706.00,22.15,22.15,21.75
12/8/2015,21.46,22535.00,21.43,21.50,21.41
12/9/2015,21.20,34077.00,21.49,21.49,21.20
12/10/2015,20.52,32907.00,20.76,20.76,20.51
12/11/2015,20.34,40114.00,20.54,20.65,20.34
12/14/2015,20.36,10022.00,20.53,20.58,20.31
12/15/2015,20.53,53846.00,20.35,20.67,20.35
12/16/2015,20.99,21717.00,20.78,20.99,20.65
12/17/2015,20.43,20124.00,20.80,20.80,20.43
12/18/2015,20.39,27834.00,20.35,20.44,20.23
12/21/2015,20.62,29671.00,20.99,20.99,20.59
12/22/2015,20.63,94593.00,20.63,20.71,20.53
12/23/2015,21.12,39347.00,20.99,21.12,20.99
12/24/2015,20.91,16476.00,21.15,21.15,20.90
12/28/2015,20.60,22078.00,20.50,20.65,20.43
12/29/2015,20.49,19364.00,20.54,20.57,20.48
12/30/2015,20.24,33603.00,20.25,20.35,20.24
12/31/2015,20.08,36271.00,20.11,20.18,20.07
1/4/2016,18.93,39034.00,19.20,19.36,18.80
1/5/2016,18.86,29878.00,18.93,18.93,18.76
1/6/2016,18.03,41721.00,18.25,18.25,17.94
1/7/2016,17.68,38923.00,17.72,18.03,17.68
1/8/2016,17.93,76420.00,18.57,18.58,17.93
1/11/2016,17.63,57462.00,17.91,17.92,17.53
1/12/2016,17.55,40763.00,17.67,17.67,17.40
1/13/2016,16.87,42883.00,17.39,17.45,16.86
1/14/2016,17.28,32463.00,17.04,17.31,16.95
1/15/2016,16.09,86934.00,16.33,16.33,16.05
1/19/2016,17.10,82151.00,17.40,17.81,17.04
1/20/2016,16.58,64539.00,16.50,16.79,16.13
1/21/2016,16.53,46695.00,16.40,16.75,16.25
1/22/2016,17.02,39923.00,16.99,17.06,16.96
1/25/2016,17.49,30682.00,18.00,18.00,17.47
1/26/2016,17.63,26290.00,17.50,17.72,17.45
1/27/2016,17.49,12956.00,17.63,17.85,17.49
1/28/2016,17.34,16865.00,17.46,17.49,17.30
1/29/2016,17.64,31204.00,17.57,17.64,17.43
2/1/2016,18.07,25932.00,18.11,18.11,17.99
2/2/2016,18.48,23064.00,18.50,18.65,18.36
2/3/2016,17.18,63633.00,16.90,17.19,16.64
2/4/2016,17.30,14999.00,17.18,17.47,17.18
2/5/2016,17.00,44048.00,17.15,17.30,17.00
2/8/2016,16.68,72561.00,17.47,17.47,16.51
2/9/2016,16.50,10611.00,16.51,16.63,16.35
2/10/2016,16.64,54439.00,16.66,16.81,16.61
2/11/2016,15.91,65223.00,15.80,16.03,15.74
2/12/2016,16.50,47685.00,16.51,16.51,16.28
2/16/2016,16.69,26201.00,16.65,16.72,16.60
2/17/2016,17.00,22368.00,16.95,17.05,16.82
2/18/2016,16.90,27579.00,17.12,17.19,16.90
2/19/2016,17.10,18004.00,17.09,17.17,17.08
2/22/2016,17.57,39652.00,17.87,17.87,17.43
2/23/2016,17.02,25471.00,17.29,17.29,16.96
2/24/2016,16.75,17029.00,16.64,16.75,16.43
2/25/2016,16.74,25930.00,16.49,16.75,16.48
2/26/2016,16.88,11036.00,16.99,17.00,16.88
2/29/2016,16.77,10694.00,16.85,16.86,16.72
3/1/2016,17.12,133603.00,16.88,17.16,16.84
3/2/2016,16.42,27959.00,16.84,16.84,16.20
3/3/2016,16.57,11674.00,16.60,16.60,16.45
3/4/2016,17.05,15539.00,16.67,17.14,16.67
3/7/2016,16.83,17390.00,16.44,16.94,16.44
3/8/2016,16.45,15307.00,16.87,16.87,16.30
3/9/2016,16.43,23220.00,16.50,16.52,16.43
3/10/2016,16.10,12269.00,16.35,16.66,16.07
3/11/2016,16.72,30709.00,16.80,16.80,16.61
3/14/2016,16.85,14708.00,16.90,16.90,16.72
3/15/2016,16.86,7408.00,16.82,16.86,16.79
3/16/2016,16.93,26348.00,16.72,16.93,16.55
3/17/2016,16.79,10972.00,16.54,16.82,16.50
3/18/2016,16.32,88148.00,16.40,16.41,16.20
3/21/2016,16.16,12800.00,16.00,16.32,16.00
3/22/2016,16.38,23842.00,16.22,16.43,16.18
3/23/2016,16.03,12963.00,16.43,16.43,16.00
3/24/2016,15.68,69068.00,15.75,15.80,15.65
3/28/2016,15.75,19220.00,15.64,15.76,15.64
3/29/2016,15.64,25177.00,15.59,15.70,15.42
3/30/2016,15.84,20368.00,15.89,15.91,15.71
3/31/2016,15.54,34725.00,15.64,15.75,15.54
4/1/2016,15.25,53684.00,15.38,15.39,15.10
4/4/2016,15.18,26814.00,15.21,15.41,15.16
4/5/2016,14.57,78449.00,14.86,14.86,14.51
4/6/2016,14.63,225294.00,14.83,14.83,14.56
4/7/2016,14.53,32736.00,14.80,14.80,14.53
4/8/2016,15.10,23088.00,14.86,15.24,14.86
4/11/2016,15.05,18361.00,14.93,15.29,14.93
4/12/2016,15.64,28661.00,15.49,15.65,15.27
4/13/2016,15.98,45984.00,16.00,16.04,15.81
4/14/2016,16.50,55189.00,16.33,16.53,16.33
4/15/2016,16.44,22404.00,16.57,16.57,16.44
4/18/2016,16.58,34444.00,16.45,16.63,16.43
4/19/2016,16.81,30098.00,17.00,17.00,16.69
4/20/2016,16.46,12117.00,16.68,16.68,16.21
4/21/2016,16.28,16753.00,16.18,16.43,16.18
4/22/2016,16.11,21590.00,16.31,16.31,16.11
4/25/2016,16.30,22056.00,16.27,16.36,16.27
4/26/2016,16.62,21956.00,16.28,16.69,16.28
4/27/2016,16.49,13097.00,16.65,16.65,16.30
4/28/2016,16.44,39779.00,16.22,16.53,16.22
4/29/2016,15.72,15016.00,16.00,16.00,15.63
5/2/2016,15.73,29384.00,16.00,16.04,15.72
5/3/2016,14.98,22711.00,15.47,15.47,14.91
5/4/2016,14.85,27130.00,14.89,14.96,14.80
5/5/2016,14.86,138769.00,14.80,14.90,14.60
5/6/2016,14.54,27804.00,14.50,14.70,14.50
5/9/2016,14.31,82090.00,14.50,14.66,14.31
5/10/2016,13.45,132637.00,13.25,13.49,13.25
5/11/2016,13.31,30856.00,13.43,13.45,13.31
5/12/2016,13.15,34788.00,13.60,13.60,13.13
5/13/2016,12.69,58494.00,13.05,13.08,12.66
5/16/2016,13.31,40334.00,13.08,13.35,13.08
5/17/2016,13.13,59903.00,13.06,13.20,13.06
5/18/2016,12.80,29809.00,12.70,12.95,12.70
5/19/2016,12.79,18541.00,12.87,12.90,12.75
5/20/2016,12.70,76991.00,12.90,12.90,12.70
5/23/2016,12.48,38819.00,12.51,12.55,12.48
5/24/2016,12.65,20214.00,12.56,12.68,12.54
5/25/2016,12.94,21357.00,12.82,12.94,12.72
5/26/2016,12.30,83721.00,12.58,12.94,12.26
5/27/2016,12.32,43548.00,12.25,12.35,12.25
5/31/2016,12.34,47142.00,12.34,12.43,12.18
6/1/2016,11.98,76082.00,12.20,12.27,11.93
6/2/2016,11.69,78591.00,11.70,11.70,11.60
6/3/2016,12.02,33933.00,11.84,12.06,11.77
6/6/2016,12.02,26331.00,11.68,12.05,11.68
6/7/2016,12.12,48020.00,12.05,12.20,12.00
6/8/2016,12.36,22238.00,12.10,12.37,12.10
6/9/2016,12.34,59368.00,12.12,12.48,12.12
6/10/2016,12.39,113456.00,12.52,12.57,12.39
6/13/2016,12.57,38712.00,12.45,12.66,12.45
6/14/2016,12.17,27400.00,12.00,12.25,12.00
6/15/2016,12.16,538154.00,12.25,12.41,12.14
6/16/2016,12.12,47935.00,12.09,12.14,11.85
6/17/2016,12.23,22576.00,12.23,12.23,12.05
6/20/2016,12.26,33901.00,12.36,12.39,12.24
6/21/2016,12.11,25902.00,12.22,12.22,12.09
6/22/2016,12.28,45749.00,12.25,12.39,12.24
6/23/2016,12.48,56027.00,12.38,12.48,12.38
6/24/2016,11.95,44728.00,12.31,12.31,11.74
6/27/2016,11.71,71575.00,11.95,12.00,11.62
6/28/2016,11.81,44675.00,11.95,11.95,11.70
6/29/2016,12.05,7036.00,11.97,12.08,11.97
6/30/2016,12.08,16510.00,12.00,12.08,11.94
7/1/2016,12.24,37423.00,12.08,12.25,12.04
7/5/2016,11.97,96425.00,12.10,12.10,11.91
7/6/2016,11.94,11548.00,11.83,11.98,11.80
7/7/2016,11.38,62528.00,11.71,11.71,11.31
7/8/2016,11.65,20362.00,11.52,11.68,11.52
7/11/2016,11.66,23436.00,11.62,11.68,11.56
7/12/2016,11.88,42764.00,11.68,11.92,11.68
7/13/2016,11.81,72329.00,11.83,11.85,11.77
7/14/2016,12.21,66071.00,12.05,12.25,12.05
7/15/2016,12.21,17931.00,12.25,12.25,12.02
7/18/2016,13.05,66699.00,12.90,13.09,12.83
7/19/2016,12.96,33532.00,12.92,13.04,12.92
7/20/2016,13.45,63604.00,13.50,13.52,13.20
7/21/2016,13.46,44037.00,13.79,13.79,13.34
7/22/2016,13.58,35000.00,13.76,13.76,13.55
7/25/2016,13.17,70208.00,13.32,13.40,13.12
7/26/2016,13.11,29310.00,12.96,13.17,12.96
7/27/2016,13.30,70820.00,13.15,13.43,13.06
7/28/2016,13.12,110320.00,13.21,13.26,13.00
7/29/2016,12.98,26157.00,13.10,13.10,12.95
8/1/2016,12.86,58210.00,13.09,13.09,12.86
8/2/2016,12.86,49878.00,12.95,12.97,12.75
8/3/2016,13.04,26618.00,12.81,13.05,12.81
8/4/2016,13.12,35412.00,13.05,13.20,13.05
8/5/2016,13.27,46426.00,13.23,13.29,13.13
8/8/2016,13.86,69491.00,13.85,13.99,13.85
8/9/2016,13.91,18115.00,13.84,13.96,13.84
8/10/2016,13.77,31940.00,13.86,13.86,13.64
8/11/2016,13.78,38205.00,13.94,13.94,13.70
8/12/2016,13.84,7891.00,13.78,13.87,13.78
8/15/2016,14.11,15082.00,14.25,14.25,14.00
8/16/2016,13.95,26158.00,14.01,14.14,13.90
8/17/2016,13.75,10812.00,13.92,13.92,13.61
8/18/2016,14.24,46494.00,14.00,14.25,14.00
8/19/2016,13.51,22862.00,13.66,13.66,13.36
8/22/2016,13.37,9269.00,13.29,13.41,13.29
8/23/2016,13.40,13640.00,13.59,13.59,13.30
8/24/2016,13.24,17761.00,13.26,13.37,13.23
8/25/2016,13.14,12846.00,13.34,13.34,13.14
8/26/2016,13.20,12696.00,13.19,13.42,13.15
8/29/2016,13.36,41976.00,13.30,13.37,13.30
8/30/2016,13.44,49403.00,13.44,13.52,13.41
8/31/2016,13.34,17312.00,13.40,13.41,13.31
9/1/2016,13.64,81057.00,13.65,13.68,13.55
9/2/2016,13.73,48907.00,13.68,13.77,13.68
9/6/2016,14.06,57028.00,14.13,14.14,14.05
9/7/2016,13.95,52270.00,13.95,14.15,13.90
9/8/2016,13.97,15574.00,13.96,14.03,13.94
9/9/2016,13.61,21361.00,13.95,14.02,13.61
9/12/2016,13.58,30715.00,13.66,13.66,13.39
9/13/2016,13.27,65873.00,13.40,13.62,13.18
9/14/2016,13.27,5300.00,13.20,13.31,13.20
9/15/2016,13.34,44153.00,13.35,13.39,13.33
9/16/2016,13.29,29782.00,13.36,13.36,13.22
9/19/2016,13.31,644320.00,13.33,13.47,13.31
9/20/2016,13.30,387801.00,13.50,13.50,13.30
9/21/2016,13.45,62553.00,13.32,13.50,13.32
9/22/2016,13.49,27823.00,13.46,13.60,13.46
9/23/2016,13.36,31517.00,13.45,13.73,13.36
9/26/2016,13.10,47631.00,13.25,13.39,13.06
9/27/2016,13.24,15365.00,13.18,13.26,13.18
9/28/2016,13.31,24060.00,13.25,13.44,13.23
9/29/2016,13.16,42075.00,13.11,13.32,13.11
9/30/2016,13.30,24601.00,13.26,13.35,13.15
10/3/2016,13.22,10932.00,13.38,13.38,13.21
10/4/2016,13.14,4074.00,13.21,13.22,13.12
10/5/2016,13.50,84530.00,13.27,13.90,13.27
10/6/2016,13.49,20516.00,13.44,13.51,13.44
10/7/2016,13.23,88724.00,13.20,13.50,13.18
10/10/2016,13.37,43813.00,13.35,13.39,13.35
10/11/2016,13.10,29845.00,13.11,13.18,13.02
10/12/2016,13.21,17518.00,13.18,13.24,13.15
10/13/2016,13.08,20600.00,13.01,13.08,12.96
10/14/2016,13.20,22071.00,13.08,13.20,13.08
10/17/2016,13.02,31982.00,13.06,13.07,13.02
10/18/2016,13.14,7293.00,13.17,13.17,13.13
10/19/2016,13.15,8731.00,13.05,13.15,13.05
10/20/2016,13.11,9758.00,13.08,13.15,13.08
10/21/2016,13.19,10440.00,13.11,13.25,13.06
10/24/2016,13.06,32084.00,13.16,13.30,13.04
10/25/2016,13.08,31504.00,12.99,13.15,12.99
10/26/2016,13.03,20273.00,13.03,13.10,13.02
10/27/2016,12.89,20724.00,13.07,13.07,12.89
10/28/2016,12.77,19330.00,13.00,13.00,12.76
10/31/2016,12.77,22605.00,12.63,12.77,12.63
11/1/2016,12.66,27378.00,12.64,12.86,12.60
11/2/2016,12.53,28101.00,12.50,12.59,12.49
11/3/2016,12.44,28016.00,12.45,12.52,12.43
11/4/2016,12.35,31981.00,12.42,12.45,12.35
11/7/2016,12.51,25286.00,12.71,12.71,12.34
11/8/2016,12.54,53508.00,12.41,12.57,12.39
11/9/2016,12.39,42370.00,12.40,12.46,12.29
11/10/2016,12.27,14397.00,12.33,12.42,12.25
11/11/2016,12.20,19168.00,12.11,12.28,12.11
11/14/2016,12.15,22259.00,12.15,12.25,12.00
11/15/2016,12.30,22656.00,12.06,12.51,12.06
11/16/2016,12.10,19630.00,12.13,12.32,12.10
11/17/2016,12.21,25043.00,12.25,12.25,12.05
11/18/2016,12.18,37919.00,11.97,12.21,11.97
11/21/2016,12.19,28701.00,12.30,12.31,12.01
11/22/2016,12.50,18599.00,12.52,12.55,12.35
11/23/2016,12.38,79970.00,12.35,12.40,12.29
11/25/2016,12.43,14424.00,12.40,12.46,12.40
11/28/2016,12.45,36143.00,12.35,12.51,12.35
11/29/2016,12.41,20922.00,12.33,12.41,12.26
11/30/2016,12.39,71555.00,12.62,12.62,12.31
12/1/2016,12.30,36897.00,12.66,12.66,12.29
12/2/2016,12.30,43240.00,12.18,12.39,12.18
12/5/2016,12.26,341052.00,12.26,12.29,12.23
12/6/2016,12.25,59528.00,12.16,12.31,12.16
12/7/2016,12.33,190973.00,12.11,12.34,12.11
12/8/2016,12.22,42841.00,12.40,12.40,12.20
12/9/2016,12.23,21643.00,12.38,12.38,12.20
12/12/2016,12.12,71396.00,12.13,12.25,12.10
12/13/2016,12.27,86304.00,12.14,12.30,12.08
12/14/2016,12.01,53999.00,12.04,12.26,11.99
12/15/2016,12.02,119971.00,12.01,12.03,11.98
12/16/2016,11.98,79950.00,12.01,12.03,11.97
12/19/2016,12.01,53854.00,12.05,12.05,11.97
12/20/2016,11.98,87982.00,11.84,12.03,11.84
12/21/2016,11.93,102491.00,11.87,12.31,11.87
12/22/2016,11.87,72345.00,11.86,11.92,11.82
12/23/2016,11.85,67266.00,11.79,11.90,11.79
12/27/2016,11.88,82804.00,11.77,11.90,11.75
12/28/2016,11.86,62250.00,11.81,11.88,11.81
12/29/2016,11.87,26828.00,11.85,11.87,11.85
12/30/2016,12.00,34732.00,12.00,12.06,12.00
1/3/2017,12.29,68431.00,12.06,12.39,12.06
1/4/2017,12.65,63798.00,12.71,12.72,12.51
1/5/2017,12.87,74178.00,12.70,12.89,12.70
1/6/2017,12.71,32488.00,12.80,12.84,12.70
1/9/2017,12.89,33481.00,12.70,12.92,12.70
1/10/2017,12.97,19707.00,12.90,12.99,12.82
1/11/2017,12.93,8080.00,12.80,12.94,12.80
1/12/2017,13.18,33440.00,13.10,13.20,13.10
1/13/2017,13.18,11997.00,13.17,13.44,13.01
1/17/2017,13.25,49139.00,13.40,13.40,13.23
1/18/2017,13.28,34188.00,13.58,13.58,13.25
1/19/2017,13.13,18473.00,13.17,13.17,13.08
1/20/2017,13.04,25034.00,13.11,13.11,13.00
1/23/2017,12.92,28236.00,13.08,13.08,12.86
1/24/2017,12.78,126178.00,12.60,12.90,12.60
1/25/2017,12.95,7442.00,12.93,12.98,12.89
1/26/2017,13.15,9495.00,13.00,13.17,13.00
1/27/2017,13.08,11206.00,13.05,13.23,13.05
1/30/2017,13.02,37699.00,13.33,13.33,12.95
1/31/2017,13.03,18242.00,13.11,13.11,12.95
2/1/2017,12.99,46646.00,13.00,13.02,12.94
2/2/2017,12.89,67628.00,12.98,12.98,12.89
2/3/2017,12.85,41734.00,12.80,12.95,12.80
2/6/2017,12.92,14671.00,12.83,12.92,12.83
2/7/2017,12.91,20756.00,12.76,12.96,12.76
2/8/2017,13.24,27825.00,12.99,13.30,12.99
2/9/2017,13.30,29837.00,13.44,13.50,13.20
2/10/2017,13.42,24512.00,13.42,13.47,13.31
2/13/2017,13.44,14123.00,13.40,13.50,13.38
2/14/2017,13.37,31286.00,13.24,13.43,13.24
2/15/2017,13.45,15217.00,13.23,13.50,13.23
2/16/2017,12.27,83239.00,12.75,12.75,12.22
2/17/2017,12.10,54040.00,12.03,12.25,12.03
2/21/2017,12.14,48420.00,12.23,12.23,12.10
2/22/2017,11.97,67747.00,12.00,12.13,11.96
2/23/2017,11.96,52982.00,11.85,12.00,11.85
2/24/2017,12.07,43296.00,12.00,12.14,12.00
2/27/2017,11.99,37306.00,12.05,12.08,11.97
2/28/2017,11.94,58616.00,12.10,12.10,11.91
3/1/2017,12.03,72926.00,11.96,12.08,11.96
3/2/2017,11.82,56189.00,12.10,12.10,11.82
3/3/2017,11.97,43723.00,11.97,12.05,11.95
3/6/2017,11.94,53777.00,11.95,12.05,11.94
3/7/2017,12.02,19509.00,12.05,12.08,12.01
3/8/2017,11.97,67444.00,11.98,12.03,11.96
3/9/2017,11.93,44628.00,11.95,12.03,11.91
3/10/2017,11.98,20573.00,12.01,12.10,11.92
3/13/2017,12.04,27784.00,12.00,12.05,11.98
3/14/2017,12.11,37989.00,11.97,12.13,11.97
3/15/2017,12.29,31967.00,12.14,12.37,12.14
3/16/2017,12.31,48486.00,12.54,12.54,12.31
3/17/2017,12.45,90986.00,12.41,12.45,12.40
3/20/2017,12.56,39520.00,12.40,12.56,12.40
3/21/2017,12.41,32797.00,12.60,12.64,12.41
3/22/2017,12.54,12256.00,12.59,12.59,12.51
3/23/2017,12.62,72197.00,12.55,12.62,12.55
3/24/2017,12.60,20108.00,12.55,12.60,12.55
3/27/2017,12.57,3921.00,12.45,12.57,12.45
3/28/2017,13.05,24906.00,12.84,13.10,12.84
3/29/2017,13.11,13226.00,13.14,13.15,13.10
3/30/2017,13.00,7443.00,13.00,13.10,12.99
3/31/2017,13.13,8790.00,13.32,13.32,12.98
4/3/2017,13.34,40527.00,13.48,13.50,13.30
4/4/2017,13.36,23284.00,13.19,13.38,13.19
4/5/2017,13.62,22015.00,13.50,13.65,13.45
4/6/2017,13.44,13131.00,13.44,13.49,13.39
4/7/2017,13.85,171355.00,13.75,13.90,13.62
4/10/2017,13.41,42815.00,13.40,13.72,13.40
4/11/2017,13.04,28911.00,13.20,13.20,13.00
4/12/2017,13.04,24324.00,13.04,13.08,13.04
4/13/2017,12.97,14348.00,13.04,13.06,12.97
4/17/2017,13.00,14773.00,12.84,13.01,12.84
4/18/2017,12.73,20112.00,12.91,12.91,12.73
4/19/2017,12.69,11122.00,12.68,12.75,12.68
4/20/2017,12.73,12536.00,12.59,12.77,12.59
4/21/2017,12.92,20455.00,12.92,12.96,12.90
4/24/2017,13.00,8020.00,13.10,13.10,12.97
4/25/2017,13.11,7855.00,13.16,13.16,13.11
4/26/2017,13.03,5512.00,13.11,13.11,13.00
4/27/2017,12.84,18414.00,12.84,12.85,12.80
4/28/2017,12.82,19556.00,12.75,12.82,12.75
5/1/2017,12.82,5169.00,12.80,12.84,12.80
5/2/2017,12.81,30345.00,12.81,12.81,12.76
5/3/2017,12.77,13704.00,12.75,12.81,12.75
5/4/2017,12.61,61080.00,12.75,12.75,12.55
5/5/2017,12.62,13184.00,12.59,12.62,12.59
5/8/2017,12.59,31150.00,12.70,12.74,12.59
5/9/2017,12.69,19173.00,12.94,12.94,12.52
5/10/2017,12.76,12869.00,12.70,12.76,12.65
5/11/2017,12.64,15641.00,12.60,12.65,12.60
5/12/2017,12.62,8450.00,12.47,12.62,12.47
5/15/2017,12.68,46412.00,12.58,12.71,12.53
5/16/2017,12.72,42098.00,12.73,12.74,12.70
5/17/2017,12.64,33904.00,12.80,12.80,12.64
5/18/2017,12.78,29657.00,12.58,12.79,12.58
5/19/2017,12.76,40529.00,12.75,12.78,12.71
5/22/2017,12.70,29635.00,12.77,12.77,12.70
5/23/2017,12.52,25743.00,12.40,12.69,12.40
5/24/2017,12.49,33287.00,12.30,12.60,12.30
5/25/2017,12.91,52362.00,13.03,13.03,12.85
5/26/2017,12.52,27824.00,12.53,12.71,12.50
5/30/2017,12.65,546099.00,12.24,12.69,12.24
5/31/2017,13.03,30768.00,13.10,13.20,13.03
6/1/2017,13.05,20077.00,13.10,13.10,13.02
6/2/2017,13.04,14343.00,12.98,13.04,12.94
6/5/2017,12.97,38706.00,13.05,13.05,12.85
6/6/2017,12.90,64169.00,12.79,13.00,12.78
6/7/2017,12.93,8390.00,13.00,13.00,12.90
6/8/2017,13.18,35484.00,13.18,13.18,13.01
6/9/2017,13.10,10251.00,13.11,13.13,13.07
6/12/2017,13.02,14309.00,13.03,13.09,13.00
6/13/2017,13.10,12663.00,13.10,13.12,12.95
6/14/2017,13.04,26558.00,13.11,13.12,13.00
6/15/2017,12.89,14137.00,12.75,13.00,12.75
6/16/2017,12.90,2731.00,12.80,12.90,12.80
6/19/2017,12.90,19565.00,13.00,13.04,12.80
6/20/2017,12.80,10719.00,12.75,12.83,12.75
6/21/2017,12.79,45075.00,12.92,12.92,12.76
6/22/2017,12.85,37389.00,12.79,12.90,12.79
6/23/2017,12.83,18974.00,12.91,12.91,12.79
6/26/2017,12.83,5717.00,12.79,12.95,12.79
6/27/2017,12.77,12504.00,12.70,12.80,12.70
6/28/2017,12.80,8806.00,12.91,12.91,12.75
6/29/2017,12.67,58992.00,12.92,12.92,12.62
6/30/2017,12.71,14427.00,12.55,12.71,12.55
7/3/2017,12.76,22153.00,12.71,12.80,12.71
7/5/2017,12.77,22268.00,12.80,12.80,12.65
7/6/2017,12.11,43084.00,12.49,12.49,12.11
7/7/2017,12.20,11241.00,12.20,12.25,12.20
7/10/2017,12.30,26269.00,12.16,12.30,12.06
7/11/2017,12.28,9155.00,12.46,12.46,12.24
7/12/2017,12.44,20740.00,12.40,12.50,12.36
7/13/2017,12.46,285611.00,12.44,12.47,12.42
7/14/2017,12.51,7350.00,12.72,12.72,12.24
7/17/2017,12.42,8314.00,12.49,12.49,12.37
7/18/2017,12.38,21836.00,12.64,12.64,12.30
7/19/2017,12.42,31882.00,12.37,12.44,12.34
7/20/2017,12.45,19895.00,12.41,12.47,12.30
7/21/2017,12.63,14697.00,12.60,12.65,12.60
7/24/2017,12.62,21538.00,12.60,12.68,12.60
7/25/2017,12.56,10763.00,12.77,12.77,12.50
7/26/2017,12.52,39180.00,12.40,12.54,12.40
7/27/2017,12.44,14983.00,12.40,12.52,12.39
7/28/2017,12.37,11123.00,12.61,12.61,12.33
7/31/2017,12.31,12067.00,12.30,12.50,12.30
8/1/2017,12.32,10515.00,12.36,12.37,12.31
8/2/2017,12.32,10918.00,12.19,12.36,12.19
8/3/2017,12.34,10371.00,12.30,12.37,12.30
8/4/2017,12.30,9377.00,12.36,12.37,12.30
8/7/2017,12.27,5079.00,12.35,12.45,12.26
8/8/2017,12.26,46594.00,12.50,12.50,12.20
8/9/2017,12.26,2285.00,12.25,12.32,12.25
8/10/2017,12.05,16361.00,12.20,12.20,12.01
8/11/2017,12.02,11630.00,12.01,12.10,12.01
8/14/2017,12.04,19314.00,11.89,12.04,11.89
8/15/2017,11.91,13306.00,12.02,12.02,11.88
8/16/2017,11.93,14827.00,12.00,12.00,11.85
8/17/2017,11.88,11953.00,11.85,12.03,11.85
8/18/2017,11.52,63874.00,11.60,11.65,11.51
8/21/2017,11.20,51112.00,11.30,11.30,11.19
8/22/2017,11.13,64395.00,11.10,11.20,11.10
8/23/2017,11.04,66348.00,11.00,11.10,11.00
8/24/2017,10.99,27736.00,11.02,11.05,10.98
8/25/2017,11.08,17344.00,11.00,11.08,11.00
8/28/2017,10.90,19020.00,11.05,11.05,10.90
8/29/2017,10.91,18650.00,10.85,11.02,10.85
8/30/2017,10.92,42594.00,10.94,10.94,10.90
8/31/2017,10.87,26703.00,10.85,11.00,10.85
9/1/2017,10.84,22446.00,10.85,10.86,10.81
9/5/2017,10.65,68073.00,10.64,10.81,10.64
9/6/2017,10.68,71355.00,10.86,10.86,10.67
9/7/2017,10.54,28714.00,10.51,10.62,10.51
9/8/2017,10.63,11390.00,10.62,10.72,10.62
9/11/2017,10.82,20135.00,10.60,10.86,10.60
9/12/2017,10.89,38782.00,10.70,10.90,10.70
9/13/2017,10.81,15617.00,10.90,10.90,10.81
9/14/2017,10.80,113595.00,10.90,10.90,10.69
9/15/2017,10.79,5744.00,10.71,10.79,10.70
9/18/2017,10.70,10206.00,10.79,10.79,10.70
9/19/2017,10.65,27114.00,10.60,10.66,10.60
9/20/2017,10.63,19965.00,10.63,10.73,10.60
9/21/2017,10.65,10201.00,10.60,10.72,10.60
9/22/2017,10.65,6207.00,10.72,10.72,10.65
9/25/2017,10.57,11098.00,10.55,10.70,10.55
9/26/2017,10.62,26708.00,10.56,10.68,10.56
9/27/2017,11.00,39394.00,10.98,11.11,10.98
9/28/2017,10.97,15168.00,11.06,11.10,10.90
9/29/2017,10.99,53998.00,10.82,11.04,10.82
10/2/2017,11.06,50985.00,10.97,11.16,10.97
10/3/2017,11.16,19691.00,11.06,11.38,11.06
10/4/2017,11.00,14353.00,11.21,11.21,10.95
10/5/2017,11.00,11726.00,10.95,11.06,10.95
10/6/2017,11.05,15147.00,10.90,11.14,10.90
10/9/2017,11.11,43711.00,11.14,11.14,11.10
10/10/2017,11.17,10934.00,11.28,11.28,11.14
10/11/2017,11.05,9835.00,11.17,11.18,11.01
10/12/2017,11.11,2581.00,11.13,11.16,11.10
10/13/2017,11.44,28145.00,11.35,11.47,11.35
10/16/2017,11.55,28565.00,11.41,11.61,11.41
10/17/2017,11.50,18771.00,11.68,11.68,11.45
10/18/2017,11.50,8480.00,11.72,11.72,11.43
10/19/2017,11.45,8749.00,11.43,11.53,11.41
10/20/2017,11.64,9633.00,11.94,11.94,11.50
10/23/2017,11.63,8081.00,11.53,11.68,11.53
10/24/2017,11.58,11750.00,11.42,11.60,11.42
10/25/2017,11.56,5665.00,11.55,11.63,11.55
10/26/2017,11.75,17996.00,11.55,11.83,11.55
10/27/2017,11.78,12885.00,11.68,11.82,11.68
10/30/2017,11.60,16216.00,11.60,11.78,11.59
10/31/2017,11.54,9880.00,11.37,11.54,11.37
11/1/2017,11.56,51946.00,11.65,11.67,11.54
11/2/2017,12.10,61834.00,11.82,12.10,11.82
11/3/2017,11.56,32587.00,11.60,11.75,11.55
11/6/2017,11.60,22638.00,11.50,11.62,11.50
11/7/2017,11.56,13290.00,11.70,11.70,11.50
11/8/2017,11.70,10712.00,11.59,11.70,11.55
11/9/2017,11.60,8050.00,11.66,11.74,11.60
11/10/2017,11.63,5768.00,11.55,11.68,11.55
11/13/2017,11.54,16086.00,11.60,11.66,11.49
11/14/2017,11.54,23141.00,11.42,11.70,11.34
11/15/2017,11.39,7532.00,11.27,11.53,11.27
11/16/2017,11.31,11903.00,11.21,11.39,11.21
11/17/2017,11.25,34992.00,11.35,11.35,11.24
11/20/2017,11.22,14055.00,11.20,11.24,11.19
11/21/2017,11.25,11759.00,11.09,11.33,11.09
11/22/2017,11.28,16116.00,11.20,11.32,11.20
11/24/2017,11.39,5493.00,11.40,11.50,11.30
11/27/2017,11.30,17061.00,11.40,11.40,11.30
11/28/2017,11.20,5058.00,11.32,11.34,11.20
11/29/2017,11.26,3336.00,11.28,11.30,11.25
11/30/2017,11.31,13009.00,11.26,11.33,11.26
12/1/2017,11.24,6541.00,11.12,11.27,11.08
12/4/2017,11.15,14382.00,11.10,11.22,11.10
12/5/2017,11.14,18005.00,11.07,11.18,11.07
12/6/2017,11.08,6238.00,10.99,11.11,10.99
12/7/2017,10.97,16914.00,11.06,11.23,10.94
12/8/2017,10.93,18311.00,11.00,11.00,10.89
12/11/2017,10.96,25742.00,10.90,10.97,10.88
12/12/2017,10.88,40299.00,10.79,10.94,10.79
12/13/2017,10.99,54363.00,11.00,11.00,10.88
12/14/2017,10.90,16592.00,10.88,10.94,10.88
12/15/2017,10.96,22629.00,10.88,10.98,10.88
12/18/2017,10.92,22175.00,10.88,10.95,10.88
12/19/2017,11.04,16888.00,10.94,11.06,10.94
12/20/2017,11.06,9073.00,11.10,11.10,11.03
12/21/2017,11.28,20462.00,11.37,11.37,11.17
12/22/2017,11.66,21080.00,11.66,11.70,11.63
12/26/2017,11.60,24948.00,11.70,11.70,11.60
12/27/2017,11.54,16238.00,11.44,11.55,11.44
12/28/2017,11.43,18486.00,11.27,11.50,11.27
12/29/2017,11.24,31203.00,11.21,11.25,11.18
1/2/2018,11.26,36520.00,11.40,11.40,11.22
1/3/2018,11.65,42985.00,11.42,11.73,11.39
1/4/2018,11.68,18185.00,11.54,11.72,11.54
1/5/2018,11.63,8463.00,11.45,11.64,11.45
1/8/2018,11.85,13974.00,11.75,12.06,11.75
1/9/2018,11.85,10781.00,11.91,11.91,11.85
1/10/2018,11.66,35138.00,11.75,11.75,11.49
1/11/2018,11.53,20871.00,11.76,11.76,11.35
1/12/2018,11.63,11268.00,11.55,11.65,11.55
1/16/2018,11.50,23803.00,11.77,11.77,11.49
1/17/2018,11.50,13560.00,11.50,11.51,11.48
1/18/2018,11.62,21831.00,11.31,11.62,11.31
1/19/2018,11.66,3044.00,11.60,11.66,11.60
1/22/2018,11.62,14359.00,11.65,11.65,11.55
1/23/2018,11.65,12679.00,11.47,11.68,11.47
1/24/2018,11.90,13637.00,11.73,11.95,11.73
1/25/2018,12.04,13170.00,12.00,12.07,11.89
1/26/2018,11.90,10836.00,11.97,11.97,11.82
1/29/2018,11.75,11687.00,11.59,11.94,11.59
1/30/2018,11.68,5210.00,11.73,11.73,11.61
1/31/2018,11.49,35524.00,11.56,11.56,11.43
2/1/2018,11.18,16764.00,11.36,11.36,11.14
2/2/2018,10.94,15735.00,11.00,11.00,10.90
2/5/2018,10.81,29422.00,10.68,10.96,10.68
2/6/2018,10.72,31677.00,10.38,10.72,10.36
2/7/2018,10.50,44480.00,10.57,10.66,10.50
2/8/2018,10.34,16913.00,10.66,10.66,10.34
2/9/2018,10.14,17996.00,10.30,10.30,10.02
2/12/2018,10.04,47325.00,10.14,10.14,10.00
2/13/2018,9.82,24935.00,9.77,9.93,9.76
2/14/2018,9.98,8862.00,9.92,10.01,9.83
2/15/2018,10.03,25583.00,9.94,10.22,9.94
2/16/2018,10.13,9090.00,10.21,10.21,10.10
2/20/2018,10.16,11762.00,10.01,10.27,10.01
2/21/2018,10.15,11019.00,10.22,10.22,10.15
2/22/2018,10.11,7923.00,10.09,10.12,10.08
2/23/2018,10.26,13949.00,10.31,10.31,10.21
2/26/2018,10.44,8009.00,10.30,10.58,10.30
2/27/2018,10.44,10998.00,10.40,10.45,10.35
2/28/2018,10.39,2983.00,10.35,10.45,10.35
3/1/2018,10.32,4086.00,10.49,10.49,10.28
3/2/2018,10.37,17777.00,10.28,10.49,10.28
3/5/2018,10.34,4359.00,10.12,10.35,10.12
3/6/2018,10.40,5246.00,10.42,10.42,10.33
3/7/2018,10.30,3448.00,10.33,10.33,10.30
3/8/2018,10.42,9400.00,10.35,10.42,10.27
3/9/2018,10.47,12286.00,10.47,10.55,10.46
3/12/2018,10.59,9842.00,10.46,10.61,10.46
3/13/2018,10.62,9049.00,10.52,10.64,10.47
3/14/2018,10.55,8899.00,10.53,10.55,10.46
3/15/2018,10.55,6170.00,10.77,10.77,10.49
3/16/2018,10.52,12398.00,10.55,10.55,10.40
3/19/2018,10.41,4529.00,10.41,10.43,10.41
3/20/2018,10.49,6071.00,10.35,10.62,10.35
3/21/2018,10.62,12173.00,10.42,10.65,10.42
3/22/2018,10.54,5892.00,10.41,10.69,10.41
3/23/2018,10.40,6182.00,10.21,10.58,10.21
3/26/2018,10.44,8658.00,10.30,10.50,10.30
3/27/2018,10.60,5289.00,10.50,10.60,10.43
3/28/2018,10.31,13886.00,10.16,10.50,10.16
3/29/2018,10.25,10284.00,10.30,10.31,10.24
4/2/2018,10.16,7806.00,10.22,10.32,10.03
4/3/2018,10.46,16885.00,10.41,10.52,10.40
4/4/2018,10.44,4573.00,10.34,10.44,10.19
4/5/2018,10.40,7667.00,10.34,10.44,10.33
4/6/2018,10.12,21912.00,10.40,10.40,10.12
4/9/2018,10.34,32332.00,10.24,10.40,10.24
4/10/2018,10.26,18783.00,10.22,10.28,10.22
4/11/2018,10.27,6111.00,10.30,10.33,10.22
4/12/2018,10.36,6610.00,10.35,10.36,10.30
4/13/2018,10.27,6280.00,10.25,10.28,10.22
4/16/2018,10.11,5616.00,9.97,10.30,9.97
4/17/2018,10.05,18914.00,10.22,10.22,10.04
4/18/2018,9.95,10056.00,10.00,10.00,9.89
4/19/2018,9.93,6304.00,9.91,9.95,9.90
4/20/2018,9.57,21343.00,9.84,9.84,9.53
4/23/2018,9.54,11023.00,9.65,9.65,9.50
4/24/2018,9.56,20710.00,9.52,9.60,9.52
4/25/2018,9.43,16705.00,9.50,9.50,9.37
4/26/2018,9.12,15865.00,8.97,9.30,8.97
4/27/2018,9.30,9105.00,9.37,9.38,9.30
4/30/2018,9.42,9518.00,9.55,9.55,9.39
5/1/2018,9.40,12252.00,9.51,9.51,9.33
5/2/2018,9.45,16434.00,9.45,9.48,9.43
5/3/2018,9.36,10906.00,9.30,9.38,9.30
5/4/2018,9.15,40788.00,9.30,9.39,9.00
5/7/2018,9.15,30678.00,9.10,9.31,9.10
5/8/2018,9.32,27291.00,9.27,9.39,9.27
5/9/2018,9.42,15858.00,9.37,9.47,9.32
5/10/2018,9.69,25109.00,9.50,9.69,9.50
5/11/2018,9.69,8208.00,9.88,9.98,9.69
5/14/2018,9.83,7329.00,9.68,9.86,9.68
5/15/2018,9.76,8959.00,9.87,9.92,9.72
5/16/2018,9.88,9457.00,9.79,9.88,9.76
5/17/2018,9.67,13358.00,9.52,9.70,9.52
5/18/2018,9.50,8504.00,9.64,9.64,9.50
5/21/2018,9.75,16755.00,9.65,9.83,9.65
5/22/2018,9.73,15527.00,9.64,9.79,9.64
5/23/2018,9.75,19556.00,9.70,9.75,9.58
5/24/2018,9.83,11763.00,9.97,9.97,9.79
5/25/2018,10.57,25105.00,10.35,10.86,10.35
5/29/2018,10.44,16554.00,10.33,10.54,10.33
5/30/2018,10.44,190025.00,10.47,10.47,10.36
5/31/2018,10.50,57651.00,10.49,10.51,10.45
6/1/2018,10.54,28572.00,10.55,10.57,10.54
6/4/2018,10.65,11722.00,10.44,10.66,10.44
6/5/2018,10.73,15929.00,10.70,10.74,10.70
6/6/2018,10.76,17704.00,10.68,10.76,10.66
6/7/2018,10.65,14575.00,10.80,10.81,10.55
6/8/2018,10.61,17811.00,10.60,10.61,10.56
6/11/2018,10.53,8416.00,10.55,10.55,10.45
6/12/2018,10.75,30602.00,10.99,10.99,10.71
6/13/2018,10.76,132809.00,10.76,10.81,10.75
6/14/2018,10.96,1415670.00,10.85,11.00,10.85
6/15/2018,11.05,41445.00,11.00,11.05,10.92
6/18/2018,10.97,24365.00,11.00,11.00,10.94
6/19/2018,10.68,18425.00,10.67,10.71,10.64
6/20/2018,10.82,24558.00,10.86,10.86,10.79
6/21/2018,10.83,52805.00,10.85,10.85,10.66
6/22/2018,10.80,113712.00,10.32,10.82,10.32
6/25/2018,10.77,23619.00,10.50,10.87,10.50
6/26/2018,10.60,41283.00,10.49,10.66,10.49
6/27/2018,10.38,33831.00,10.35,10.45,10.35
6/28/2018,10.42,19259.00,10.46,10.48,10.37
6/29/2018,10.82,365351.00,10.77,10.86,10.77
7/2/2018,10.82,25889.00,10.87,10.87,10.74
7/3/2018,10.73,7713.00,10.79,10.79,10.71
7/5/2018,10.50,12760.00,10.66,10.66,10.48
7/6/2018,10.46,33072.00,10.16,10.47,10.16
7/9/2018,10.12,50256.00,10.16,10.16,10.07
7/10/2018,10.17,48967.00,10.09,10.21,10.09
7/11/2018,10.08,11926.00,10.09,10.10,10.08
7/12/2018,10.11,27494.00,10.20,10.23,10.07
7/13/2018,10.24,14001.00,10.03,10.32,10.03
7/16/2018,10.16,18408.00,10.05,10.25,10.05
7/17/2018,10.31,16115.00,10.24,10.37,10.22
7/18/2018,10.34,17663.00,10.13,10.44,10.13
7/19/2018,10.33,19228.00,10.04,10.42,10.04
7/20/2018,10.55,37686.00,10.45,10.56,10.45
7/23/2018,10.76,9221.00,10.77,10.85,10.72
7/24/2018,10.85,19720.00,10.81,10.86,10.80
7/25/2018,11.05,26956.00,11.10,11.10,10.89
7/26/2018,11.05,13230.00,10.98,11.09,10.98
7/27/2018,11.00,4226.00,10.93,11.06,10.93
7/30/2018,11.08,22591.00,11.09,11.12,11.05
7/31/2018,11.13,12125.00,10.99,11.15,10.99
8/1/2018,11.30,13549.00,11.19,11.31,11.19
8/2/2018,11.02,12147.00,10.85,11.05,10.85
8/3/2018,10.98,1720.00,10.65,10.98,10.65
8/6/2018,10.82,18856.00,10.63,10.85,10.63
8/7/2018,11.06,6066.00,11.22,11.22,10.96
8/8/2018,11.12,3966.00,11.18,11.18,11.10
8/9/2018,11.21,13432.00,11.41,11.41,11.21
8/10/2018,11.15,2230.00,11.18,11.18,11.06
8/13/2018,11.30,19872.00,11.36,11.40,11.25
8/14/2018,11.41,5623.00,11.31,11.42,11.31
8/15/2018,11.23,1782.00,10.93,11.34,10.93
8/16/2018,11.90,139511.00,11.48,12.05,11.48
8/17/2018,12.48,37140.00,12.36,12.56,12.36
8/20/2018,12.86,19198.00,12.67,12.88,12.67
8/21/2018,12.84,18652.00,12.90,12.90,12.75
8/22/2018,12.85,21206.00,13.00,13.00,12.79
8/23/2018,12.90,13199.00,12.88,12.94,12.88
8/24/2018,12.84,19105.00,12.78,12.88,12.73
8/27/2018,13.10,42583.00,12.84,13.22,12.84
8/28/2018,13.07,19579.00,13.27,13.27,13.00
8/29/2018,13.20,11869.00,13.12,13.20,13.12
8/30/2018,13.03,7806.00,13.02,13.11,12.98
8/31/2018,13.08,9962.00,13.13,13.13,13.03
9/4/2018,13.34,27362.00,13.13,13.37,13.13
9/5/2018,13.44,41713.00,13.37,13.48,13.33
9/6/2018,13.26,16452.00,13.30,13.35,13.20
9/7/2018,13.43,26327.00,13.59,13.59,13.31
9/10/2018,13.24,5937.00,13.43,13.43,13.23
9/11/2018,13.28,9104.00,13.08,13.33,13.08
9/12/2018,13.98,25959.00,13.45,14.00,13.45
9/13/2018,13.85,15078.00,14.06,14.06,13.70
9/14/2018,13.50,13245.00,13.75,13.75,13.44
9/17/2018,13.66,25431.00,13.75,13.75,13.59
9/18/2018,13.84,25450.00,13.80,13.85,13.79
9/19/2018,13.65,13754.00,13.85,13.85,13.60
9/20/2018,13.44,6631.00,13.48,13.55,13.41
9/21/2018,13.67,23743.00,13.41,13.94,13.41
9/24/2018,13.42,7126.00,13.32,13.51,13.32
9/25/2018,13.49,11360.00,13.43,13.53,13.43
9/26/2018,13.62,33208.00,13.55,13.75,13.55
9/27/2018,14.26,31815.00,13.73,14.27,13.73
9/28/2018,14.55,9612.00,14.45,14.56,14.43
10/1/2018,14.58,34554.00,14.32,14.58,14.32
10/2/2018,14.66,17719.00,14.70,14.70,14.60
10/3/2018,15.14,16520.00,14.91,15.23,14.91
10/4/2018,14.80,310864.00,15.27,15.27,14.71
10/5/2018,12.87,113058.00,12.86,13.11,12.61
10/8/2018,12.65,27109.00,12.69,12.83,12.56
10/9/2018,12.37,59860.00,12.48,12.65,12.23
10/10/2018,12.05,17682.00,12.25,12.25,12.02
10/11/2018,11.90,39088.00,12.23,12.23,11.58
10/12/2018,12.04,43070.00,12.20,12.20,12.04
10/15/2018,12.48,41336.00,12.20,12.54,12.20
10/16/2018,12.84,10604.00,12.88,12.91,12.76
10/17/2018,12.90,2866.00,12.85,12.95,12.84
10/18/2018,13.20,18950.00,13.25,13.29,13.13
10/19/2018,13.03,7610.00,12.94,13.11,12.94
10/22/2018,12.93,9323.00,12.95,12.95,12.84
10/23/2018,12.34,20249.00,11.94,12.34,11.94
10/24/2018,12.55,3278.00,12.60,12.65,12.55
10/25/2018,12.60,14562.00,12.50,12.65,12.49
10/26/2018,12.55,7559.00,12.54,12.63,12.40
10/29/2018,12.35,10114.00,12.29,12.60,12.28
10/30/2018,12.61,2757.00,12.60,12.61,12.55
10/31/2018,12.69,25736.00,12.65,12.82,12.65
11/1/2018,12.97,15778.00,12.75,13.00,12.68
11/2/2018,13.52,20392.00,13.62,14.00,13.45
11/5/2018,13.70,26635.00,13.60,13.70,13.60
11/6/2018,13.94,16096.00,13.71,14.04,13.71
11/7/2018,14.26,10290.00,14.02,14.34,14.02
11/8/2018,14.35,146087.00,13.90,14.39,13.90
11/9/2018,14.51,128704.00,14.72,14.72,14.35
11/12/2018,14.70,12857.00,14.74,14.75,14.68
11/13/2018,14.91,19489.00,14.70,14.95,14.70
11/14/2018,14.90,6908.00,14.82,14.95,14.81
11/15/2018,15.00,11288.00,14.86,15.10,14.86
11/16/2018,15.10,16832.00,14.86,15.11,14.86
11/19/2018,14.75,19140.00,14.99,15.00,14.74
11/20/2018,14.60,16825.00,14.75,14.80,14.53
11/21/2018,14.21,30129.00,14.16,14.22,14.09
11/23/2018,13.90,5760.00,14.09,14.09,13.81
11/26/2018,13.80,19468.00,14.07,14.07,13.79
11/27/2018,13.99,33756.00,13.65,13.99,13.65
11/28/2018,14.37,10239.00,13.93,14.37,13.93
11/29/2018,14.15,3380.00,14.15,14.15,14.10
11/30/2018,14.49,5071.00,14.38,14.49,14.38
12/3/2018,14.77,36929.00,14.70,14.80,14.69
12/4/2018,14.65,102480.00,14.75,14.80,14.57
12/6/2018,13.90,93123.00,13.70,14.08,13.50
12/7/2018,13.98,4317.00,14.49,14.49,13.96
12/10/2018,13.34,12891.00,13.45,13.52,13.29
12/11/2018,13.96,8415.00,13.55,14.00,13.55
12/12/2018,14.43,5118.00,14.40,14.48,14.40
12/13/2018,14.09,4852.00,14.07,14.19,14.07
12/14/2018,14.06,6335.00,14.05,14.12,14.05
12/17/2018,14.12,6247.00,13.95,14.25,13.95
12/18/2018,14.02,6444.00,14.03,14.07,13.97
12/19/2018,14.11,6380.00,14.00,14.29,14.00
12/20/2018,14.15,10178.00,13.96,14.19,13.95
12/21/2018,13.38,31814.00,13.71,13.71,13.31
12/24/2018,13.39,9166.00,13.39,13.63,13.39
12/26/2018,13.54,57306.00,13.60,13.67,13.43
12/27/2018,13.16,26839.00,12.76,13.16,12.56
12/28/2018,13.49,15442.00,13.14,13.49,13.14
12/31/2018,13.40,15740.00,13.80,13.80,13.38
1/2/2019,13.22,7699.00,13.14,13.22,13.11
1/3/2019,13.05,9320.00,12.75,13.10,12.75
1/4/2019,13.41,20521.00,13.20,13.43,13.20
1/7/2019,12.97,8397.00,13.00,13.02,12.91
1/8/2019,13.25,17446.00,12.80,13.25,12.80
1/9/2019,13.76,33567.00,13.92,13.92,13.50
1/10/2019,13.83,13608.00,13.47,13.85,13.47
1/11/2019,14.14,115681.00,13.97,14.17,13.96
1/14/2019,14.61,79678.00,14.30,14.65,14.30
1/15/2019,14.52,59150.00,14.19,14.60,14.19
1/16/2019,14.18,57142.00,14.11,14.22,14.09
1/17/2019,14.03,22955.00,13.93,14.12,13.91
1/18/2019,14.46,40657.00,14.45,14.47,14.42
1/22/2019,14.42,16373.00,14.81,14.81,14.41
1/23/2019,14.31,6523.00,14.35,14.38,14.28
1/24/2019,14.55,19046.00,14.29,14.55,14.29
1/25/2019,14.64,13085.00,14.43,14.70,14.43
1/28/2019,14.45,8582.00,14.41,14.57,14.38
1/29/2019,14.37,13668.00,14.45,14.45,14.06
1/30/2019,14.65,15880.00,14.53,14.68,14.46
1/31/2019,14.70,4232.00,14.71,14.71,14.65
2/1/2019,14.85,15302.00,14.79,14.92,14.79
2/4/2019,14.92,42617.00,14.94,14.95,14.83
2/5/2019,15.02,28322.00,14.91,15.07,14.91
2/6/2019,14.90,4349.00,14.96,14.96,14.88
2/7/2019,14.75,6619.00,14.94,14.94,14.55
2/8/2019,14.89,3860.00,14.62,14.92,14.62
2/11/2019,15.11,4270.00,15.10,15.15,15.05
2/12/2019,15.14,28431.00,15.09,15.15,15.09
2/13/2019,14.75,4931.00,14.49,14.83,14.49
2/14/2019,14.87,12848.00,14.85,14.90,14.83
2/15/2019,14.71,5103.00,14.71,14.77,14.66
2/19/2019,14.66,6103.00,14.85,14.85,14.54
2/20/2019,15.12,23638.00,15.00,15.19,15.00
2/21/2019,16.93,172043.00,16.80,16.95,16.75
2/22/2019,17.66,48048.00,17.55,17.77,17.55
2/25/2019,17.58,21128.00,17.75,17.75,17.55
2/26/2019,17.96,49365.00,17.82,18.08,17.68
2/27/2019,18.36,415578.00,18.33,18.52,18.28
2/28/2019,18.06,505789.00,18.25,18.25,17.93
3/1/2019,18.53,213481.00,18.83,18.83,18.15
3/4/2019,18.49,599592.00,18.54,18.54,18.32
3/5/2019,18.50,36988.00,18.85,18.85,18.43
3/6/2019,18.34,48849.00,18.47,18.47,18.32
3/7/2019,17.85,19712.00,18.10,18.10,17.53
3/8/2019,17.35,28386.00,17.65,17.65,17.19
3/11/2019,17.76,87107.00,17.22,17.98,17.22
3/12/2019,17.52,14810.00,17.99,17.99,17.51
3/13/2019,17.47,30209.00,17.63,17.63,17.45
3/14/2019,17.09,31887.00,17.49,17.49,17.04
3/15/2019,17.40,77550.00,17.35,17.48,17.25
3/18/2019,17.99,44315.00,17.65,18.00,17.65
3/19/2019,17.84,13036.00,17.80,17.88,17.74
3/20/2019,17.88,19008.00,17.90,17.94,17.75
3/21/2019,17.68,12013.00,17.92,17.92,17.60
3/22/2019,17.81,22451.00,17.45,17.92,17.40
3/25/2019,17.84,14682.00,17.75,17.88,17.75
3/26/2019,17.95,16419.00,18.32,18.32,17.79
3/27/2019,18.22,6733.00,18.05,18.22,18.00
3/28/2019,17.97,26941.00,18.00,18.04,17.60
3/29/2019,17.99,5039.00,17.74,18.03,17.74
4/1/2019,17.82,14804.00,18.19,18.19,17.75
4/2/2019,17.71,10440.00,17.71,17.74,17.71
4/3/2019,17.49,19537.00,17.60,17.60,17.45
4/4/2019,17.73,28808.00,17.64,17.75,17.63
4/5/2019,17.79,15086.00,17.41,17.88,17.41
4/8/2019,17.78,12746.00,17.53,17.79,17.53
4/9/2019,17.79,4315.00,17.72,17.87,17.72
4/10/2019,19.02,110022.00,18.98,19.04,18.78
4/11/2019,18.06,32440.00,18.27,18.27,18.01
4/12/2019,18.28,27111.00,18.52,18.52,18.27
4/15/2019,17.92,71250.00,17.88,18.13,17.64
4/16/2019,18.10,16159.00,18.19,18.19,18.03
4/17/2019,18.18,12442.00,18.12,18.31,18.10
4/18/2019,18.58,34897.00,18.40,18.65,18.40
4/22/2019,18.53,16694.00,18.67,18.67,18.53
4/23/2019,18.51,13480.00,18.12,18.53,18.12
4/24/2019,18.68,23675.00,18.82,18.82,18.59
4/25/2019,18.40,26006.00,18.76,18.76,18.32
4/26/2019,18.68,14055.00,18.32,18.77,18.32
4/29/2019,18.30,8640.00,18.30,18.34,18.30
4/30/2019,18.49,23382.00,18.53,18.60,18.45
5/1/2019,18.54,11302.00,18.54,18.61,18.51
5/2/2019,18.28,12393.00,18.60,18.60,18.27
5/3/2019,18.43,6611.00,18.40,18.52,18.40
5/6/2019,17.69,15874.00,17.40,17.84,17.40
5/7/2019,17.32,42662.00,17.68,17.68,17.20
5/8/2019,16.84,47124.00,16.63,16.86,16.49
5/9/2019,16.34,36130.00,15.98,16.43,15.98
5/10/2019,16.73,28315.00,16.35,16.76,16.35
5/13/2019,16.31,22810.00,16.35,16.35,16.20
5/14/2019,16.00,32221.00,16.09,16.09,15.80
5/15/2019,16.51,19917.00,16.29,16.53,16.29
5/16/2019,16.38,12963.00,16.08,16.45,16.08
5/17/2019,15.99,10265.00,16.04,16.06,15.99
5/20/2019,15.15,24845.00,15.24,15.24,14.83
5/21/2019,15.68,43447.00,15.74,15.74,15.31
5/22/2019,15.47,126751.00,15.38,15.47,15.38
5/23/2019,14.99,27365.00,15.13,15.13,14.71
5/24/2019,14.99,22596.00,14.98,15.00,14.92
5/28/2019,14.40,25473.00,14.60,14.60,14.36
5/29/2019,14.41,31693.00,14.29,14.41,14.20
5/30/2019,14.35,34498.00,14.50,14.50,14.27
5/31/2019,14.00,31074.00,14.00,14.00,13.85
6/3/2019,14.00,13120.00,13.93,14.00,13.88
6/4/2019,13.75,36392.00,13.56,13.77,13.56
6/5/2019,14.16,14557.00,14.00,14.21,14.00
6/6/2019,14.47,11259.00,14.08,14.47,14.08
6/7/2019,14.50,25914.00,14.48,14.61,14.48
6/10/2019,14.80,26874.00,14.93,14.93,14.51
6/11/2019,15.22,30995.00,15.24,15.40,15.15
6/12/2019,15.16,13015.00,15.25,15.25,15.08
6/13/2019,15.04,11608.00,15.04,15.10,15.00
6/14/2019,14.60,87790.00,14.77,14.77,14.50
6/17/2019,14.65,20400.00,14.72,14.72,14.60
6/18/2019,15.04,25230.00,14.85,15.05,14.67
6/19/2019,15.46,14778.00,15.24,15.46,15.23
6/20/2019,15.58,25072.00,15.43,15.66,15.36
6/21/2019,15.01,80959.00,15.05,15.05,14.76
6/24/2019,15.10,14671.00,15.05,15.10,15.03
6/25/2019,14.93,52675.00,15.04,15.04,14.80
6/26/2019,15.23,9546.00,15.00,15.39,15.00
6/27/2019,15.45,10496.00,15.23,15.45,15.23
6/28/2019,15.48,17116.00,15.45,15.51,15.45
7/1/2019,15.83,10149.00,15.73,15.86,15.70
7/2/2019,15.97,15577.00,15.75,15.99,15.75
7/3/2019,15.64,7342.00,15.48,15.75,15.48
7/5/2019,15.96,9094.00,16.11,16.11,15.74
7/8/2019,15.48,16672.00,15.71,15.71,15.47
7/9/2019,15.32,18600.00,15.26,15.36,15.26
7/10/2019,15.31,25185.00,15.49,15.49,15.14
7/11/2019,15.21,20609.00,15.23,15.30,15.10
7/12/2019,15.93,12768.00,16.10,16.11,15.63
7/15/2019,16.37,107031.00,16.40,16.40,16.00
7/16/2019,16.42,12780.00,16.76,16.76,16.41
7/17/2019,16.64,199922.00,16.58,16.82,16.58
7/18/2019,16.85,29050.00,16.74,16.85,16.74
7/19/2019,16.54,9438.00,16.73,16.73,16.50
7/22/2019,16.40,14096.00,16.60,16.60,16.40
7/23/2019,16.48,14952.00,16.42,16.50,16.42
7/24/2019,16.42,5474.00,16.14,16.48,16.01
7/25/2019,16.50,9288.00,16.47,16.55,16.47
7/26/2019,16.35,20363.00,16.04,16.36,16.04
7/29/2019,16.19,17636.00,16.02,16.33,16.02
7/30/2019,16.16,14187.00,15.90,16.18,15.90
7/31/2019,16.21,24589.00,16.60,16.60,16.00
8/1/2019,15.26,36542.00,15.50,15.87,15.26
8/2/2019,15.00,22061.00,15.30,15.30,14.88
8/5/2019,14.51,37881.00,15.07,15.07,14.45
8/6/2019,15.02,15415.00,14.79,15.24,14.79
8/7/2019,15.17,26439.00,14.91,15.19,14.90
8/8/2019,15.41,12344.00,15.32,15.41,15.20
8/9/2019,15.26,18937.00,14.90,15.44,14.90
8/12/2019,15.07,16548.00,14.89,15.11,14.89
8/13/2019,15.06,16534.00,14.99,15.29,14.98
8/14/2019,14.95,42888.00,15.18,15.21,14.83
8/15/2019,14.31,23518.00,14.00,14.40,14.00
8/16/2019,14.12,68312.00,14.38,14.38,14.01
8/19/2019,14.40,16878.00,14.30,14.47,14.30
8/20/2019,14.28,12663.00,14.22,14.39,14.21
8/21/2019,13.74,25997.00,13.86,13.86,13.59
8/22/2019,13.63,25829.00,13.63,13.73,13.51
8/23/2019,13.25,20441.00,13.55,13.63,13.23
8/26/2019,13.26,16811.00,13.20,13.35,13.20
8/27/2019,13.30,53882.00,13.35,13.40,13.28
8/28/2019,13.31,27599.00,13.28,13.43,13.27
8/29/2019,13.11,124992.00,13.47,13.47,13.10
8/30/2019,13.10,108106.00,13.21,13.24,13.02
9/3/2019,13.13,107913.00,12.99,13.19,12.99
9/4/2019,13.40,190097.00,13.36,13.40,13.26
9/5/2019,13.73,16742.00,13.81,13.82,13.68
9/6/2019,13.95,26550.00,13.96,13.98,13.90
9/9/2019,14.10,15575.00,13.95,14.10,13.95
9/10/2019,13.92,50568.00,13.82,13.99,13.82
9/11/2019,13.60,62428.00,13.34,13.62,13.34
9/12/2019,14.13,15804.00,14.06,14.22,14.06
9/13/2019,14.30,43185.00,14.27,14.40,14.27
9/16/2019,14.13,21700.00,14.06,14.25,14.06
9/17/2019,13.93,7928.00,13.84,13.97,13.84
9/18/2019,13.88,21923.00,13.68,13.93,13.68
9/19/2019,13.90,17452.00,13.61,13.96,13.61
9/20/2019,13.68,5816.00,13.87,13.87,13.65
9/23/2019,13.71,20004.00,13.68,13.72,13.65
9/24/2019,13.39,25398.00,13.43,13.52,13.36
9/25/2019,13.35,35354.00,13.30,13.37,13.24
9/26/2019,13.16,20027.00,13.30,13.30,13.08
9/27/2019,13.20,12550.00,13.41,13.48,13.15
9/30/2019,13.24,21311.00,13.15,13.37,13.15
10/1/2019,13.15,21960.00,13.24,13.24,13.06
10/2/2019,13.56,19481.00,13.61,13.62,13.54
10/3/2019,14.30,42341.00,14.21,14.30,14.15
10/4/2019,13.88,23483.00,13.93,13.93,13.79
10/7/2019,13.83,12497.00,13.58,13.96,13.58
10/8/2019,13.22,12344.00,13.43,13.43,13.20
10/9/2019,13.26,28490.00,13.03,13.45,13.03
10/10/2019,13.44,6155.00,13.38,13.44,13.38
10/11/2019,13.86,17925.00,13.76,13.90,13.76
10/14/2019,13.81,19898.00,13.89,13.89,13.81
10/15/2019,13.80,25319.00,13.79,13.88,13.75
10/16/2019,13.81,226357.00,13.75,13.82,13.75
10/17/2019,13.82,15967.00,13.84,13.84,13.81
10/18/2019,13.70,11218.00,13.77,13.79,13.70
10/21/2019,13.84,11670.00,13.53,13.84,13.53
10/22/2019,13.90,18578.00,13.90,14.02,13.86
10/23/2019,13.89,12095.00,13.78,13.91,13.75
10/24/2019,13.81,13723.00,13.77,13.86,13.77
10/25/2019,13.96,9737.00,14.13,14.13,13.90
10/28/2019,14.25,17913.00,14.00,14.25,14.00
10/29/2019,14.33,7220.00,14.24,14.40,14.24
10/30/2019,14.35,11740.00,14.28,14.37,14.25
10/31/2019,13.80,9200.00,14.23,14.23,13.80
11/1/2019,14.50,18319.00,14.69,14.69,14.32
11/4/2019,14.99,26489.00,14.95,15.10,14.95
11/5/2019,15.26,15782.00,15.40,15.50,15.20
11/6/2019,15.41,25420.00,15.24,15.50,15.24
11/7/2019,15.41,26808.00,15.35,15.50,15.35
11/8/2019,14.88,11737.00,15.10,15.10,14.83
11/11/2019,14.29,22206.00,14.29,14.39,14.23
11/12/2019,14.23,29807.00,14.31,14.31,14.20
11/13/2019,14.29,15870.00,14.23,14.41,14.23
11/14/2019,14.37,15443.00,14.45,14.45,14.30
11/15/2019,14.61,14501.00,14.40,14.70,14.40
11/18/2019,14.59,18155.00,14.30,14.60,14.30
11/19/2019,14.56,13455.00,14.70,14.70,14.56
11/20/2019,14.25,27205.00,14.50,14.50,14.23
11/21/2019,14.29,24520.00,13.92,14.29,13.92
11/22/2019,14.23,9040.00,14.26,14.28,14.20
11/25/2019,14.62,20601.00,14.59,14.63,14.51
11/26/2019,14.12,25629.00,14.39,14.39,14.00
11/27/2019,13.65,29053.00,13.95,13.95,13.39
11/29/2019,13.23,29078.00,13.11,13.52,13.11
12/2/2019,12.83,69304.00,13.00,13.11,12.80
12/3/2019,12.73,44170.00,12.44,12.80,12.44
12/4/2019,12.88,22767.00,12.85,12.94,12.85
12/5/2019,12.75,49012.00,12.82,12.82,12.74
12/6/2019,12.81,39119.00,12.61,12.92,12.61
12/9/2019,12.76,71245.00,12.85,12.85,12.75
12/10/2019,12.91,147406.00,12.80,12.93,12.80
12/11/2019,13.02,45442.00,13.00,13.05,12.91
12/12/2019,13.30,103649.00,13.37,13.37,13.17
12/13/2019,13.25,39537.00,13.52,13.52,13.22
12/16/2019,13.55,48598.00,13.52,13.70,13.52
