Date,Open,High,Low,Close,Adj Close,Volume
12/18/2014,73.279999,73.360001,72.610001,73.360001,61.294304,8864600
12/19/2014,73.290001,73.730003,73.169998,73.43,61.35281,16332000
12/22/2014,73.580002,74.660004,73.449997,74.559998,62.296947,9074200
12/23/2014,74.610001,75.120003,74.480003,74.599998,62.330364,6405800
12/24/2014,74.690002,75.150002,74.639999,74.660004,62.380505,3791900
12/26/2014,75.089996,75.720001,75,75.620003,63.182621,4986700
12/29/2014,75,75.599998,74.830002,74.989998,62.656235,5959800
12/30/2014,74.75,75.370003,74.699997,75.019997,62.681282,6131700
12/31/2014,75.209999,75.410004,74.309998,74.330002,62.104797,7763500
1/2/2015,74.510002,74.870003,73.75,74.279999,62.063011,6662700
1/5/2015,73.709999,74.5,73.629997,73.93,61.770576,12042800
1/6/2015,73.860001,74.610001,72.739998,72.879997,60.89325,11094000
1/7/2015,73.370003,74.470001,72.959999,73.730003,61.603458,10030700
1/8/2015,74.300003,75.300003,74.139999,74.510002,62.25518,10937200
1/9/2015,74.57,74.870003,73.639999,74.419998,62.179981,9038900
1/12/2015,74.139999,74.379997,72.879997,73.57,61.469772,8749300
1/13/2015,73.959999,75.050003,72.550003,72.970001,60.96846,12584500
1/14/2015,72.459999,73,71.440002,72.220001,60.34182,13203500
1/15/2015,72.260002,72.589996,71.050003,71.379997,59.639973,10858400
1/16/2015,70.849998,71.43,70.120003,71.290001,59.564774,12372300
1/20/2015,71.75,73.209999,71.18,72.480003,60.559055,12036700
1/21/2015,70.279999,72.610001,69.949997,71.589996,59.815434,17008900
1/22/2015,71.860001,72.089996,70.839996,71.910004,60.082806,10450100
1/23/2015,72.010002,72.349998,71.43,72.18,60.308403,8142100
1/26/2015,72.169998,72.900002,71.720001,72.610001,60.667667,9203700
1/27/2015,71.900002,72.5,70.940002,71.769997,59.965816,11398800
1/28/2015,72.5,72.5,70.849998,70.989998,59.314129,15722100
1/29/2015,65.510002,65.690002,62.470001,63.689999,53.214764,47115300
1/30/2015,63.040001,64.010002,62.389999,62.459999,52.187057,26407800
2/2/2015,62.490002,65.93,62.259998,65.529999,54.752132,21130600
2/3/2015,65.779999,67.040001,65.480003,66.959999,55.946938,16354200
2/4/2015,66.589996,67.709999,66.120003,66.959999,55.946938,13089600
2/5/2015,67.169998,67.989998,66.790001,67.949997,56.774117,10650500
2/6/2015,67.809998,67.949997,66.07,66.349998,55.437275,11779500
2/9/2015,68.160004,68.959999,66.959999,67.110001,56.072281,15651100
2/10/2015,69.089996,70.459999,68.830002,70.260002,58.704185,36081200
2/11/2015,70.57,70.949997,70,70.209999,58.662407,13439300
2/12/2015,69.580002,70.389999,69.559998,70.389999,58.812786,12798300
2/13/2015,70.489998,70.93,70.269997,70.879997,59.222202,8050200
2/17/2015,70.760002,70.910004,70.459999,70.800003,59.155373,8764300
2/18/2015,70.339996,70.879997,70.110001,70.540001,58.938133,8097400
2/19/2015,70.230003,71.269997,70.209999,70.980003,59.305771,9785300
2/20/2015,70.830002,71.720001,70.589996,71.519997,59.756954,8657300
2/23/2015,71.260002,71.550003,70.360001,70.940002,59.272346,8617700
2/24/2015,70.739998,71.470001,70.370003,71.370003,59.631615,10131900
2/25/2015,71.010002,72.230003,71.010002,71.68,59.89064,10578100
2/26/2015,71.870003,72.269997,71.610001,72.010002,60.166351,9838700
2/27/2015,71.809998,72.57,71.199997,72.510002,60.584118,10297400
3/2/2015,71.800003,72.900002,71.610001,72.660004,61.063148,8979300
3/3/2015,72.010002,72.489998,71.349998,71.410004,60.012653,9236400
3/4/2015,71.099998,71.5,70.559998,70.849998,59.54203,8476200
3/5/2015,71.199997,71.269997,70.690002,70.93,59.609257,6955800
3/6/2015,70.559998,71.690002,70.510002,71.510002,60.096691,12022100
3/9/2015,71.639999,72.870003,71.639999,72.709999,61.105164,12754700
3/10/2015,73.870003,74.089996,71.860001,71.889999,60.416031,29111600
3/11/2015,71.519997,71.720001,70.239998,70.269997,59.0546,21690200
3/12/2015,70,70.550003,69.199997,69.370003,58.298241,16004300
3/13/2015,69.010002,69.639999,68.32,68.639999,57.684761,13946800
3/16/2015,69.139999,70.029999,68.910004,70,58.827694,11643400
3/17/2015,69.440002,70.169998,69.209999,69.82,58.67643,11540300
3/18/2015,69.599998,70.489998,69.059998,70.230003,59.020988,10245700
3/19/2015,70.230003,70.589996,69.779999,69.830002,58.68483,6959800
3/20/2015,70.199997,70.610001,69.790001,70.040001,58.861313,22646600
3/23/2015,69.919998,70.580002,69.809998,70.07,58.886528,7700600
3/24/2015,69.989998,70.230003,68.970001,68.970001,57.962101,9964700
3/25/2015,68.860001,68.870003,67.199997,67.209999,56.482986,11980500
3/26/2015,66.540001,67.449997,65.68,67.160004,56.440983,13835900
3/27/2015,67.220001,67.93,66.75,67.029999,56.331718,8560400
3/30/2015,67.739998,69,67.459999,68.879997,57.886448,11404500
3/31/2015,68.160004,69.540001,68.160004,69.339996,58.273029,13035300
4/1/2015,68.470001,69.470001,68.449997,69.43,58.348667,10455800
4/2/2015,69.519997,69.610001,67.760002,67.970001,57.121696,14206200
4/6/2015,66.190002,67.959999,66.18,67.760002,56.94521,11906300
4/7/2015,67.720001,68.120003,67.260002,67.32,56.575436,13948000
4/8/2015,66.940002,67.589996,66.93,67.260002,56.525002,15783100
4/9/2015,67.419998,69.089996,67.309998,68.809998,57.827614,14169200
4/10/2015,68.669998,69.199997,68.470001,69.160004,58.121765,10437900
4/13/2015,71.230003,71.900002,68.639999,68.730003,57.760399,28612900
4/14/2015,69.160004,69.199997,68.599998,68.970001,57.962101,12305100
4/15/2015,69.290001,69.5,68.190002,68.459999,57.533485,11923400
4/16/2015,68.160004,68.25,67.730003,67.910004,57.071259,10649900
4/17/2015,67.489998,67.949997,66.959999,67.110001,56.398956,14011100
4/20/2015,67.25,68.800003,67.190002,68.639999,57.684761,12893800
4/21/2015,68.839996,68.940002,68.379997,68.57,57.625931,7839300
4/22/2015,68.760002,69.209999,68.25,68.940002,57.936874,13289500
4/23/2015,67.349998,68.43,66.959999,68.339996,57.432644,18341100
4/24/2015,68.029999,68.32,67.669998,68.239998,57.348595,8757800
4/27/2015,68.769997,69.68,68.610001,69.230003,58.180588,11818400
4/28/2015,69.040001,69.82,69.010002,69.650002,58.53355,8272600
4/29/2015,69.190002,69.339996,68,68.669998,57.709961,7660400
4/30/2015,68.330002,68.589996,67.610001,68,57.1469,8319800
5/1/2015,68.309998,68.540001,67.959999,68.419998,57.499863,7166200
5/4/2015,68.449997,69.360001,68.220001,69.059998,58.037731,7013800
5/5/2015,68.849998,69,68.129997,68.370003,57.457848,8660600
5/6/2015,68.199997,68.849998,67.5,67.809998,56.987232,7858200
5/7/2015,67.800003,68.449997,67.790001,68.43,57.50827,6514000
5/8/2015,68.849998,69.410004,68.550003,69.410004,58.331863,7393300
5/11/2015,69.169998,69.349998,68.82,69.050003,58.029316,6379200
5/12/2015,68.699997,69.019997,68.099998,68.790001,57.810814,8070400
5/13/2015,69.230003,70.5,69,69.730003,58.600792,12031200
5/14/2015,69.989998,70.660004,69.809998,70.519997,59.264706,10945700
5/15/2015,70.610001,71.089996,70.43,71.059998,59.718506,9858600
5/18/2015,70.989998,71.129997,70.25,70.419998,59.180668,5352500
5/19/2015,70.330002,70.419998,69.470001,69.620003,58.50835,7609100
5/20/2015,69.800003,69.839996,69.220001,69.279999,58.222607,8420200
5/21/2015,69.629997,70.949997,69.029999,70.089996,58.903332,27529700
5/22/2015,69.57,69.940002,69.440002,69.510002,58.415897,13177300
5/26/2015,69.529999,69.620003,68.75,69.360001,58.289841,14768600
5/27/2015,69.400002,71.139999,69.099998,71.019997,59.684887,17559100
5/28/2015,70.949997,71.32,70.510002,70.599998,59.331921,11939000
5/29/2015,70.690002,70.900002,69.599998,69.68,58.558758,18256900
6/1/2015,69.510002,69.900002,69.110001,69.419998,58.744942,8600500
6/2/2015,69.360001,69.660004,69.059998,69.349998,58.685692,12071300
6/3/2015,69.800003,70.050003,69.449997,69.860001,59.117271,6533300
6/4/2015,69.360001,69.510002,68.760002,68.900002,58.304897,9909300
6/5/2015,68.959999,68.959999,68.220001,68.260002,57.763321,8067900
6/8/2015,68.029999,68.199997,67.25,67.279999,56.93401,9158400
6/9/2015,67.379997,67.470001,66.769997,66.839996,56.561668,7611700
6/10/2015,66.910004,67.690002,66.910004,67.309998,56.9594,12825900
6/11/2015,67.589996,67.809998,67.389999,67.599998,57.204807,10609800
6/12/2015,67.059998,67.550003,66.790001,67.029999,56.722466,6855600
6/15/2015,66.540001,66.849998,66.059998,66.629997,56.383961,6817500
6/16/2015,66.449997,66.629997,65.93,66.459999,56.240116,6746800
6/17/2015,66.690002,67.080002,66.080002,66.550003,56.316277,9563600
6/18/2015,66.720001,67.669998,66.669998,67.360001,57.001713,10443500
6/19/2015,67.410004,67.510002,66.639999,66.879997,56.595528,13233700
6/22/2015,67.040001,67.629997,67,67.360001,57.001713,11762800
6/23/2015,67.540001,67.620003,66.760002,66.980003,56.680153,11791100
6/24/2015,67.080002,67.129997,65.290001,65.349998,55.3008,15282700
6/25/2015,65.510002,65.870003,65.019997,65.260002,55.224648,9838800
6/26/2015,65.379997,65.559998,64.599998,64.669998,54.725368,34801400
6/29/2015,63.400002,64.029999,62.580002,62.619999,52.990604,16549700
6/30/2015,62.75,63.150002,62.450001,62.630001,52.999065,12697400
7/1/2015,63.099998,63.279999,62.009998,62.900002,53.227547,12669900
7/2/2015,63.009998,63.650002,62.990002,63.110001,53.405251,11302800
7/6/2015,62.66,63.549999,62.650002,63.110001,53.405251,10068400
7/7/2015,63.27,63.380001,61.48,62.799999,53.142925,13582600
7/8/2015,62.450001,62.599998,61.700001,61.91,52.389782,13827900
7/9/2015,62.849998,63.43,61.849998,61.860001,52.347473,12238900
7/10/2015,62.41,63.07,62.330002,62.73,53.083691,12906100
7/13/2015,63,63.700001,63,63.43,53.676052,11426600
7/14/2015,63.619999,64.279999,63.450001,63.939999,54.107624,10282300
7/15/2015,63.310001,64.199997,63.299999,63.880001,54.056843,8492000
7/16/2015,63.450001,64.68,63.380001,64.550003,54.623829,10385900
7/17/2015,64.110001,64.650002,64.010002,64.339996,54.446114,8953500
7/20/2015,64.629997,64.629997,63.740002,63.790001,53.98069,11381000
7/21/2015,64.610001,66.050003,64.449997,65.139999,55.123089,17818900
7/22/2015,64.5,64.970001,64.050003,64.190002,54.319183,22660300
7/23/2015,62.57,62.779999,60.830002,61.779999,52.279778,37879800
7/24/2015,61.860001,62.200001,61.310001,61.639999,52.161304,18525500
7/27/2015,61.98,62.5,61.509998,61.98,52.449017,14749700
7/28/2015,62.34,63.41,62.220001,63.099998,53.396797,14090200
7/29/2015,63.080002,63.560001,62.75,63.169998,53.456028,9779100
7/30/2015,62.990002,64.779999,62.799999,64.410004,54.505356,12697200
7/31/2015,64.660004,64.949997,64.230003,64.389999,54.488422,9611600
8/3/2015,64.349998,64.709999,64.080002,64.43,54.522274,9847900
8/4/2015,64.410004,64.82,63.220001,63.450001,53.692978,12106800
8/5/2015,63.66,64.489998,63.5,63.880001,54.056843,9451300
8/6/2015,63.75,64.110001,62.650002,62.84,53.176777,12280300
8/7/2015,62.759998,63.43,62.599998,63.02,53.329098,17441700
8/10/2015,62.5,63.330002,62.5,63.150002,53.43911,17649600
8/11/2015,62.57,63.060001,62.34,62.549999,52.93137,13667000
8/12/2015,62.400002,62.669998,61.599998,62.580002,52.956764,12672100
8/13/2015,62.5,62.599998,61.950001,62.029999,52.491329,9402600
8/14/2015,61.790001,62.549999,61.790001,61.91,52.389782,9202800
8/17/2015,61.5,62.110001,61.48,62.07,52.525185,11549700
8/18/2015,61.57,61.849998,61.299999,61.32,51.890514,10632100
8/19/2015,60.889999,61.619999,60.709999,61.18,51.772045,11577000
8/20/2015,60.849998,61.34,60.150002,60.150002,50.900433,13173500
8/21/2015,59.689999,60.099998,57.560001,57.610001,48.751022,19647300
8/24/2015,54.18,57.810001,52.59,55.279999,46.779316,29486900
8/25/2015,56.619999,56.919998,53.740002,53.880001,45.594593,21855400
8/26/2015,55.5,56.740002,54.849998,56.66,47.947105,22001500
8/27/2015,57.07,57.450001,56.169998,57.360001,48.539467,18261600
8/28/2015,57.150002,57.759998,57.029999,57.450001,48.615627,12673300
8/31/2015,56.57,57.259998,56.349998,56.580002,48.282818,9898800
9/1/2015,55.25,55.91,54.689999,55.02,46.951584,13136600
9/2/2015,55.630001,55.880001,55.009998,55.860001,47.668392,11629100
9/3/2015,56.220001,56.759998,55.470001,55.549999,47.403858,10717900
9/4/2015,54.939999,55.099998,54.139999,54.290001,46.328632,11424700
9/8/2015,55.110001,55.349998,54.77,55.200001,47.10519,10938500
9/9/2015,55.849998,55.889999,54.16,54.32,46.354233,12577200
9/10/2015,54.5,55.810001,54.279999,55.330002,47.216122,13997100
9/11/2015,55.049999,55.16,54.349998,54.66,46.644375,10793300
9/14/2015,54.75,54.98,54.07,54.310001,46.345703,9720700
9/15/2015,54.82,55.169998,54.360001,54.869999,46.823578,9265000
9/16/2015,54.810001,55.529999,54.68,55.200001,47.10519,8091900
9/17/2015,55.189999,55.91,54.849998,54.98,46.91745,9698100
9/18/2015,54.25,54.959999,54.02,54.450001,46.465172,26572500
9/21/2015,54.630001,54.73,54,54.389999,46.413967,9289600
9/22/2015,53.779999,54.23,53.580002,53.939999,46.029957,9946800
9/23/2015,54.150002,54.150002,53.369999,53.560001,45.705685,7243900
9/24/2015,53.18,53.529999,52.389999,53.27,45.458214,13502000
9/25/2015,53.950001,54,52.959999,53.220001,45.415543,11661900
9/28/2015,53.049999,53.27,52.52,52.540001,44.835266,11773100
9/29/2015,52.5,52.91,52.169998,52.43,44.74139,9789900
9/30/2015,52.990002,53.810001,52.900002,53.73,45.85075,12849700
10/1/2015,53.599998,53.82,53,53.18,45.381405,9554900
10/2/2015,53.07,55.150002,53,55.07,46.994244,13192200
10/5/2015,55.580002,56.490002,55.57,56.23,47.984131,9933200
10/6/2015,56,56.52,55.419998,56.32,48.060947,10336500
10/7/2015,56.560001,57.349998,56.040001,56.610001,48.308414,8952300
10/8/2015,56.490002,57.68,56.32,57.66,49.204445,8635200
10/9/2015,57.869999,58.119999,57.369999,57.779999,49.306847,8883000
10/12/2015,57.630001,58.080002,57.470001,57.790001,49.315372,6913400
10/13/2015,57.189999,58.080002,57.02,57.509998,49.076435,7377300
10/14/2015,57.52,59.139999,57.509998,58.630001,50.032181,12471600
10/15/2015,59,59.91,58.66,59.259998,50.569809,9055600
10/16/2015,59.48,60,58.91,59.91,51.124489,8924900
10/19/2015,59.459999,59.630001,58.610001,59.099998,50.433273,10975200
10/20/2015,58.68,59.209999,58.68,59,50.347931,9102200
10/21/2015,59.279999,59.77,58.889999,58.970001,50.322334,6915400
10/22/2015,59.490002,60.639999,59.490002,60.43,51.568237,10913600
10/23/2015,60.630001,61.189999,60.490002,60.73,51.824238,9175600
10/26/2015,60.91,60.91,58.700001,59.209999,50.52713,13381000
10/27/2015,58.91,59.349998,58.77,59.279999,50.586868,9485900
10/28/2015,59.330002,60.299999,59.23,60.27,51.431702,7738300
10/29/2015,59.669998,60.23,59.580002,60,51.201286,5567700
10/30/2015,60.119999,60.200001,59.419998,59.419998,50.706337,8630300
11/2/2015,59.700001,60.759998,59.509998,60.639999,51.747433,8577200
11/3/2015,60.400002,61.18,60.259998,60.869999,51.943707,7704300
11/4/2015,60.889999,61.009998,60.07,60.259998,51.423161,10795900
11/5/2015,56.73,56.810001,49.919998,51.07,43.580826,65856400
11/6/2015,51.630001,53.700001,51.630001,53.419998,45.586205,31252900
11/9/2015,52.880001,53.349998,52.619999,52.939999,45.176601,15092000
11/10/2015,52.529999,52.990002,51.950001,52.27,44.604858,13489500
11/11/2015,52.599998,53.240002,52.369999,52.849998,45.099804,11026300
11/12/2015,52.75,53.189999,52.52,52.580002,44.869392,10807000
11/13/2015,52.299999,52.75,51.82,51.939999,44.323246,10439900
11/16/2015,51.959999,52.860001,51.959999,52.77,45.031532,9214000
11/17/2015,52.700001,53.549999,52.57,52.98,45.210735,10686200
11/18/2015,51.939999,51.939999,47.52,48,40.961033,45214500
11/19/2015,48.509998,49.279999,48.23,48.389999,41.293835,20547900
11/20/2015,48.799999,49.77,48.5,49.619999,42.34346,17229800
11/23/2015,49.09,49.580002,48.759998,48.970001,41.788784,11632800
11/24/2015,49.029999,49.73,48.860001,49.41,42.164261,12090100
11/25/2015,49.41,49.650002,48.849998,49.099998,41.899715,9967100
11/27/2015,48.669998,48.849998,48.470001,48.540001,41.830784,3441600
11/30/2015,48.599998,48.860001,48.299999,48.790001,42.046223,13716000
12/1/2015,48.75,49.32,48.599998,49.299999,42.485729,9915800
12/2/2015,51.91,53.439999,51.799999,51.849998,44.68327,36745100
12/3/2015,52.16,52.240002,50.369999,51.400002,44.295475,25438100
12/4/2015,52.09,52.57,51.41,52.34,45.105541,16177700
12/7/2015,52.310001,52.540001,51.889999,52.43,45.183102,10160700
12/8/2015,50.630001,50.959999,49.310001,49.48,42.640858,18917100
12/9/2015,49.639999,49.98,48.419998,48.59,41.873863,16131000
12/10/2015,48.650002,49.57,48.470001,48.57,41.856632,11619500
12/11/2015,48.200001,48.360001,47.34,47.459999,40.900055,12977600
12/14/2015,47.41,47.959999,45.93,46.830002,40.35714,17157400
12/15/2015,47.709999,48.810001,46.799999,48.02,41.382652,20086900
12/16/2015,48.25,48.599998,47.150002,48.07,41.425735,13308300
12/17/2015,49.32,49.599998,47.540001,47.540001,40.969002,15328000
12/18/2015,47.369999,48.040001,47.02,47.43,40.874207,46440200
12/21/2015,47.610001,48.93,47.540001,48.759998,42.020374,16779000
12/22/2015,48.529999,49.189999,48.43,49.07,42.287525,10139800
12/23/2015,49.240002,49.52,48.900002,49.040001,42.261669,9397900
12/24/2015,49,49.880001,49,49.549999,42.70118,5338500
12/28/2015,49.450001,49.810001,49.23,49.580002,42.727039,8395600
12/29/2015,50.279999,51.25,50.07,50.880001,43.847347,14371300
12/30/2015,50.880001,51.25,50.360001,50.41,43.442303,8529300
12/31/2015,50.060001,50.439999,49.889999,49.990002,43.080364,7613400
1/4/2016,49.43,50.18,48.91,50.119999,43.19239,12571300
1/5/2016,50.459999,50.599998,49.07,49.139999,42.347843,13482300
1/6/2016,48.360001,48.66,47.759998,48.639999,41.916958,15783500
1/7/2016,47.779999,48,45.98,46.139999,39.762508,20495600
1/8/2016,46.810001,46.849998,45.84,45.880001,39.538452,15285500
1/11/2016,46.360001,46.529999,45.330002,46.07,39.702179,13624900
1/12/2016,46.450001,46.68,45.619999,46.52,40.089989,9290700
1/13/2016,47.220001,47.970001,46.07,46.099998,39.728031,17285100
1/14/2016,46.209999,48.009998,45.84,47.73,41.13274,21649400
1/15/2016,46.040001,46.509998,45.130001,45.82,39.486732,17273300
1/19/2016,46.5,46.580002,45.470001,46.09,39.719418,12680000
1/20/2016,45.5,46.18,44.389999,45.93,39.581532,14761500
1/21/2016,46.360001,47.439999,45.709999,47.049999,40.546722,12913700
1/22/2016,47.810001,48.279999,47.439999,48.07,41.425735,12154900
1/25/2016,47.970001,48.389999,47.52,47.580002,41.003471,9365800
1/26/2016,47.599998,48.849998,47.52,48.52,41.813545,9273400
1/27/2016,48,48.580002,47.16,47.529999,40.960381,12305000
1/28/2016,45.799999,45.82,43.470001,43.59,37.564968,27935200
1/29/2016,44.049999,45.349998,43.669998,45.34,39.073082,24039200
2/1/2016,44.709999,46.41,44.389999,46.110001,39.736652,13120400
2/2/2016,45.18,45.400002,42.880001,43.150002,37.185791,21079700
2/3/2016,43.599998,45,43.310001,44.73,38.547405,16733600
2/4/2016,44.619999,45.759998,44.380001,45.66,39.348854,10798900
2/5/2016,45.450001,45.599998,43.77,44.02,37.935532,10709800
2/8/2016,43.509998,44.16,42.830002,43.889999,37.823498,12799000
2/9/2016,43.650002,44.060001,43.169998,43.610001,37.582195,10339800
2/10/2016,44,44.52,42.900002,42.959999,37.022049,10044600
2/11/2016,42.509998,43.290001,42.240002,43,37.056526,12537700
2/12/2016,43.349998,44.759998,43.080002,44.560001,38.400902,11696500
2/16/2016,45.599998,46.830002,45.400002,46.73,40.27095,13832500
2/17/2016,47.049999,48.529999,47.009998,48.41,41.718754,14868200
2/18/2016,48.41,49.310001,48.02,49.080002,42.296139,13173100
2/19/2016,49.040001,50.040001,48.759998,49.419998,42.589153,16196800
2/22/2016,50.080002,51.290001,50.07,51.279999,44.192051,16793600
2/23/2016,51,51,50.110001,50.419998,43.450928,9358700
2/24/2016,50,51.66,49.73,51.52,44.39888,10966600
2/25/2016,51.5,51.790001,50.900002,51.639999,44.5023,8352400
2/26/2016,52,52,51.220001,51.619999,44.485058,9528400
2/29/2016,51.169998,51.529999,50.709999,50.790001,44.180611,12127300
3/1/2016,51.080002,52.110001,51.060001,52.110001,45.328835,11977400
3/2/2016,52.389999,52.98,52.240002,52.849998,45.97253,15664800
3/3/2016,52.450001,52.810001,51.860001,52.380001,45.563698,12365200
3/4/2016,52.330002,52.900002,51.900002,52.66,45.80727,12770300
3/7/2016,52.439999,53.52,52.360001,53.299999,46.363972,10171500
3/8/2016,52.889999,53.209999,51.98,52.459999,45.633289,11684300
3/9/2016,52.41,52.52,51.740002,51.950001,45.189667,13964500
3/10/2016,51.91,52.369999,51.169998,52.02,45.250549,9539100
3/11/2016,52.59,52.639999,51.889999,52.220001,45.424526,11404300
3/14/2016,52.240002,52.41,51.740002,52.09,45.31144,7407200
3/15/2016,51.75,51.830002,50.98,51.630001,44.911289,12887600
3/16/2016,51.630001,51.630001,50.91,51.299999,44.624241,21052300
3/17/2016,51.150002,51.689999,51.119999,51.380001,44.693829,10190400
3/18/2016,51.689999,51.869999,51.23,51.59,44.876507,28991500
3/21/2016,51.599998,52.349998,51.509998,52.209999,45.415821,11796500
3/22/2016,51.84,52.32,51.790001,52.02,45.250549,6623200
3/23/2016,52.119999,52.16,50.810001,50.990002,44.354588,9194600
3/24/2016,50.630001,50.900002,50.130001,50.860001,44.241497,7527300
3/28/2016,50.43,50.610001,49.950001,50.189999,43.658688,9065200
3/29/2016,50,50.939999,49.669998,50.689999,44.09362,10462600
3/30/2016,51.169998,51.650002,50.73,50.990002,44.354588,7142800
3/31/2016,50.869999,51.43,50.830002,51.139999,44.485062,7315800
4/1/2016,51.080002,51.110001,50.009998,50.880001,44.2589,9379800
4/4/2016,50.810001,51.110001,50.509998,50.650002,44.058826,6289600
4/5/2016,50.439999,50.529999,50,50.07,43.554302,6863300
4/6/2016,50.139999,50.73,49.73,50.619999,44.03273,7631600
4/7/2016,50.400002,50.450001,49.77,50.029999,43.519505,7532200
4/8/2016,50.369999,51.150002,50.25,50.560001,43.980541,5584800
4/11/2016,50.860001,51.580002,50.860001,51,44.363289,8637200
4/12/2016,51.049999,51.099998,50.200001,50.82,44.206699,6116900
4/13/2016,51.299999,52.439999,51.150002,51.919998,45.163551,13813500
4/14/2016,51.849998,51.889999,51.240002,51.82,45.076569,7921400
4/15/2016,51.93,51.990002,51.029999,51.060001,44.415474,10143300
4/18/2016,51.09,51.73,50.939999,51.549999,44.841717,7673100
4/19/2016,51.73,51.93,51.299999,51.830002,45.08527,9306400
4/20/2016,51.93,52.540001,51.810001,52.09,45.31144,11216900
4/21/2016,51.299999,51.799999,50.740002,51.669998,44.946087,16728600
4/22/2016,51.709999,53.09,51.68,52.639999,45.78986,14029800
4/25/2016,52.599998,52.720001,52.029999,52.43,45.607189,6941200
4/26/2016,52.540001,52.959999,52.450001,52.91,46.024723,7600100
4/27/2016,52.029999,53.130001,52.009998,52.900002,46.016029,8256600
4/28/2016,52.48,53.279999,52.040001,52.130001,45.34623,7795000
4/29/2016,51.830002,52,50.110001,50.52,43.945744,11437400
5/2/2016,50.689999,51.169998,50.130001,51.110001,44.458961,7123500
5/3/2016,50.669998,50.919998,50.189999,50.73,44.128422,7848600
5/4/2016,50.189999,50.880001,50.150002,50.490002,43.919655,11981800
5/5/2016,50.740002,51.27,50.43,51.130001,44.476357,10189100
5/6/2016,50.650002,51.119999,50.380001,50.919998,44.293682,9434500
5/9/2016,51,51.599998,50.790001,51.200001,44.537254,7173600
5/10/2016,51.259998,52.23,50.970001,52.150002,45.363628,8199000
5/11/2016,51.830002,52.529999,51.689999,52.150002,45.363628,8324100
5/12/2016,52.330002,52.529999,51.360001,51.509998,44.806919,9516000
5/13/2016,51.459999,52.080002,51.110001,51.32,44.64164,6975100
5/16/2016,51.32,52.169998,51.119999,51.91,45.154861,6823600
5/17/2016,51.740002,52.279999,51.5,51.990002,45.224449,9386200
5/18/2016,52.07,53.34,52,52.790001,45.920341,10507200
5/19/2016,52.709999,53.080002,52.259998,52.759998,45.894249,8614000
5/20/2016,52.970001,54.580002,52.869999,54.52,47.42522,14003600
5/23/2016,54.200001,54.860001,54.150002,54.18,47.129467,9685300
5/24/2016,54.419998,55.619999,54.400002,55.59,48.355972,13097700
5/25/2016,55.700001,56.27,55.689999,55.98,48.695225,9266500
5/26/2016,55.970001,56.139999,55.509998,55.740002,48.486465,7020900
5/27/2016,55.330002,55.389999,55.02,55.27,48.539143,5918200
5/31/2016,55.389999,55.43,54.82,54.919998,48.23177,15093400
6/1/2016,54.5,54.970001,54.450001,54.790001,48.117611,12156800
6/2/2016,54.650002,54.919998,54.290001,54.880001,48.196648,9036200
6/3/2016,54.990002,55.009998,54.470001,54.939999,48.24934,10008100
6/6/2016,54.98,55.369999,54.66,54.889999,48.205418,7905100
6/7/2016,54.939999,55.18,54.669998,54.84,48.161514,5400200
6/8/2016,54.73,55.049999,54.669998,54.939999,48.24934,6314800
6/9/2016,54.400002,55.040001,54.189999,54.98,48.284462,8726200
6/10/2016,54.459999,54.75,53.400002,53.830002,47.274513,15791600
6/13/2016,53.599998,53.900002,52.740002,52.830002,46.396294,12128900
6/14/2016,52.66,53.25,52.470001,52.700001,46.282131,8887300
6/15/2016,53.049999,53.560001,52.669998,53.279999,46.791496,8832400
6/16/2016,52.970001,53.470001,52.48,53.419998,46.914444,5907500
6/17/2016,53.73,53.82,53.099998,53.549999,47.028614,14548800
6/20/2016,54.169998,54.66,53.860001,53.889999,47.327209,8680800
6/21/2016,54.25,54.25,53.599998,53.880001,47.318428,6431700
6/22/2016,53.900002,54.970001,53.900002,54.040001,47.458939,8481600
6/23/2016,54.849998,55.57,54.57,55.549999,48.785046,8952200
6/24/2016,53.009998,53.82,52.119999,52.119999,45.772758,17018500
6/27/2016,52.290001,52.290001,50.84,51.139999,44.912106,11642700
6/28/2016,51.700001,52.560001,51.529999,52.509998,46.115265,7470400
6/29/2016,53.060001,53.84,52.75,53.549999,47.028614,7126900
6/30/2016,52.900002,53.57,52.459999,53.57,47.046177,9254400
7/1/2016,52.990002,53.389999,52.84,53,46.545597,6385000
7/5/2016,52.950001,52.970001,51.889999,51.939999,45.614681,10626200
7/6/2016,51.57,52.529999,51.16,52.369999,45.99231,7740700
7/7/2016,52.580002,53.380001,52.41,52.93,46.484112,5763300
7/8/2016,53.490002,54.330002,53.32,54.189999,47.590675,6853900
7/11/2016,53.959999,54.709999,53.939999,54.119999,47.529198,6941600
7/12/2016,54.450001,54.740002,54.209999,54.619999,47.968315,7413700
7/13/2016,54.91,55,54.630001,54.830002,48.152737,5676400
7/14/2016,55.189999,55.369999,54.560001,54.880001,48.196648,6601500
7/15/2016,54.860001,54.860001,54.169998,54.75,48.082478,10236900
7/18/2016,55.139999,55.650002,54.98,55.349998,48.609406,9225900
7/19/2016,55.73,55.900002,54.950001,55.139999,48.424984,8164200
7/20/2016,55.360001,55.950001,55.040001,55.82,49.022163,17204300
7/21/2016,59.799999,60.470001,59.130001,59.93,52.631649,33912300
7/22/2016,60.209999,61.18,59.830002,61.150002,53.703075,12505700
7/25/2016,60.959999,60.970001,60.150002,60.73,53.334221,9166200
7/26/2016,61,61.5,60.77,61.349998,53.878708,11272600
7/27/2016,61.82,62.66,61.650002,62.509998,54.897457,13395100
7/28/2016,62.439999,62.790001,62.169998,62.43,54.827202,8514200
7/29/2016,62.599998,62.82,62.240002,62.580002,54.958935,8291000
8/1/2016,62.369999,62.400002,61.580002,61.849998,54.317829,14606200
8/2/2016,61.740002,61.950001,60.02,60.599998,53.220058,14732800
8/3/2016,60.59,61.110001,60.5,61.009998,53.580128,6448200
8/4/2016,61.110001,61.23,60.73,60.98,53.55378,5169600
8/5/2016,61.52,62.110001,61.27,62,54.449562,8320700
8/8/2016,62.049999,62.189999,61.369999,61.580002,54.080708,8410600
8/9/2016,61.91,62.439999,61.830002,61.990002,54.440777,5350300
8/10/2016,62,62.16,61.439999,61.709999,54.194881,3836200
8/11/2016,61.889999,62.16,61.669998,61.740002,54.221226,4988300
8/12/2016,61.540001,61.990002,61.279999,61.709999,54.194881,4947700
8/15/2016,61.799999,62.490002,61.799999,62.43,54.827202,6499000
8/16/2016,62.080002,62.5,61.759998,62.07,54.51104,7650600
8/17/2016,62.220001,62.400002,61.790001,62.279999,54.695465,6812400
8/18/2016,62.349998,63.040001,62.18,63.040001,55.362915,7935900
8/19/2016,62.610001,62.84,62.009998,62.759998,55.117001,7093000
8/22/2016,62.700001,62.869999,62.349998,62.830002,55.17849,5720900
8/23/2016,63,63.689999,62.830002,63.09,55.406826,5970600
8/24/2016,62.919998,63.240002,62.470001,62.610001,54.985275,6902400
8/25/2016,62.669998,62.959999,62.580002,62.639999,55.01162,4916700
8/26/2016,62.889999,63.509998,62.650002,62.970001,55.30143,7255600
8/29/2016,62.419998,63.09,62.369999,62.98,55.779697,5354700
8/30/2016,63,63.509998,62.709999,62.939999,55.744267,5047600
8/31/2016,62.98,63.119999,62.529999,63.07,55.859413,6516600
9/1/2016,62.869999,63.5,62.509998,63.470001,56.213684,6906300
9/2/2016,63.529999,63.700001,63.09,63.349998,56.107388,6325900
9/6/2016,63.119999,63.389999,62.880001,63.09,55.877125,5603000
9/7/2016,63.189999,63.25,62.32,62.43,55.292576,6281600
9/8/2016,62.029999,62.810001,62.009998,62.689999,55.522846,7698100
9/9/2016,62.009998,62.290001,60.5,60.52,53.600945,10625600
9/12/2016,60.23,62.27,59.93,62.25,55.133152,10158600
9/13/2016,61.82,62.200001,60.939999,61.290001,54.282909,8397100
9/14/2016,61.290001,61.950001,61.040001,61.59,54.548607,5982400
9/15/2016,61.950001,62.669998,61.549999,62.540001,55.390003,8871200
9/16/2016,62.880001,63.439999,62.369999,62.990002,55.788555,14677700
9/19/2016,63.130001,63.389999,62.759998,62.860001,55.673424,6759900
9/20/2016,63.27,63.299999,62.529999,62.700001,55.531708,5471400
9/21/2016,63.099998,63.639999,62.91,63.57,56.302238,7488600
9/22/2016,63.709999,64,63.360001,63.52,56.257957,7895700
9/23/2016,63,63.57,62.669998,62.75,55.575989,7794700
9/26/2016,62.490002,62.560001,61.860001,62.310001,55.186298,6207400
9/27/2016,62.529999,63.360001,62.439999,63.310001,56.071964,5228300
9/28/2016,63.23,63.689999,63,63.450001,56.195961,5251900
9/29/2016,63.279999,68.830002,62.709999,67.449997,59.738655,43098800
9/30/2016,68.400002,70.400002,68.150002,68.5,60.668617,34879500
10/3/2016,68.080002,69.279999,66.870003,67.110001,59.437527,10153600
10/4/2016,67.699997,67.699997,66.559998,66.68,59.05669,9746400
10/5/2016,66.839996,67.419998,66.550003,66.839996,59.198387,6362000
10/6/2016,66.800003,69.32,66.230003,67.540001,59.818363,12957200
10/7/2016,67.529999,68.330002,67.489998,68.190002,60.394051,8398100
10/10/2016,68.339996,68.580002,67.059998,67.25,59.561527,7029800
10/11/2016,67,67.089996,65.449997,66.089996,58.534138,8910600
10/12/2016,66.489998,66.489998,65.059998,66.059998,58.507576,6615700
10/13/2016,65.550003,66.059998,64.300003,65.699997,58.188717,7236600
10/14/2016,65.940002,66.589996,65.449997,65.699997,58.188717,6743100
10/17/2016,65.529999,65.709999,65.089996,65.190002,57.737038,6348200
10/18/2016,66.18,66.220001,65.57,66.099998,58.542988,5966900
10/19/2016,65.879997,66.07,65.309998,65.790001,58.26844,5414700
10/20/2016,65.480003,68.169998,65.480003,67.339996,59.641235,13579000
10/21/2016,67.110001,69.440002,66.699997,67.93,60.163776,19676600
10/24/2016,68.400002,68.449997,67.480003,68.059998,60.278912,6669600
10/25/2016,67.900002,68.25,67.480003,67.709999,59.968925,5370000
10/26/2016,67.309998,68.620003,67.25,68.199997,60.402912,9241200
10/27/2016,70.800003,71.620003,70,70.089996,62.076832,33941700
10/28/2016,70.519997,70.529999,67.660004,68.400002,60.580048,17952700
10/31/2016,69,69.510002,68.68,68.720001,60.863468,10108300
11/1/2016,69,69.349998,67.540001,68.339996,60.526897,8910100
11/2/2016,68.459999,68.599998,67.029999,67.089996,59.419811,15183000
11/3/2016,67.690002,68.57,65.93,66.949997,59.295818,15642500
11/4/2016,65.739998,67.410004,65.739998,66.730003,59.100979,8584300
11/7/2016,67.720001,68.580002,67.389999,68.459999,60.633183,9205300
11/8/2016,68.220001,68.709999,67.629997,68.269997,60.464916,6696600
11/9/2016,66.629997,68.089996,66.25,67.879997,60.119495,11604400
11/10/2016,67.809998,68.209999,64.32,66.309998,58.728985,17774400
11/11/2016,65.870003,67,65.839996,66.879997,59.233833,10239800
11/14/2016,67.419998,67.419998,65.93,65.93,58.392426,8256800
11/15/2016,66.260002,67.160004,65.949997,66.769997,59.136395,9615200
11/16/2016,66.709999,66.709999,65.650002,66.300003,58.720139,9552200
11/17/2016,66.440002,66.769997,66.160004,66.669998,59.047836,6982500
11/18/2016,66.68,67.459999,65.940002,67.309998,59.614651,9889300
11/21/2016,66.860001,67.199997,66.150002,67.099998,59.42868,7868900
11/22/2016,67.57,68.599998,67.040001,68.309998,60.500328,9803600
11/23/2016,68.330002,68.5,67.75,68.129997,60.340908,4820300
11/25/2016,68.160004,68.419998,67.709999,68.290001,60.482616,4200100
11/28/2016,67.419998,67.699997,66.800003,67.099998,59.893513,8225200
11/29/2016,67.230003,67.540001,66.629997,66.769997,59.598942,6544900
11/30/2016,66.800003,68.309998,66.5,68.129997,60.812878,12470000
12/1/2016,67.720001,67.919998,63.779999,64.160004,57.269257,16563900
12/2/2016,63.950001,66.330002,63.950001,65.839996,58.768818,9687000
12/5/2016,66.379997,66.940002,65.690002,66.360001,59.232983,8708200
12/6/2016,66.650002,67.480003,66.5,67.449997,60.205914,6701800
12/7/2016,67.349998,68.339996,66.959999,68.339996,61.00032,7202700
12/8/2016,68.419998,69.18,68.370003,68.550003,61.187782,5552600
12/9/2016,68.610001,68.889999,67.800003,68.519997,61.161007,5551800
12/12/2016,68.370003,68.650002,67.919998,68.470001,61.116371,5615200
12/13/2016,68.720001,70.239998,68.489998,69.339996,61.892933,8494200
12/14/2016,68.639999,69.18,67.349998,67.559998,60.304092,9957700
12/15/2016,68.099998,68.769997,67.309998,68.029999,60.723625,7162400
12/16/2016,68.489998,68.489998,66.300003,66.459999,59.322243,18155600
12/19/2016,66.790001,67.43,66.639999,67.019997,59.822086,7884700
12/20/2016,67.379997,67.559998,66.769997,66.910004,59.723907,6685400
12/21/2016,67.07,67.349998,66.82,67.160004,59.947063,5211400
12/22/2016,67.639999,67.75,66.459999,66.760002,59.590015,5900200
12/23/2016,66.889999,66.940002,66.519997,66.860001,59.679268,3088100
12/27/2016,67.139999,67.580002,67.059998,67.25,60.027401,3028200
12/28/2016,66.650002,67.07,65.699997,65.75,58.688484,6547200
12/29/2016,65.5,66.080002,65.419998,66.040001,58.947342,3700800
12/30/2016,66.25,66.349998,65.040001,65.199997,58.197559,5941900
1/3/2017,65.860001,66.139999,64.599998,65.400002,58.376083,9519800
1/4/2017,65.669998,65.949997,65.260002,65.470001,58.438564,6221700
1/5/2017,65.220001,65.980003,65.050003,65.550003,58.509975,5998900
1/6/2017,65.480003,65.870003,64.860001,65.529999,58.492115,6749400
1/9/2017,65.529999,66.269997,65.489998,65.650002,58.599239,4769200
1/10/2017,65.949997,66.160004,65.57,65.629997,58.581371,6076000
1/11/2017,65.75,66.110001,65.419998,66.099998,59.000893,8349800
1/12/2017,65.349998,66.18,65.050003,66.120003,59.018761,6113600
1/13/2017,66.25,67.080002,66.160004,66.879997,59.697144,6177400
1/17/2017,66.709999,66.970001,63.150002,64.190002,57.296043,22426300
1/18/2017,64.669998,66.089996,63.810001,65.129997,58.135075,15883200
1/19/2017,64.970001,65.400002,64.360001,64.440002,57.519184,9429200
1/20/2017,65.190002,65.739998,62.619999,62.880001,56.126728,20936900
1/23/2017,58.669998,58.669998,53.77,54.880001,48.985931,94436000
1/24/2017,55.02,55.77,54.700001,55,49.09304,41751800
1/25/2017,56.099998,56.98,55.5,56.900002,50.788982,27307900
1/26/2017,55.349998,55.490002,53.5,54.049999,48.245068,37888200
1/27/2017,54.650002,54.759998,54,54.240002,48.414661,23474400
1/30/2017,54.389999,54.400002,53.549999,53.610001,47.852325,14853900
1/31/2017,53.610001,53.639999,52.830002,53.43,47.69165,13995400
2/1/2017,53.639999,53.82,52.860001,53.150002,47.441727,16102100
2/2/2017,52.950001,53.099998,52.369999,52.66,47.004356,14481200
2/3/2017,52.950001,53.220001,52.75,52.98,47.289978,10965300
2/6/2017,53.310001,53.41,52.82,52.880001,47.200722,8215100
2/7/2017,53.220001,53.279999,52.759998,53.27,47.54884,10374100
2/8/2017,53.389999,53.389999,52.720001,52.889999,47.209652,9229000
2/9/2017,52.91,53.099998,52.759998,52.880001,47.200722,7615100
2/10/2017,53.099998,54.279999,52.93,54,48.200432,14042200
2/13/2017,54.580002,55.130001,54.259998,54.93,49.030563,14516200
2/14/2017,55.43,55.52,54.82,55.48,49.521488,13072000
2/15/2017,55.630001,56.5,55.490002,56.490002,50.423008,14149200
2/16/2017,56.580002,56.900002,56.450001,56.880001,50.771122,11622900
2/17/2017,56.849998,56.939999,56.049999,56.459999,50.396233,12456600
2/21/2017,56.830002,57.189999,56.580002,56.75,50.65509,9878200
2/22/2017,56.779999,57.099998,56.48,57.099998,50.967499,8711500
2/23/2017,57.009998,57.310001,56.77,57.139999,51.003201,10152800
2/24/2017,57.02,57.23,56.5,57.220001,51.074612,10644800
2/27/2017,56.560001,56.98,56.310001,56.73,51.110645,7127600
2/28/2017,56.490002,56.52,55.889999,56.48,50.885406,10388200
3/1/2017,56.93,57.080002,56.27,57.009998,51.362915,11082400
3/2/2017,56.950001,57.150002,56.240002,56.369999,50.786301,8451700
3/3/2017,56.52,56.57,56,56.439999,50.849373,6971400
3/6/2017,56.27,56.560001,56.07,56.450001,50.858379,7241600
3/7/2017,56.599998,56.82,56.189999,56.73,51.110645,7131700
3/8/2017,56.919998,58.080002,56.799999,57.77,52.047634,13201700
3/9/2017,57.650002,58.099998,57.400002,57.970001,52.227821,9875600
3/10/2017,58.360001,58.790001,58.299999,58.639999,52.831455,9752000
3/13/2017,59.029999,59.040001,58.200001,58.459999,52.669281,7737900
3/14/2017,58.380001,58.380001,57.720001,58.220001,52.453053,6276900
3/15/2017,58.419998,58.75,58.18,58.52,52.723347,9029500
3/16/2017,58.299999,58.73,58.16,58.349998,52.570179,7206200
3/17/2017,58.57,58.610001,57.509998,57.549999,51.849422,20057800
3/20/2017,57.790001,58.07,57.59,57.810001,52.083672,7498200
3/21/2017,57.93,58.099998,56.740002,56.799999,51.173714,10092600
3/22/2017,56.73,57.130001,56.099998,57.040001,51.389935,9129700
3/23/2017,57.16,57.27,56.59,56.810001,51.182728,7718700
3/24/2017,57.470001,57.470001,56.639999,56.919998,51.281826,5621400
3/27/2017,56.720001,56.939999,56.48,56.66,51.047585,4726300
3/28/2017,56.669998,57.610001,56.669998,57.380001,51.696266,5953500
3/29/2017,57.09,57.369999,56.860001,57.360001,51.678249,4042600
3/30/2017,57.360001,57.650002,57.189999,57.200001,51.534088,6359000
3/31/2017,57.459999,57.689999,56.970001,57.34,51.660225,10065000
4/3/2017,57.259998,57.34,56.040001,56.5,50.903431,11343500
4/4/2017,56.299999,56.91,56.25,56.68,51.065598,7123900
4/5/2017,56.799999,57.529999,56.419998,56.470001,50.876404,7857700
4/6/2017,56.439999,56.73,56.139999,56.529999,50.930454,5757800
4/7/2017,56.580002,56.599998,56.189999,56.32,50.741253,5229800
4/10/2017,56.43,56.810001,56.27,56.52,50.921448,6039800
4/11/2017,56.32,56.360001,54.720001,55.349998,49.867344,17301800
4/12/2017,54.639999,54.650002,53.119999,53.389999,48.101486,24822200
4/13/2017,53.130001,53.68,52.779999,52.790001,47.560921,17014400
4/17/2017,52.990002,53.130001,52.75,52.889999,47.651016,10471700
4/18/2017,52.599998,52.98,52.389999,52.669998,47.452808,11262800
4/19/2017,53,53.099998,52.299999,52.610001,47.398754,15441500
4/20/2017,53.220001,53.400002,51.400002,52.66,47.443802,24664600
4/21/2017,52.77,52.799999,52.209999,52.5,47.299652,10951500
4/24/2017,53.009998,53.25,52.75,52.810001,47.578949,10784400
4/25/2017,53.169998,53.490002,52.959999,53,47.750122,11688700
4/26/2017,53.200001,53.299999,52.91,53.040001,47.786156,7373800
4/27/2017,53.240002,53.34,52.91,53.209999,47.93932,6956200
4/28/2017,51.799999,53.950001,51.049999,53.740002,48.416817,34374100
5/1/2017,53.650002,53.700001,53.099998,53.599998,48.290684,12987700
5/2/2017,53.650002,53.73,52.900002,53.290001,48.011391,10445400
5/3/2017,53.41,54.77,53.25,54.490002,49.092533,18428300
5/4/2017,54.73,55,54.5,54.91,49.470924,11993400
5/5/2017,54.93,55,54.700001,54.93,49.488953,9108800
5/8/2017,54.990002,55,54.560001,54.619999,49.209656,7033400
5/9/2017,54.689999,55.189999,54.630001,55.150002,49.68716,8332900
5/10/2017,55.220001,55.43,54.860001,55.330002,49.849327,8517700
5/11/2017,55.25,55.299999,54.41,54.68,49.263706,13514700
5/12/2017,54.5,55.349998,54.400002,55.32,49.840309,9107600
5/15/2017,55.080002,55.490002,55.080002,55.400002,49.912392,10686100
5/16/2017,55.389999,55.98,55.099998,55.950001,50.407909,9599300
5/17/2017,55.639999,56.080002,55.299999,55.360001,49.876343,14811300
5/18/2017,55.580002,56.310001,55.02,56.119999,50.561066,13125300
5/19/2017,56.490002,57.790001,56.200001,57.669998,51.957542,16643800
5/22/2017,58.389999,59.540001,58.380001,59.279999,53.408062,20771500
5/23/2017,59.380001,59.889999,59.130001,59.220001,53.354004,14223400
5/24/2017,59.279999,59.619999,58.57,58.639999,52.831455,8592600
5/25/2017,58.650002,58.950001,58.259998,58.450001,52.660275,9556500
5/26/2017,57.66,57.98,57.369999,57.52,52.332745,8261900
5/30/2017,57.279999,57.740002,57.169998,57.34,52.168968,11553700
5/31/2017,57.259998,57.73,57,57.27,52.105278,14082600
6/1/2017,57.450001,58.650002,57.349998,58.619999,53.333538,11560100
6/2/2017,58.889999,58.959999,58.349998,58.580002,53.297146,9538000
6/5/2017,58.5,59.049999,58.48,58.860001,53.551891,7960800
6/6/2017,58.599998,58.91,58.18,58.200001,52.951412,7871500
6/7/2017,58.299999,58.490002,57.130001,57.529999,52.341835,10126500
6/8/2017,57.77,58.150002,57.610001,58.119999,52.878632,10322200
6/9/2017,58.369999,58.490002,56.740002,57.049999,51.905121,13624800
6/12/2017,56.52,57.68,56.48,57.490002,52.305447,9985100
6/13/2017,57.950001,58.07,57.5,57.540001,52.350941,7111500
6/14/2017,57.700001,57.970001,56.669998,57.009998,51.868732,6740000
6/15/2017,56.419998,57.169998,56.400002,56.93,51.795956,5416600
6/16/2017,56.98,57.009998,56.349998,56.82,51.695866,14555600
6/19/2017,56.959999,57.66,56.91,57.610001,52.414619,7166200
6/20/2017,57.459999,57.610001,56.509998,56.790001,51.668579,8181600
6/21/2017,56.790001,56.84,56.119999,56.330002,51.250053,8324900
6/22/2017,56.240002,56.75,56.060001,56.470001,51.37743,5560100
6/23/2017,56.639999,57.439999,56.57,56.91,51.777744,11847900
6/26/2017,57.09,57.689999,56.209999,56.560001,51.459312,7339100
6/27/2017,56.290001,56.330002,55.41,55.43,50.431225,6814400
6/28/2017,55.400002,56.32,55.18,56.16,51.095387,7542400
6/29/2017,55.93,55.93,54.549999,55.080002,50.112785,8456900
6/30/2017,55.599998,55.630001,55.029999,55.220001,50.240158,8781900
7/3/2017,55.529999,56.02,54.919998,54.950001,49.994499,4379600
7/5/2017,55.009998,55.560001,54.779999,55.450001,50.449409,6823800
7/6/2017,55.02,55.23,54.740002,54.790001,49.848938,5663000
7/7/2017,55.040001,55.73,54.869999,55.349998,50.358433,5356000
7/10/2017,55.369999,55.889999,55.189999,55.639999,50.622284,5098100
7/11/2017,55.630001,55.630001,55.02,55.330002,50.34024,6124900
7/12/2017,55.790001,56.310001,55.720001,56.200001,51.131783,6126800
7/13/2017,56.380001,56.52,56.169998,56.23,51.159073,6219200
7/14/2017,56.5,56.93,56.150002,56.810001,51.686768,4440100
7/17/2017,56.73,56.919998,56.389999,56.459999,51.368332,5123600
7/18/2017,56.34,56.380001,56,56.290001,51.213669,7441000
7/19/2017,56.459999,56.939999,56.009998,56.779999,51.65947,8783700
7/20/2017,55.110001,55.43,53.459999,53.970001,49.102886,35943900
7/21/2017,53.66,54,53.369999,53.84,48.984612,12113100
7/24/2017,53.75,53.880001,53.09,53.220001,48.420521,8832200
7/25/2017,53.200001,53.650002,53.07,53.27,48.466011,7112100
7/26/2017,53.290001,53.349998,52.740002,53.139999,48.347736,7581500
7/27/2017,53.080002,53.369999,52.23,52.490002,47.756355,14069200
7/28/2017,52.27,52.990002,52.27,52.880001,48.111187,6644300
7/31/2017,53.099998,53.299999,52.75,53.189999,48.393219,11302700
8/1/2017,53.299999,53.43,52.91,53.41,48.593388,9372100
8/2/2017,53.299999,53.389999,52.779999,53.169998,48.375031,23084000
8/3/2017,53.16,53.34,52.75,52.950001,48.174873,8643500
8/4/2017,53,53,52.509998,52.619999,47.87463,8677900
8/7/2017,52.5,52.849998,52.490002,52.700001,47.947411,6561800
8/8/2017,52.549999,53.330002,52.209999,52.290001,47.57439,10462200
8/9/2017,52.049999,52.799999,52,52.77,48.011101,8085300
8/10/2017,52.540001,52.75,52.110001,52.34,47.619881,10768000
8/11/2017,52.389999,53.130001,52.290001,52.720001,47.965614,5894200
8/14/2017,53.040001,53.639999,52.91,53.549999,48.720757,8118200
8/15/2017,53.66,54.080002,53.349998,53.869999,49.011902,7876300
8/16/2017,54.060001,54.099998,53.259998,53.310001,48.502403,7414900
8/17/2017,53.189999,53.41,52.27,52.27,47.556194,6589400
8/18/2017,52.259998,52.419998,51.900002,51.919998,47.237755,6696400
8/21/2017,52,52.080002,51.5,51.98,47.292343,5205700
8/22/2017,52.209999,52.619999,52.209999,52.349998,47.628979,4443300
8/23/2017,52.299999,52.41,51.779999,52.23,47.519802,5259300
8/24/2017,52.369999,52.709999,52.259998,52.490002,47.756355,6198600
8/25/2017,52.779999,52.849998,52.02,52.029999,47.337833,8684700
8/28/2017,51.77,51.810001,51.459999,51.810001,47.659809,4519000
8/29/2017,51.310001,51.860001,51.279999,51.810001,47.659809,4980900
8/30/2017,52.23,52.290001,51.560001,52.119999,47.944965,4876200
8/31/2017,52.259998,52.59,52.119999,52.27,48.082958,8215800
9/1/2017,52.529999,52.77,51.93,52.049999,47.880573,5301300
9/5/2017,51.860001,51.900002,49.830002,50.029999,46.022381,17811100
9/6/2017,50.189999,50.77,49.830002,50.450001,46.408745,16206900
9/7/2017,50.560001,50.689999,50.25,50.380001,46.344353,10035500
9/8/2017,50.349998,50.450001,48.919998,49.639999,45.663624,12809400
9/11/2017,49.939999,50.669998,49.91,50.57,46.519131,7473500
9/12/2017,50.599998,51.07,50.52,50.900002,46.822697,4526800
9/13/2017,50.799999,51.110001,50.720001,51.009998,46.923882,6191400
9/14/2017,50.970001,51.59,50.669998,51.48,47.356236,7741300
9/15/2017,51.950001,52.290001,51.439999,52.189999,48.009357,13177900
9/18/2017,52.240002,52.369999,51.959999,52.25,48.064552,6002700
9/19/2017,52.400002,52.5,52.060001,52.299999,48.110554,5825200
9/20/2017,52.43,52.52,51.48,51.98,47.816181,8400300
9/21/2017,51.860001,52.200001,51.709999,52.029999,47.862171,5750600
9/22/2017,51.82,52.23,51.779999,52.09,47.917377,4105100
9/25/2017,51.900002,52.290001,51.610001,51.619999,47.485016,8178400
9/26/2017,51.75,51.869999,50.849998,51.130001,47.034271,9378800
9/27/2017,51.43,51.610001,51.150002,51.549999,47.420628,8200600
9/28/2017,51.380001,52.040001,51.310001,51.75,47.604607,5732900
9/29/2017,51.91,52.040001,51.619999,51.84,47.687401,5371200
10/2/2017,52.09,52.16,51.700001,51.880001,47.724197,4439200
10/3/2017,51.990002,52.220001,51.650002,52.02,47.852982,4378000
10/4/2017,51.93,52.119999,51.669998,51.959999,47.797787,4587700
10/5/2017,52.169998,52.43,51.959999,52.349998,48.156544,5179100
10/6/2017,52.16,52.630001,52.16,52.490002,48.285332,4795300
10/9/2017,52.68,52.98,52.380001,52.880001,48.644093,5817500
10/10/2017,52.950001,53.900002,52.900002,53.869999,49.554787,8761700
10/11/2017,53.790001,54.380001,53.66,54.119999,49.784763,9427300
10/12/2017,53.880001,54.18,52.959999,53,48.754478,7062300
10/13/2017,53.380001,53.380001,52.740002,52.82,48.588902,7005600
10/16/2017,52.98,53,52.310001,52.380001,48.184143,5930900
10/17/2017,52.32,52.439999,51.849998,52.41,48.211742,7662900
10/18/2017,52.540001,52.669998,52.02,52.209999,48.027756,6032600
10/19/2017,52.029999,52.400002,52.009998,52.290001,48.101349,6825200
10/20/2017,52.509998,52.59,51.939999,52.02,47.852982,8845000
10/23/2017,52.299999,53.779999,52.130001,53.389999,49.113235,9775400
10/24/2017,53.439999,54.439999,53.400002,54.25,49.90435,11415700
10/25/2017,53.98,54.43,53.48,53.84,49.527191,7581500
10/26/2017,54.099998,54.389999,53.669998,53.799999,49.490391,5270800
10/27/2017,53.700001,54.700001,53.360001,54.57,50.198711,8962400
10/30/2017,54.16,54.77,54.080002,54.66,50.281502,7081500
10/31/2017,52.259998,52.490002,50.02,51.009998,46.923882,29914100
11/1/2017,51.470001,53.490002,50.509998,53.459999,49.177635,15624400
11/2/2017,53.599998,55.68,53.599998,54.84,50.447086,17337800
11/3/2017,54.759998,64.989998,54.209999,61.810001,56.858761,80964500
11/6/2017,64.540001,65.330002,62.150002,62.52,57.511883,58900800
11/7/2017,62.52,64.160004,62.450001,64.099998,58.965317,23424600
11/8/2017,64.209999,65.790001,64.209999,65.489998,60.243969,26515400
11/9/2017,64.910004,65.330002,63.93,64.599998,59.425266,15954900
11/10/2017,64.360001,65.099998,63.919998,64.57,59.397667,9626200
11/13/2017,64.959999,66.82,64.75,66.489998,61.163868,24411600
11/14/2017,66.160004,66.800003,65.550003,66,60.713127,14036700
11/15/2017,65.550003,66.480003,65.239998,65.610001,60.354359,10565400
11/16/2017,65.769997,66.540001,65.43,66.110001,60.814312,12339800
11/17/2017,66.370003,66.949997,66,66.720001,61.375454,13334000
11/20/2017,66.18,66.849998,65.949997,66.470001,61.145477,9749400
11/21/2017,65.349998,66.93,65.269997,66.669998,61.329456,11215800
11/22/2017,66.370003,68.260002,66.239998,68.129997,62.672497,15489400
11/24/2017,68.510002,69.279999,68.449997,68.910004,63.390015,9233500
11/27/2017,68.599998,68.919998,68.040001,68.139999,62.681698,20404600
11/28/2017,67.589996,68.410004,67.220001,68.379997,63.433109,12861300
11/29/2017,68.099998,68.199997,66.029999,66.519997,61.707664,17022200
11/30/2017,66.510002,67.099998,65.720001,66.339996,61.54068,15555600
12/1/2017,65.199997,66.120003,64.599998,65.489998,60.752171,15851100
12/4/2017,65.599998,65.699997,63.799999,64.559998,59.88945,17325100
12/5/2017,64.849998,65.029999,64.400002,64.690002,60.010056,9661200
12/6/2017,64.639999,65.68,64.360001,64.980003,60.279076,6952300
12/7/2017,65.209999,65.550003,64.769997,65.230003,60.510983,8755000
12/8/2017,65.599998,65.599998,63.880001,64.239998,59.592606,9371900
12/11/2017,64.059998,65.260002,64,65.18,60.4646,12185000
12/12/2017,64.879997,65.110001,64.550003,64.860001,60.167759,7021200
12/13/2017,64.980003,65.43,64.830002,64.900002,60.204868,6490400
12/14/2017,64.860001,65.169998,64.550003,64.699997,60.019325,7122000
12/15/2017,65.330002,65.419998,64.5,64.760002,60.074993,18833000
12/18/2017,64.93,65.459999,64.800003,65.379997,60.650131,7440900
12/19/2017,65.110001,65.480003,64.43,64.5,59.833797,7130000
12/20/2017,64.559998,65.169998,64.330002,64.599998,59.926559,6933600
12/21/2017,64.75,64.959999,64.339996,64.389999,59.73175,5451100
12/22/2017,64.309998,64.980003,64.300003,64.730003,60.047169,4444300
12/26/2017,64.489998,64.940002,64.199997,64.300003,59.64827,4236500
12/27/2017,64.32,64.639999,64.18,64.540001,59.870907,4899600
12/28/2017,64.690002,64.730003,64.349998,64.379997,59.722481,2451300
12/29/2017,64.360001,64.650002,64,64.019997,59.388523,6631800
1/2/2018,64.379997,65.330002,64.169998,65.199997,60.48315,6329600
1/3/2018,65.220001,66.059998,64.690002,65.940002,61.169628,6844200
1/4/2018,66.18,66.529999,65.910004,66.029999,61.253109,5060100
1/5/2018,66.040001,66.599998,65.5,66.470001,61.661282,5421800
1/8/2018,66.25,66.529999,65.940002,66.269997,61.475746,4266900
1/9/2018,65.639999,65.860001,64.940002,65.269997,60.548084,7632300
1/10/2018,65.480003,65.739998,64.879997,65.260002,60.538815,6569300
1/11/2018,65.199997,65.5,65.139999,65.43,60.696518,4233100
1/12/2018,65.610001,65.900002,65.080002,65.379997,60.650131,5007200
1/16/2018,66.230003,68.650002,66.029999,68.25,63.312504,24478800
1/17/2018,68.519997,68.900002,67.239998,68.019997,63.099144,12559100
1/18/2018,67.75,68.18,67.489998,68.050003,63.126972,6797900
1/19/2018,68.040001,68.25,67.75,68.040001,63.11771,8864300
1/22/2018,67.809998,68.75,67.709999,68.669998,63.702114,8566200
1/23/2018,68.599998,68.900002,68.239998,68.339996,63.395996,7825600
1/24/2018,68.199997,68.290001,67.379997,67.980003,63.062038,12383100
1/25/2018,68.139999,68.370003,67.290001,67.419998,62.542545,9122200
1/26/2018,67.940002,68.529999,67.599998,68.529999,63.572254,7919000
1/29/2018,68.160004,68.300003,67.239998,67.32,62.449783,9745300
1/30/2018,67.43,67.910004,66.730003,66.989998,62.143661,8059500
1/31/2018,67.550003,68.379997,67.459999,68.25,63.312504,13915600
2/1/2018,67,68.349998,66.32,66.800003,61.967403,16838500
2/2/2018,66.18,67.040001,65.860001,66.07,61.290226,10971700
2/5/2018,66.300003,66.550003,60.5,61.73,57.264191,35996000
2/6/2018,62.310001,64.529999,62.200001,64.400002,59.741035,24458700
2/7/2018,64.220001,66.120003,64.019997,65.040001,60.334736,15021200
2/8/2018,64.629997,65.07,62.400002,62.419998,57.904274,13451600
2/9/2018,62.950001,64.32,61.459999,63.990002,59.360695,23095000
2/12/2018,64.889999,65.699997,64.389999,65.660004,60.909882,13692100
2/13/2018,65.230003,65.760002,64.980003,65.699997,60.946976,7695900
2/14/2018,65.150002,66.800003,65.099998,66.589996,61.772598,10370900
2/15/2018,66.379997,66.379997,63.860001,65.279999,60.557369,15548400
2/16/2018,64.769997,65.830002,64.599998,64.849998,60.158478,11760300
2/20/2018,63.009998,64.139999,61.860001,63.990002,59.360695,27494600
2/21/2018,63.119999,63.860001,62.650002,63.400002,58.813381,14895600
2/22/2018,63.150002,63.580002,62.029999,62.18,57.681633,11722300
2/23/2018,62.810001,63.32,62.029999,63.32,58.739162,6762200
2/26/2018,64.550003,67.360001,64.190002,66.980003,62.134388,27374300
2/27/2018,67,67.629997,66.010002,66.339996,62.068886,14326000
2/28/2018,66.699997,66.720001,64.910004,65,60.815155,9582100
3/1/2018,65.029999,66.239998,64.330002,64.959999,60.77774,10799200
3/2/2018,64.309998,64.849998,64.029999,64.739998,60.571903,10612700
3/5/2018,64.339996,65.599998,63.540001,64.010002,59.888905,15445500
3/6/2018,63.5,63.549999,61.060001,62.139999,58.139297,23450400
3/7/2018,61.490002,62.610001,61.43,62.490002,58.466763,12602400
3/8/2018,62.650002,62.740002,61.57,61.82,57.839897,8902100
3/9/2018,62.360001,63.060001,62.119999,63.029999,58.971989,7655300
3/12/2018,63.049999,63.48,62.299999,62.810001,58.766159,15801300
3/13/2018,59.77,61.400002,59.130001,59.700001,55.856388,38572700
3/14/2018,59.900002,60.380001,57.900002,60.119999,56.249348,29759100
3/15/2018,60.029999,60.279999,59.560001,59.889999,56.034153,10494300
3/16/2018,60.599998,61.490002,60.48,60.619999,56.717155,25574500
3/19/2018,60.189999,60.349998,57.900002,58.369999,54.612015,14131400
3/20/2018,58.990002,59.09,57.950001,58.259998,54.509098,10615400
3/21/2018,57.5,58.279999,56.77,56.810001,53.152451,12231900
3/22/2018,56.240002,56.830002,55.52,55.580002,52.00164,13554600
3/23/2018,55.630001,55.799999,53.650002,53.66,50.205261,14713300
3/26/2018,54.580002,56.139999,54.25,56.130001,52.516235,12093900
3/27/2018,56.59,57.240002,54.540001,54.84,51.309288,12243200
3/28/2018,54.810001,55.970001,54.459999,54.700001,51.178299,12925500
3/29/2018,55.040001,55.93,54.619999,55.41,51.84259,8482500
4/2/2018,55.099998,55.240002,53.07,53.810001,50.3456,16469600
4/3/2018,54.290001,55.049999,53.619999,54.779999,51.253147,7930700
4/4/2018,53.799999,55.119999,53.419998,54.990002,51.449631,7496700
4/5/2018,55.490002,55.5,54.439999,55.040001,51.496407,5823300
4/6/2018,54.419998,54.77,53.110001,53.119999,49.70002,8322200
4/9/2018,53.52,54.889999,53.34,53.43,49.990063,7608500
4/10/2018,54.580002,55.009998,54.220001,54.77,51.243793,12009000
4/11/2018,54.189999,55.07,54.150002,55.009998,51.468334,6205300
4/12/2018,55.470001,55.650002,55.02,55.200001,51.646114,7412700
4/13/2018,56.610001,56.790001,55.419998,55.73,52.141983,12588200
4/16/2018,55.939999,55.990002,54.57,54.77,51.243793,7850500
4/17/2018,54.990002,55.68,54.779999,55.349998,51.786446,7089700
4/18/2018,55.139999,55.619999,54.880001,55.23,51.674175,4796800
4/19/2018,54,54.139999,52.5,52.57,49.185429,19179500
4/20/2018,52.810001,52.889999,51.32,51.439999,48.128185,11838200
4/23/2018,51.5,51.810001,50.27,50.529999,47.276768,10961500
4/24/2018,50.880001,51.290001,49.380001,49.939999,46.724758,11670000
4/25/2018,50,50.439999,48.869999,49.75,46.546986,9619200
4/26/2018,49.52,50.59,48.560001,50.470001,47.220634,13684000
4/27/2018,50.75,51.360001,50.490002,51.110001,47.819424,9443100
4/30/2018,51.25,51.82,51,51.009998,47.725868,9469600
5/1/2018,50.759998,51.049999,50.040001,50.82,47.5481,6780500
5/2/2018,51.240002,51.25,49.919998,50.259998,47.024151,8143000
5/3/2018,49.990002,50.540001,49.310001,50.310001,47.070934,8609200
5/4/2018,50.18,52.599998,49.919998,52.490002,49.11058,9880600
5/7/2018,52.580002,53.27,52.52,53.009998,49.597103,9571700
5/8/2018,53.040001,53.27,52.110001,52.860001,49.45676,9930000
5/9/2018,52.860001,53.330002,52.200001,53.169998,49.746803,7016100
5/10/2018,54.450001,55.07,53.950001,54.970001,51.430916,12267200
5/11/2018,54.759998,55.790001,54.619999,55.23,51.674175,9639100
5/14/2018,57.330002,57.799999,56.34,56.740002,53.086964,15400300
5/15/2018,56.5,56.610001,55.220001,55.639999,52.057781,12050500
5/16/2018,55.759998,56.810001,55.669998,56.700001,53.049534,8675600
5/17/2018,56.490002,57.380001,56.389999,56.950001,53.28344,11450700
5/18/2018,56.93,57.990002,56.400002,57.509998,53.807388,11999700
5/21/2018,57.68,58.27,56.77,57.709999,53.994503,14286400
5/22/2018,57.91,58.360001,57.07,57.389999,53.695114,9432500
5/23/2018,56.91,58.860001,56.830002,58.82,55.033047,11322500
5/24/2018,58.580002,59.25,58.049999,59.080002,55.276302,12487200
5/25/2018,58.849998,60,58.810001,59.959999,56.099648,11501500
5/29/2018,59.5,59.599998,57.700001,58.23,55.050259,14696300
5/30/2018,58.41,58.650002,57.66,58.389999,55.201519,9146000
5/31/2018,58,58.57,57.759998,58.119999,54.946266,12813200
6/1/2018,58.34,58.73,58.009998,58.610001,55.409512,8869700
6/4/2018,58.619999,58.869999,57.950001,58.709999,55.504051,9696700
6/5/2018,58.860001,59.599998,58.759998,58.98,55.759304,6562700
6/6/2018,59.259998,59.849998,59.110001,59.84,56.572346,6236700
6/7/2018,62,62.650002,60.220001,60.639999,57.328659,14786100
6/8/2018,60.25,60.619999,59.810001,60.259998,56.96941,7035300
6/11/2018,60.169998,60.419998,59.82,59.93,56.657433,7369500
6/12/2018,60.110001,60.380001,59.549999,59.790001,56.52507,7153500
6/13/2018,59.669998,60.23,59.119999,59.220001,55.986206,9676300
6/14/2018,59.290001,59.700001,58.950001,59.459999,56.213093,8372900
6/15/2018,59.869999,59.950001,58.919998,59.860001,56.591255,13804900
6/18/2018,59.310001,59.369999,58.919998,59.200001,55.967289,6946600
6/19/2018,58.279999,58.740002,57.849998,58.700001,55.494595,7958300
6/20/2018,59.18,59.200001,58.310001,58.790001,55.579681,6526400
6/21/2018,59.209999,59.209999,58.389999,58.75,55.541866,6605400
6/22/2018,58.779999,59.099998,58.43,58.5,55.305515,8074100
6/25/2018,58.09,58.139999,56.610001,57.049999,53.9347,8635900
6/26/2018,57.080002,57.150002,56.310001,56.450001,53.367458,8934700
6/27/2018,56.549999,57.529999,55.139999,55.169998,52.157352,11832400
6/28/2018,55.119999,56.459999,55.09,55.900002,52.847492,11723600
6/29/2018,56.130001,56.860001,56.080002,56.119999,53.055481,11274000
7/2/2018,55.400002,56.220001,55.119999,56.18,53.112206,7299900
7/3/2018,56.41,56.529999,55.25,55.330002,52.308617,3618900
7/5/2018,55.700001,57.43,55.650002,57.380001,54.246674,11728300
7/6/2018,57.459999,58.07,57.029999,57.84,54.681557,8806200
7/9/2018,58.060001,58.310001,57.23,58.040001,54.87064,4577100
7/10/2018,58.060001,58.470001,57.950001,58.369999,55.18261,6848900
7/11/2018,57.43,58.009998,56.740002,57.299999,54.171043,8702000
7/12/2018,57.849998,58.490002,57.310001,58.32,55.135349,8426400
7/13/2018,58.25,58.779999,58.18,58.389999,55.201519,5266100
7/16/2018,58.419998,58.84,58.060001,58.349998,55.163708,5907100
7/17/2018,57.919998,58.91,57.619999,58.91,55.69313,7560300
7/18/2018,59,59,58.369999,58.759998,55.551319,6795100
7/19/2018,58.709999,59.59,58.650002,59.310001,56.071285,8150200
7/20/2018,58.98,59.18,58.400002,58.610001,55.409512,10859700
7/23/2018,58.400002,59.209999,57.82,59.080002,55.853848,8011800
7/24/2018,59.349998,59.619999,58.450001,58.849998,55.636402,6637600
7/25/2018,58.549999,59.5,57.759998,59.419998,56.175274,13143100
7/26/2018,63.049999,63.759998,61.259998,63.580002,60.108116,31025100
7/27/2018,63.220001,63.509998,62.220001,62.689999,59.266716,13488800
7/30/2018,62.650002,62.98,61.93,62.040001,58.65221,9547700
7/31/2018,63.830002,64.660004,63.5,64.089996,60.590263,22350800
8/1/2018,63.549999,64.870003,63.549999,64.349998,60.836067,10706200
8/2/2018,63.959999,65.040001,63.639999,64.769997,61.233128,10618500
8/3/2018,64.739998,65.610001,64.669998,65.400002,61.828732,7809400
8/6/2018,65.860001,66.019997,65.330002,65.730003,62.140709,10878400
8/7/2018,65.93,65.93,65.25,65.440002,61.86655,7810900
8/8/2018,65.209999,65.550003,65.120003,65.160004,61.601845,7912200
8/9/2018,65.099998,65.300003,64.919998,65.080002,61.526207,6629700
8/10/2018,64.650002,64.940002,64.489998,64.82,61.280399,8736000
8/13/2018,65.150002,65.230003,64.650002,64.839996,61.299309,7092400
8/14/2018,65.089996,65.620003,64.769997,65.43,61.857098,7844200
8/15/2018,65.139999,65.82,64.550003,65.68,62.093441,13524800
8/16/2018,65.860001,66.099998,65.529999,65.760002,62.169067,9958800
8/17/2018,65.5,66.190002,65.120003,66.059998,62.452694,15170500
8/20/2018,66.330002,66.589996,65.739998,66.160004,62.54723,13966900
8/21/2018,66.089996,66.779999,66.029999,66.550003,62.915932,12181400
8/22/2018,66.220001,67.080002,66.209999,66.839996,63.190102,13860300
8/23/2018,66.980003,67.290001,66.800003,66.860001,63.209007,12038100
8/24/2018,67,67.360001,66.940002,67.150002,63.483166,16001400
8/27/2018,67.370003,67.480003,67.220001,67.339996,63.662792,12578000
8/28/2018,68.559998,70.489998,67.919998,69.779999,65.969559,24952700
8/29/2018,69.669998,70.07,69.139999,69.199997,65.421219,11874300
8/30/2018,68.970001,69.160004,68,68.139999,64.419113,12027500
8/31/2018,67.989998,69,67.940002,68.709999,64.957977,11166900
9/4/2018,68.739998,70.110001,68.709999,69.980003,66.761055,13024100
9/5/2018,69.800003,71.07,69.309998,70.889999,67.629189,15310700
9/6/2018,70.849998,71.349998,70.190002,70.360001,67.123573,11997700
9/7/2018,69.839996,70.620003,69.610001,70.379997,67.142654,24421900
9/10/2018,70.669998,72.75,70.5,72.32,68.993408,14636000
9/11/2018,71.839996,72.660004,71.809998,72.510002,69.174667,9501100
9/12/2018,72.089996,72.5,70.019997,71.75,68.449631,12638300
9/13/2018,73.68,75.360001,73.480003,74.610001,71.178078,24617700
9/14/2018,74.529999,76.040001,74.410004,75.089996,71.635994,13450700
9/17/2018,74.839996,75.279999,73.110001,73.239998,69.871094,11558300
9/18/2018,73.800003,76.5,73.510002,74.720001,71.283005,11692000
9/19/2018,75.370003,75.370003,73.769997,74.059998,70.653366,12383200
9/20/2018,74.480003,75.110001,74.209999,74.599998,71.168526,12013900
9/21/2018,74.830002,74.870003,73.129997,73.699997,70.309929,23465400
9/24/2018,73.080002,73.849998,72.800003,73.580002,70.195457,15446100
9/25/2018,72.639999,73.57,72.580002,72.739998,69.394089,20741900
9/26/2018,72.68,73.260002,71.580002,71.760002,68.459167,11306000
9/27/2018,72.18,72.68,71.470001,71.709999,68.411469,12498300
9/28/2018,71.510002,73.260002,71.25,72.029999,68.716751,20080800
10/1/2018,72.459999,73.43,72.099998,72.599998,69.260529,9340200
10/2/2018,72.400002,73.910004,72.269997,73.349998,69.976028,9221200
10/3/2018,73.589996,73.889999,72.589996,72.639999,69.298683,7079800
10/4/2018,72,72.699997,71.860001,72.379997,69.050644,8599500
10/5/2018,72.389999,72.660004,70.550003,71.209999,67.934471,23411300
10/8/2018,70.779999,71.599998,70.559998,70.93,67.667343,10104600
10/9/2018,70.760002,70.959999,70.089996,70.129997,66.904144,10329200
10/10/2018,68.769997,69.559998,66.620003,66.730003,63.660549,22296800
10/11/2018,66.349998,66.989998,63.610001,64.290001,61.332783,25852600
10/12/2018,65.550003,65.650002,63.27,64.290001,61.332783,15760900
10/15/2018,64.230003,65.199997,64.010002,64.169998,61.218288,12314700
10/16/2018,64.779999,66.389999,64.620003,66.120003,63.078598,15931400
10/17/2018,66.379997,66.610001,65.290001,66.099998,63.059513,14779100
10/18/2018,65.68,66.32,64.870003,65.150002,62.153221,12218600
10/19/2018,65.449997,66.209999,65,65.360001,62.353558,10673000
10/22/2018,65.690002,66.599998,65.220001,66.120003,63.078598,12890400
10/23/2018,63.66,66.919998,63.57,66.379997,63.32663,13441000
10/24/2018,65.870003,66.389999,62.5,62.619999,59.739594,23384300
10/25/2018,63.810001,63.830002,62.349998,63.200001,60.292915,20385700
10/26/2018,61.5,63.639999,61.18,62.48,59.60603,17049300
10/29/2018,63.5,63.689999,61.27,62.169998,59.310287,14778300
10/30/2018,62.360001,63.720001,62.169998,63.18,60.273834,18865300
10/31/2018,62.91,63.52,62.07,62.889999,59.997173,12917500
11/1/2018,63.200001,64.309998,62.880001,63.709999,60.779449,11003900
11/2/2018,63.939999,63.959999,62.34,63.330002,60.416935,13707900
11/5/2018,63.080002,63.799999,62.66,63.470001,60.550495,13373800
11/6/2018,63.349998,64.339996,62.41,63.630001,60.70314,8774100
11/7/2018,63.5,63.75,62.279999,63.209999,60.302452,18493500
11/8/2018,58,60.150002,57.599998,58.049999,55.379803,32155200
11/9/2018,57.779999,58.240002,56.189999,56.720001,54.110989,21745200
11/12/2018,56.369999,56.5,54.43,54.490002,51.983559,24447800
11/13/2018,54.740002,55.490002,54.049999,54.16,51.668739,20883800
11/14/2018,54.84,54.889999,53.669998,53.939999,51.458858,14071900
11/15/2018,53.830002,55.540001,53.529999,55.389999,52.842163,18856300
11/16/2018,55.119999,57.040001,54.990002,55.880001,53.30962,57303300
11/19/2018,55.849998,56.619999,54.869999,54.900002,52.374699,20321400
11/20/2018,54.200001,55.43,54.07,54.919998,52.39378,20658300
11/21/2018,55.209999,56.5,55.18,55.27,52.72768,13015500
11/23/2018,54.77,55.75,54.75,55.25,52.708603,4671900
11/26/2018,55.790001,56.380001,55.18,55.73,53.166519,10373700
11/27/2018,55.59,56.23,55.349998,55.57,53.013878,9719000
11/28/2018,55.889999,56.720001,54.689999,56.650002,54.044205,17483500
11/29/2018,57.889999,59.049999,57.77,58.110001,55.437046,26949000
11/30/2018,58.220001,58.470001,57.02,58.259998,55.580147,18197800
12/3/2018,60.509998,60.509998,58.400002,59.139999,56.41967,17114500
12/4/2018,58.990002,59.48,57.220001,57.73,55.074524,15836500
12/6/2018,56.009998,57.209999,55.689999,57.110001,55.074524,18203300
12/7/2018,56.610001,57.119999,55.73,55.990002,53.994438,17054700
12/10/2018,57.77,58.25,56.639999,57.240002,55.19989,20484900
12/11/2018,58.450001,58.66,56.830002,57.349998,55.305965,13116300
12/12/2018,58.439999,58.580002,57.529999,57.720001,55.662785,13246500
12/13/2018,58.139999,58.380001,57.560001,58.09,56.019592,8949900
12/14/2018,57.560001,59,57.360001,57.619999,55.566345,13551000
12/17/2018,57.59,58.34,56.669998,57,54.968445,16648200
12/18/2018,57.689999,58.540001,57.400002,57.779999,55.720646,12384200
12/19/2018,57.540001,58.5,56.060001,56.689999,54.669487,17376400
12/20/2018,57.220001,57.939999,56.060001,56.369999,54.360897,21742300
12/21/2018,56.259998,57.279999,54.689999,54.849998,52.895069,38202300
12/24/2018,53.700001,54.889999,53.57,53.650002,51.737843,8275000
12/26/2018,54.25,56,53.509998,55.959999,53.965515,18451600
12/27/2018,55.540001,56.389999,54.77,56.09,54.090881,15804800
12/28/2018,56.330002,57.529999,56.240002,56.810001,54.785217,12749600
12/31/2018,57.119999,57.41,56.279999,56.91,54.881653,8877000
1/2/2019,56.200001,58,55.919998,57.400002,55.354191,9896600
1/3/2019,55.950001,56.84,55.52,55.700001,53.714775,14422200
1/4/2019,56.5,56.830002,55.209999,56.599998,54.582695,14177300
1/7/2019,56.389999,57.16,55.950001,56.439999,54.428398,12352000
1/8/2019,56.709999,56.880001,55.610001,55.950001,53.955868,12110000
1/9/2019,56.259998,57.110001,56.139999,56.610001,54.592342,10971000
1/10/2019,56.189999,56.990002,56.099998,56.799999,54.775574,10958200
1/11/2019,56.470001,58.169998,56.330002,57.5,55.450626,12024300
1/14/2019,57.02,57.650002,56.369999,57.299999,55.257748,9449400
1/15/2019,57.32,57.400002,55.560001,55.73,53.743706,17423400
1/16/2019,55.75,56.080002,55.16,55.27,53.300102,13856000
1/17/2019,54.970001,55.200001,54.369999,54.77,52.817924,18365000
1/18/2019,55.389999,55.900002,54.990002,55.27,53.300102,28020000
1/22/2019,54.970001,54.990002,53.939999,54.290001,52.35503,17867500
1/23/2019,52.919998,53.57,51.220001,51.77,49.924847,33788600
1/24/2019,51.950001,51.98,50.41,50.810001,48.999065,32782700
1/25/2019,50.93,52.029999,50.279999,51.299999,49.4716,19516200
1/28/2019,50.32,51.290001,50.240002,50.639999,48.835121,24457600
1/29/2019,50.490002,50.84,49.34,49.400002,47.63932,26266600
1/30/2019,49.68,50.869999,49.209999,50.169998,48.381874,18124100
1/31/2019,51.200001,51.279999,49.099998,49.52,47.755043,24736300
2/1/2019,49.580002,50.279999,49.400002,49.610001,47.841835,15533200
2/4/2019,49.709999,49.799999,49.470001,49.689999,47.91898,10880000
2/5/2019,49.73,51.080002,49.720001,50.73,48.921917,15454200
2/6/2019,50.939999,51.639999,50.93,51.099998,49.278728,11052900
2/7/2019,50.830002,51.119999,50.27,50.549999,48.748329,10623300
2/8/2019,50.240002,50.68,49.91,50.290001,48.497597,12461200
2/11/2019,50.549999,51.299999,50.380001,50.830002,49.018349,9971800
2/12/2019,51.299999,52.18,51.02,51.66,49.818764,16637600
2/13/2019,52,52.490002,51.560001,51.59,49.751266,11004000
2/14/2019,51.5,51.77,51.09,51.57,49.731979,17895000
2/15/2019,52.080002,52.360001,51.599998,51.98,50.127361,12239500
2/19/2019,52,52.48,51.75,52.009998,50.156296,8258400
2/20/2019,52.25,52.919998,52.139999,52.450001,50.580616,12863700
2/21/2019,52.5,52.59,51.900002,52.349998,50.484173,7826200
2/22/2019,52.689999,53.150002,52.639999,53.119999,51.22673,13394500
2/25/2019,53.779999,53.970001,52.900002,52.990002,51.101372,15341700
2/26/2019,53.080002,53.220001,52.279999,53.029999,51.139938,11366700
2/27/2019,52.950001,53.130001,52.27,53.040001,51.149582,10426200
2/28/2019,53,53.759998,52.709999,53.389999,51.48711,19000200
3/1/2019,54,54.400002,53.709999,54.200001,52.268242,12659000
3/4/2019,54.580002,54.700001,53.259998,53.779999,51.863205,14021700
3/5/2019,53.900002,54.23,53.700001,53.939999,52.017506,10092800
3/6/2019,53.889999,55.459999,53.73,54.799999,53.461357,20521300
3/7/2019,54.830002,55.049999,53.610001,54.029999,52.710163,13667300
3/8/2019,53.450001,53.630001,53.029999,53.529999,52.222378,10117100
3/11/2019,53.720001,54.75,53.650002,54.349998,53.022346,10738800
3/12/2019,54.66,55.310001,54.540001,54.84,53.500381,9575300
3/13/2019,55.029999,55.939999,55,55.389999,54.036942,9198900
3/14/2019,55.529999,55.869999,55.25,55.400002,54.0467,7306100
3/15/2019,55,57.34,54.919998,56.599998,55.217384,27985600
3/18/2019,56.619999,57.189999,56.439999,56.830002,55.441769,13089300
3/19/2019,57.169998,57.68,56.779999,56.970001,55.578346,9363700
3/20/2019,57.029999,57.689999,56.75,57.16,55.763706,8804800
3/21/2019,57.23,58.279999,57.200001,57.77,56.358803,19542700
3/22/2019,57.68,58.09,56.75,56.82,55.432007,10243500
3/25/2019,56.580002,56.939999,56.07,56.639999,55.256409,6929600
3/26/2019,57.150002,58.389999,56.669998,58,56.583187,16051800
3/27/2019,57.349998,57.669998,56.32,56.91,55.519814,11934400
3/28/2019,57.029999,57.389999,56.34,56.549999,55.168606,11064300
3/29/2019,57,57.560001,56.939999,57.029999,55.636879,8529100
4/1/2019,57.639999,58.150002,57.110001,57.810001,56.397827,12066500
4/2/2019,57.98,58.529999,57.66,58.09,56.67099,7614500
4/3/2019,58.200001,58.290001,57.18,57.68,56.271,11563400
4/4/2019,57.75,58.610001,57.689999,57.860001,56.446606,9905100
4/5/2019,57.98,58.189999,57.689999,57.990002,56.573433,12332600
4/8/2019,57.790001,58.490002,57.509998,57.759998,56.349045,8942400
4/9/2019,57.57,57.66,57.029999,57.439999,56.036861,11713400
4/10/2019,57.709999,57.860001,56.099998,56.330002,54.953979,15976500
4/11/2019,56.439999,56.900002,55.790001,55.900002,54.534485,13903800
4/12/2019,56.279999,57.169998,56.07,56.950001,55.558834,13483500
4/15/2019,57.139999,57.669998,57.029999,57.18,55.783218,10712500
4/16/2019,57.459999,71.029999,57.290001,70.449997,68.729057,86755900
4/17/2019,78.82,82.519997,76.489998,79.080002,77.148247,156019300
4/18/2019,78.720001,80.199997,78.019997,79.889999,77.938461,41621200
4/22/2019,79.830002,82.5,79.339996,81.970001,79.967651,33292500
4/23/2019,83.900002,87.959999,83.269997,86.720001,84.601616,56973700
4/24/2019,87.040001,88.629997,85.300003,86.830002,84.708931,40290400
4/25/2019,86.169998,86.32,84.519997,85.07,82.99192,20732200
4/26/2019,84.510002,86.760002,84.209999,86.639999,84.523575,18860600
4/29/2019,86.400002,87.980003,85.839996,87.25,85.118668,17930000
4/30/2019,86.980003,87.459999,86.050003,86.129997,84.026031,17582400
5/1/2019,87.169998,88.220001,86.150002,86.370003,84.260178,28211500
5/2/2019,87.5,90.339996,86.150002,87.139999,85.011353,40342000
5/3/2019,87.760002,89.82,87.059998,89.290001,87.108841,21068400
5/6/2019,86.330002,88.699997,86.139999,88.25,86.094246,15682100
5/7/2019,87.199997,88.150002,84.779999,85.199997,83.118744,21579500
5/8/2019,84.849998,85.720001,84.110001,84.540001,82.474869,15500700
5/9/2019,83.370003,84.839996,82.260002,83.779999,81.733429,14516000
5/10/2019,83.379997,86.330002,83.349998,85.839996,83.743111,15955600
5/13/2019,83.239998,84.849998,82.989998,83.889999,81.840744,16689000
5/14/2019,84.269997,86.440002,84,86.129997,84.026031,14353700
5/15/2019,85.550003,87,84.889999,86.260002,84.152855,11784800
5/16/2019,83.790001,84.800003,82.129997,82.809998,80.787132,22498800
5/17/2019,80.489998,83.120003,80,81.5,79.509132,19523400
5/20/2019,77.949997,78.330002,76.07,76.620003,74.748344,32679300
5/21/2019,78.910004,79.040001,77.220001,77.75,75.850731,17282200
5/22/2019,69.129997,71.739998,67.970001,69.309998,67.616898,66150700
5/23/2019,67.019997,68.269997,65.900002,68.260002,66.592552,31820700
5/24/2019,68.93,69.150002,65.970001,66.209999,64.592636,21420000
5/28/2019,66.639999,67.709999,65.239998,65.370003,63.773151,22667300
5/29/2019,65.360001,66.150002,64.760002,65.760002,64.153633,16312600
5/30/2019,65.970001,67.07,65.93,66.589996,64.963348,11554600
5/31/2019,65.779999,67.839996,65.529999,66.82,65.187729,15060300
6/3/2019,67.089996,68.129997,66.279999,66.660004,65.031647,13620700
6/4/2019,67.610001,68.5,66.699997,68.449997,66.777908,15866700
6/5/2019,68.040001,68.330002,65.830002,67.019997,65.980469,11779200
6/6/2019,66.919998,67.970001,66.269997,67.589996,66.541626,10781700
6/7/2019,67.690002,68.779999,67.300003,68.690002,67.624573,10495600
6/10/2019,69,71.459999,69,70.540001,69.445877,15229200
6/11/2019,71.580002,72.220001,70.269997,71.239998,70.135017,11839500
6/12/2019,69.529999,70.370003,69.199997,69.589996,68.510605,9385900
6/13/2019,69.970001,70.489998,69.379997,69.93,68.845345,6790500
6/14/2019,68.349998,69.120003,67.900002,68.720001,67.654114,12119500
6/17/2019,69.089996,69.980003,68.900002,69.110001,68.038063,9411100
6/18/2019,69.690002,72.389999,69.669998,71.959999,70.843849,14508000
6/19/2019,72.370003,72.620003,70.800003,71.800003,70.68634,11993700
6/20/2019,73.190002,73.669998,72.230003,72.739998,71.611755,9871800
6/21/2019,72.309998,73.169998,72.309998,72.720001,71.592072,15244500
6/24/2019,72.970001,73.449997,72.199997,73.160004,72.025246,8893000
6/25/2019,73.230003,74.139999,72.519997,72.550003,71.424706,8953400
6/26/2019,73.760002,75.690002,73.650002,74.949997,73.787476,13808000
6/27/2019,75.339996,75.900002,75.169998,75.43,74.260033,11151900
6/28/2019,75.660004,76.440002,74.809998,76.07,74.890106,29217500
7/1/2019,80.669998,80.760002,77.080002,77.519997,76.317612,17705700
7/2/2019,77.279999,77.480003,76.620003,77.010002,75.815529,7075600
7/3/2019,77.07,77.230003,76.050003,76.629997,75.441422,5290400
7/5/2019,74.199997,76.720001,74.099998,76.660004,75.470955,9220800
7/8/2019,75.980003,77.029999,75.93,76.629997,75.441422,7924900
7/9/2019,76.440002,76.839996,75.839996,76.550003,75.362663,7506500
7/10/2019,76.830002,76.910004,74.080002,74.360001,73.206627,15075700
7/11/2019,74.519997,75.779999,73.300003,73.709999,72.566704,14298400
7/12/2019,74.25,74.980003,73.660004,74.900002,73.738251,8028100
7/15/2019,75.150002,75.900002,74.790001,75.43,74.260033,8898200
7/16/2019,75.110001,76.5,74.550003,75.669998,74.496307,9909600
7/17/2019,78.57,79.400002,75.709999,75.760002,74.584915,20602300
7/18/2019,74.970001,75.349998,74.050003,74.370003,73.216476,12585100
7/19/2019,74.419998,75.709999,74.419998,75,73.8367,14477400
7/22/2019,75.059998,76.620003,75.059998,75.949997,74.771965,9645800
7/23/2019,75.339996,75.589996,73.309998,74.120003,72.970352,14420400
7/24/2019,74.010002,76.419998,73.68,75.870003,74.693207,14012700
7/25/2019,75.839996,76.139999,75.099998,75.349998,74.181274,7299500
7/26/2019,75.110001,75.849998,74.849998,75.220001,74.053291,8262500
7/29/2019,75.160004,76.32,74.669998,74.970001,73.807175,8237500
7/30/2019,74.580002,75.07,74.360001,74.809998,73.649643,7397900
7/31/2019,74.830002,75.279999,72.760002,73.160004,72.025246,14052800
8/1/2019,68.879997,73.709999,68.25,71.199997,70.095642,29729800
8/2/2019,70.440002,71.529999,70.010002,71.150002,70.046417,12649400
8/5/2019,69.970001,70.839996,68.559998,68.800003,67.732872,13071800
8/6/2019,69.519997,69.93,67.379997,68.169998,67.11264,13189900
8/7/2019,67.260002,69.599998,67.120003,69.400002,68.323563,8934900
8/8/2019,69.559998,71.349998,69.349998,71.260002,70.154709,8367900
8/9/2019,70.510002,72.190002,70.190002,71.5,70.390991,8702200
8/12/2019,71,71.480003,69.730003,69.800003,68.717361,7364300
8/13/2019,69.889999,72.470001,69.309998,72.18,71.06044,10134800
8/14/2019,70.639999,71.889999,70.550003,70.879997,69.780609,10336900
8/15/2019,71.440002,72.190002,70.589996,71.160004,70.056267,9107000
8/16/2019,71.849998,73.410004,71.730003,73.279999,72.143379,10090600
8/19/2019,74.580002,75.529999,74.139999,74.870003,73.708725,9688400
8/20/2019,74.57,76.440002,74.330002,76.07,74.890106,9387300
8/21/2019,76.5,77.190002,75.989998,76.699997,75.51033,11004100
8/22/2019,76.910004,77.949997,76.599998,77.150002,75.953354,7198800
8/23/2019,76.120003,79.099998,73.220001,73.519997,72.379654,16479400
8/26/2019,74.900002,75.089996,72.519997,72.910004,71.779121,11153800
8/27/2019,73.68,74.379997,73.199997,73.970001,72.822678,7303100
8/28/2019,73.790001,74.879997,72.910004,74.349998,73.196785,5678500
8/29/2019,75.220001,77.029999,75.220001,76.449997,75.264206,7348400
8/30/2019,77.18,78.050003,77,77.769997,76.563736,8465300
9/3/2019,76.769997,76.989998,74.699997,75.120003,73.954842,7580700
9/4/2019,75.989998,77.120003,75.629997,77.089996,75.894287,4923700
9/5/2019,77.889999,80.440002,77.889999,78.989998,77.764816,13480300
9/6/2019,78.959999,79.080002,78.440002,78.839996,77.617142,5128000
9/9/2019,79.040001,79.449997,77.970001,78.209999,76.99691,6885100
9/10/2019,78.029999,78.879997,77.339996,78.709999,77.489159,9373900
9/11/2019,78.169998,79.910004,78.120003,79.900002,79.285233,6575700
9/12/2019,80.050003,80.050003,78.580002,79.080002,78.471542,5847100
9/13/2019,79.18,79.540001,78.370003,78.410004,77.806702,5343700
9/16/2019,77.580002,78.489998,76.910004,78.040001,77.439545,3756500
9/17/2019,77.610001,78.790001,77.510002,78.690002,78.084541,4400800
9/18/2019,78.690002,79.07,77.639999,78.900002,78.292923,5147500
9/19/2019,79.239998,80,78.209999,78.230003,77.628082,5180900
9/20/2019,78.199997,78.699997,76.169998,76.440002,75.851852,9122000
9/23/2019,76.669998,77.910004,76.059998,77.239998,76.645691,5815700
9/24/2019,78.080002,78.300003,74.629997,75.230003,74.651169,10177800
9/25/2019,75.029999,77.489998,74.879997,77.260002,76.665543,5571600
9/26/2019,77.160004,77.690002,75.940002,77.349998,76.754852,3760300
9/27/2019,77.010002,78.199997,76.209999,76.629997,76.04039,5013200
9/30/2019,76.889999,76.949997,76.019997,76.279999,75.693085,4775800
10/1/2019,77.059998,78.059998,74.970001,75.470001,74.88932,7043700
10/2/2019,75.260002,75.709999,73.769997,73.989998,73.4207,5997500
10/3/2019,73.93,75.830002,73.160004,75.730003,75.147316,5419400
10/4/2019,76.32,77.559998,75.839996,77.489998,76.893768,4893600
10/7/2019,77.010002,77.550003,76.269997,76.339996,75.752617,4215500
10/8/2019,75.519997,75.82,72.809998,72.849998,72.289474,8489600
10/9/2019,73.910004,74.800003,73.559998,74.349998,73.777931,5137500
10/10/2019,74.349998,75.970001,74.169998,74.970001,74.393166,5580600
10/11/2019,76.190002,77.82,76.010002,76.699997,76.109848,7280800
10/14/2019,76.650002,77.370003,76.279999,76.300003,75.712929,4545300
10/15/2019,76.879997,77.980003,76.279999,77.82,77.221237,5222500
10/16/2019,77.489998,78.32,77.279999,78.230003,77.628082,6218000
10/17/2019,78.699997,79.959999,78.400002,78.970001,78.362389,5916700
10/18/2019,78.620003,79.220001,77.669998,77.68,77.082314,6107000
10/21/2019,78.379997,79.089996,78.010002,78.980003,78.372314,5119800
10/22/2019,78.93,79.07,78.239998,78.470001,77.866234,4944500
10/23/2019,77.209999,78.129997,76.870003,77.239998,76.645691,5785700
10/24/2019,78.059998,79.019997,77.589996,78.989998,78.382233,5271200
10/25/2019,79,80.230003,78.910004,80.169998,79.553154,6712300
10/28/2019,80.550003,83.129997,80.540001,83.050003,82.410995,9949800
10/29/2019,82.75,82.849998,81.440002,81.660004,81.031693,4993600
10/30/2019,82.099998,82.25,80.849998,81.440002,80.813385,3971000
10/31/2019,81.440002,81.470001,79.839996,80.440002,79.821075,5693700
11/1/2019,81.589996,83.650002,81.25,83.580002,82.93692,8620300
11/4/2019,84.540001,85.870003,84.309998,85.089996,84.435295,8389200
11/5/2019,85.199997,85.739998,84.730003,85.459999,84.802452,7280000
11/6/2019,85.339996,85.610001,84.220001,84.629997,83.978836,9755300
11/7/2019,89.830002,92.5,88.32,89.980003,89.287674,30254000
11/8/2019,89.980003,94.110001,89.599998,94.029999,93.306511,16371300
11/11/2019,91.709999,92.519997,90.889999,91.839996,91.133354,11297700
11/12/2019,92.18,92.25,90.169998,90.970001,90.270058,9332100
11/13/2019,90.699997,91.900002,89.620003,90.470001,89.773903,9353200
11/14/2019,90.309998,90.580002,89.43,90.480003,89.783829,8793600
11/15/2019,92.599998,93.940002,90.580002,90.809998,90.111282,25490200
11/18/2019,90.809998,91.980003,89.279999,90.480003,89.783829,10360500
11/19/2019,91.25,91.389999,86.68,87.959999,87.283211,18091300
11/20/2019,87.82,88.360001,85.309998,85.620003,84.96122,13045100
11/21/2019,84.790001,86.300003,84.550003,85.110001,84.455147,10180400
11/22/2019,85.290001,85.82,84.529999,84.889999,84.236832,6166700
11/25/2019,85.760002,86.290001,85.080002,85.290001,84.633759,8964100
11/26/2019,85.25,85.550003,84.139999,84.629997,83.978836,11584500
11/27/2019,85.160004,85.309998,84.470001,84.800003,84.14753,5215000
11/29/2019,84.510002,85.099998,83.419998,83.550003,82.90715,3882400
12/2/2019,83.980003,84.290001,82.309998,82.449997,81.815605,7668800
12/3/2019,81.379997,81.389999,79.809998,80.580002,79.959999,11126100
12/4/2019,80.919998,82.440002,80.449997,82.080002,82.080002,8477400
12/5/2019,82.650002,83.440002,81.779999,82.589996,82.589996,6358300
12/6/2019,83.449997,84.25,83.419998,83.82,83.82,6860400
12/9/2019,84,85.300003,83.839996,84.919998,84.919998,8382900
12/10/2019,85.040001,85.330002,83.690002,84.120003,84.120003,8082200
12/11/2019,84.839996,87.099998,84.760002,86.989998,86.989998,9571500
12/12/2019,86.839996,89.230003,86.370003,89.050003,89.050003,12164600
12/13/2019,88.910004,89.699997,87.559998,87.830002,87.830002,12269100
12/16/2019,89.279999,90.459999,88.349998,88.43,88.43,8719100
12/17/2019,89,89.040001,87.68,88.32,88.32,7485900
12/18/2019,88.540001,88.650002,87.589996,87.980003,87.980003,5860600
