Date,SMM-MIN-TGB,SMM-MIN-TUCBDCH,SMM-MIN-TUCBDFB,SMM-MIN-TUPWDCH,SMM-MIN-TUPWDFB
2017-06-21,,,,,28.5
2017-06-22,,200.0,27.5,202.0,28.5
2017-06-23,,199.0,27.5,201.0,28.5
2017-06-26,,199.0,27.5,201.0,28.5
2017-06-27,,199.0,27.5,201.0,28.5
2017-06-28,,198.5,27.5,200.5,28.5
2017-06-29,250.0,198.5,27.5,200.5,28.5
2017-06-30,242.5,198.0,27.5,200.0,28.5
2017-07-03,242.5,198.0,27.5,200.0,28.5
2017-07-04,242.5,198.0,27.5,200.0,28.5
2017-07-05,242.5,198.0,27.5,200.0,28.5
2017-07-06,242.5,198.0,27.5,200.0,28.5
2017-07-07,242.5,198.0,27.5,200.0,28.5
2017-07-10,242.5,198.0,27.5,200.0,28.5
2017-07-11,242.5,198.0,27.5,200.0,28.5
2017-07-12,242.5,,,,
2017-07-13,242.5,198.0,27.5,200.0,28.5
2017-07-14,242.5,198.0,27.5,200.0,28.5
2017-07-17,242.5,200.0,27.5,202.0,28.5
2017-07-18,242.5,200.0,27.5,202.0,28.5
2017-07-19,242.5,200.0,27.5,202.0,28.5
2017-07-20,242.5,200.0,27.5,202.0,28.5
2017-07-21,245.0,200.0,27.5,202.0,28.5
2017-07-24,247.5,203.0,28.5,205.0,29.5
2017-07-25,247.5,204.5,28.5,206.5,29.5
2017-07-26,247.5,204.5,28.5,206.5,29.5
2017-07-27,247.5,206.0,28.5,208.0,29.5
2017-07-28,247.5,208.0,28.5,210.0,29.5
2017-07-31,247.5,210.0,28.5,212.0,29.5
2017-08-01,247.5,210.0,28.5,212.0,29.5
2017-08-02,247.5,211.0,28.5,213.0,29.5
2017-08-03,255.0,213.0,28.5,215.0,29.5
2017-08-04,255.0,216.0,29.5,218.0,30.5
2017-08-07,255.0,218.0,29.5,220.0,30.5
2017-08-08,255.0,218.0,29.5,220.0,30.5
2017-08-09,255.0,218.0,29.5,220.0,30.5
2017-08-10,255.0,219.0,29.5,221.0,30.5
2017-08-11,255.0,219.0,29.5,221.0,30.5
2017-08-14,255.0,221.0,29.5,223.0,30.5
2017-08-15,255.0,221.0,29.5,223.0,30.5
2017-08-16,255.0,221.0,29.5,223.0,30.5
2017-08-17,255.0,221.0,29.5,223.0,30.5
2017-08-18,260.0,223.5,29.5,225.5,30.5
2017-08-21,260.0,228.0,30.5,231.0,31.5
2017-08-22,265.0,230.0,30.5,233.0,31.5
2017-08-23,265.0,231.0,30.5,234.0,31.5
2017-08-24,270.0,231.0,30.5,234.0,31.5
2017-08-25,270.0,233.5,31.5,235.5,32.5
2017-08-28,270.0,235.5,31.5,237.5,32.5
2017-08-29,275.0,240.5,31.5,242.5,32.5
2017-08-30,277.5,244.0,33.5,246.0,34.5
2017-08-31,277.5,248.0,35.5,250.0,36.5
2017-09-01,287.5,259.5,37.5,261.5,39.0
2017-09-04,295.0,264.0,39.5,267.5,40.5
2017-09-05,295.0,267.5,40.5,270.5,41.5
2017-09-06,302.5,272.5,41.5,275.5,42.5
2017-09-07,302.5,277.5,41.5,280.5,42.5
2017-09-08,302.5,277.5,41.5,280.5,42.5
2017-09-11,302.5,277.5,41.5,280.5,42.5
2017-09-12,292.5,274.5,41.5,276.5,42.5
2017-09-13,292.5,274.5,41.5,276.5,42.5
2017-09-15,305.0,272.5,41.5,274.5,42.5
2017-09-18,305.0,272.5,41.5,274.5,42.5
2017-09-19,305.0,272.5,41.5,274.5,42.5
2017-09-20,305.0,272.5,41.5,274.5,42.5
2017-09-21,305.0,272.5,41.5,274.5,42.5
2017-09-22,305.0,272.5,41.5,274.5,42.5
2017-09-25,305.0,270.5,41.5,272.5,42.5
2017-09-26,305.0,267.5,41.5,270.0,42.5
2017-09-27,305.0,267.5,41.5,270.0,42.5
2017-09-28,305.0,267.5,41.5,270.0,42.5
2017-09-29,305.0,267.5,41.5,270.0,42.5
2017-10-09,305.0,267.5,41.5,270.0,42.5
2017-10-10,305.0,264.5,38.5,267.0,39.5
2017-10-11,305.0,261.5,35.5,267.0,36.5
2017-10-12,300.0,260.0,35.5,262.0,36.5
2017-10-13,300.0,260.0,35.5,261.0,36.5
2017-10-16,300.0,258.0,35.5,260.0,36.5
2017-10-17,300.0,258.0,37.5,260.0,38.5
2017-10-18,300.0,256.0,37.5,258.0,38.5
2017-10-19,300.0,256.0,37.5,258.0,38.5
2017-10-20,300.0,256.0,37.5,258.0,38.5
2017-10-23,300.0,255.0,37.5,257.0,38.5
2017-10-24,300.0,255.0,37.5,257.0,38.5
2017-10-25,300.0,255.0,37.5,257.0,38.5
2017-10-26,300.0,253.0,37.5,255.0,38.5
2017-10-27,300.0,252.0,37.5,254.0,38.5
2017-10-30,300.0,252.0,37.5,254.0,38.5
2017-10-31,300.0,252.0,37.5,254.0,38.5
2017-11-01,300.0,252.0,37.5,254.0,38.5
2017-11-02,295.0,250.0,37.5,252.0,38.5
2017-11-03,295.0,250.0,37.5,252.0,38.5
2017-11-06,295.0,250.0,37.5,252.0,38.5
2017-11-07,295.0,248.0,37.5,250.0,38.5
2017-11-08,295.0,248.0,37.5,250.0,38.5
2017-11-09,295.0,248.0,37.5,250.0,38.5
2017-11-10,295.0,248.0,37.5,250.0,38.5
2017-11-13,295.0,248.0,37.5,250.0,38.5
2017-11-14,295.0,248.0,37.5,250.0,38.5
2017-11-15,300.0,250.0,37.5,252.0,38.5
2017-11-16,300.0,252.0,37.5,254.0,38.5
2017-11-17,300.0,252.0,37.5,254.0,38.5
2017-11-20,300.0,254.0,37.5,256.0,38.5
2017-11-21,305.0,254.0,37.5,256.0,38.5
2017-11-22,305.0,256.0,37.5,258.0,38.5
2017-11-23,305.0,256.0,37.5,258.0,38.5
2017-11-24,305.0,256.0,37.5,258.0,38.5
2017-11-26,305.0,256.0,37.5,258.0,38.5
2017-11-27,305.0,256.0,37.5,258.0,38.5
2017-11-28,305.0,256.0,37.5,258.0,38.5
2017-11-29,305.0,256.0,37.5,258.0,38.5
2017-11-30,305.0,256.0,37.5,258.0,38.5
2017-12-01,305.0,256.0,37.5,258.0,38.5
2017-12-04,305.0,256.0,37.5,258.0,38.5
2017-12-05,307.5,259.0,37.5,261.0,38.5
2017-12-06,307.5,259.0,37.5,261.0,38.5
2017-12-07,307.5,260.0,37.5,262.0,38.5
2017-12-08,307.5,260.0,37.5,262.0,38.5
2017-12-11,307.5,260.0,37.5,262.0,38.5
2017-12-12,307.5,261.0,37.5,263.0,38.5
2017-12-13,307.5,262.0,37.5,264.0,38.5
2017-12-14,307.5,262.0,37.5,264.0,38.5
2017-12-15,307.5,262.0,37.5,264.0,38.5
2017-12-18,307.5,262.0,37.5,264.0,38.5
2017-12-19,312.5,264.0,37.5,266.0,38.5
2017-12-20,312.5,264.0,37.5,266.0,38.5
2017-12-21,312.5,264.0,37.5,266.0,38.5
2017-12-22,312.5,265.0,37.5,267.0,38.5
2017-12-25,312.5,265.0,37.5,267.0,38.5
2017-12-26,312.5,265.0,37.5,267.0,38.5
2017-12-27,312.5,265.0,37.5,267.0,38.5
2017-12-28,312.5,267.0,37.5,269.0,38.5
2017-12-29,312.5,267.0,37.5,269.0,38.5
2018-01-02,312.5,267.0,37.5,269.0,38.5
2018-01-03,312.5,269.0,37.5,271.0,38.5
2018-01-04,312.5,269.0,37.5,271.0,38.5
2018-01-05,312.5,269.0,37.5,271.0,38.5
2018-01-08,312.5,269.0,37.5,271.0,38.5
2018-01-09,312.5,269.0,37.5,271.0,38.5
2018-01-10,310.0,269.0,37.5,271.0,38.5
2018-01-11,310.0,269.0,37.5,271.0,38.5
2018-01-12,310.0,269.0,37.5,271.0,38.5
2018-01-15,310.0,269.0,37.5,271.0,38.5
2018-01-16,310.0,269.0,37.5,271.0,38.5
2018-01-17,305.0,267.5,37.5,269.5,38.5
2018-01-18,305.0,267.5,37.5,269.5,38.5
2018-01-19,305.0,267.0,37.5,269.0,38.5
2018-01-22,305.0,267.0,37.5,269.0,38.5
2018-01-23,305.0,267.0,37.5,269.0,38.5
2018-01-24,305.0,267.0,37.5,269.0,38.5
2018-01-25,305.0,267.0,37.5,269.0,38.5
2018-01-26,305.0,267.0,37.5,269.0,38.5
2018-01-29,305.0,267.0,37.5,269.0,38.5
2018-01-30,305.0,268.5,37.5,270.5,38.5
2018-01-31,305.0,268.5,37.5,270.5,38.5
2018-02-01,305.0,269.0,37.5,271.0,38.5
2018-02-02,310.0,270.0,37.5,272.0,38.5
2018-02-05,310.0,270.0,37.5,272.0,38.5
2018-02-06,310.0,272.0,37.5,274.0,38.5
2018-02-07,310.0,272.0,37.5,274.0,38.5
2018-02-08,310.0,273.0,37.5,275.0,38.5
2018-02-09,310.0,273.0,37.5,275.0,38.5
2018-02-12,310.0,273.0,37.5,275.0,38.5
2018-02-13,310.0,273.0,37.5,275.0,38.5
2018-02-14,310.0,273.0,37.5,275.0,38.5
2018-02-22,310.0,273.0,37.5,275.0,38.5
2018-02-23,310.0,273.0,37.5,275.0,38.5
2018-02-26,310.0,272.0,37.5,274.0,38.5
2018-02-27,310.0,272.0,37.5,274.0,38.5
2018-02-28,310.0,272.0,37.5,274.0,38.5
2018-03-01,310.0,274.0,37.5,276.0,38.5
2018-03-02,310.0,274.0,37.5,276.0,38.5
2018-03-05,310.0,274.0,39.5,276.0,40.5
2018-03-06,310.0,275.0,40.5,277.0,41.5
2018-03-07,320.0,276.0,41.5,278.0,42.5
2018-03-08,320.0,276.0,41.5,278.0,42.5
2018-03-09,320.0,276.0,41.5,278.0,42.5
2018-03-12,322.5,276.5,42.5,278.5,43.5
2018-03-13,325.0,278.0,43.5,280.0,44.5
2018-03-14,325.0,278.0,43.5,280.0,44.5
2018-03-15,325.0,277.0,43.5,279.0,44.5
2018-03-16,325.0,275.5,42.5,277.5,43.5
2018-03-19,325.0,274.0,42.5,276.0,43.5
2018-03-20,325.0,274.0,42.5,276.0,43.5
2018-03-21,320.0,273.5,42.5,275.5,43.5
2018-03-22,320.0,273.5,42.5,275.5,43.5
2018-03-23,320.0,273.5,42.5,275.5,43.5
2018-03-26,320.0,273.5,42.5,275.5,43.5
2018-03-27,320.0,272.0,42.5,274.0,43.5
2018-03-28,320.0,272.0,42.5,274.0,43.5
2018-03-29,320.0,272.0,42.5,274.0,43.5
2018-03-30,320.0,272.0,42.5,274.0,43.5
2018-04-02,320.0,272.0,42.5,274.0,43.5
2018-04-03,320.0,271.5,42.5,273.5,43.5
2018-04-04,320.0,271.0,42.5,273.0,43.5
2018-04-09,315.0,270.0,42.5,272.0,43.5
2018-04-10,315.0,270.0,42.5,272.0,43.5
2018-04-11,315.0,270.0,42.5,272.0,43.5
2018-04-12,315.0,270.0,42.5,272.0,43.5
2018-04-13,315.0,270.0,42.5,272.0,43.5
2018-04-16,315.0,270.0,42.5,272.0,43.5
2018-04-17,315.0,270.0,42.5,272.0,43.5
2018-04-18,315.0,,,272.0,
2018-04-19,315.0,270.0,42.5,272.0,43.5
2018-04-20,315.0,270.0,42.5,272.0,43.5
2018-04-23,315.0,270.0,42.5,272.0,43.5
2018-04-24,315.0,270.0,42.5,272.0,43.5
2018-04-25,315.0,270.0,42.5,272.0,43.5
2018-04-26,315.0,270.0,42.5,272.0,43.5
2018-04-27,315.0,270.0,42.5,272.0,43.5
2018-05-02,315.0,270.0,42.5,272.0,43.5
2018-05-03,315.0,270.0,42.5,,
2018-05-04,317.5,270.0,42.5,272.0,43.5
2018-05-07,317.5,,,,
2018-05-08,317.5,270.0,42.5,272.0,43.5
2018-05-09,317.5,270.0,42.5,272.0,43.5
2018-05-10,317.5,270.0,42.5,272.0,43.5
2018-05-11,317.5,270.0,42.5,272.0,43.5
2018-05-14,317.5,272.0,42.5,274.0,43.5
2018-05-15,317.5,272.0,42.5,274.0,43.5
2018-05-16,317.5,273.0,42.5,275.0,43.5
2018-05-17,317.5,274.0,42.5,276.0,43.5
2018-05-18,317.5,274.0,42.5,276.0,43.5
2018-05-21,317.5,274.0,42.5,276.0,43.5
2018-05-22,317.5,,,,
2018-05-23,317.5,274.0,42.5,276.0,43.5
2018-05-24,317.5,274.0,42.5,276.0,43.5
2018-05-25,317.5,274.0,42.5,276.0,43.5
2018-05-28,317.5,276.5,42.5,278.5,43.5
2018-05-29,317.5,276.5,42.5,278.5,43.5
2018-05-30,317.5,276.5,42.5,278.5,43.5
2018-05-31,317.5,,,,
2018-06-01,317.5,276.5,42.5,278.5,43.5
2018-06-04,317.5,279.0,42.5,281.0,43.5
2018-06-05,317.5,279.0,42.5,281.0,43.5
2018-06-06,317.5,279.0,42.5,281.0,43.5
2018-06-07,317.5,279.0,42.5,281.0,43.5
2018-06-08,317.5,279.0,42.5,281.0,43.5
2018-06-11,317.5,279.0,42.5,281.0,43.5
2018-06-12,317.5,279.0,42.5,281.0,43.5
2018-06-13,317.5,279.0,42.5,281.0,43.5
2018-06-14,317.5,279.0,42.5,281.0,43.5
2018-06-15,317.5,279.0,42.5,281.0,43.5
2018-06-19,317.5,279.0,42.5,281.0,43.5
2018-06-20,317.5,279.0,42.5,281.0,43.5
2018-06-21,317.5,279.0,42.5,281.0,43.5
2018-06-22,317.5,279.0,42.5,281.0,43.5
2018-06-25,317.5,279.0,42.5,281.0,43.5
2018-06-26,317.5,279.0,42.5,281.0,43.5
2018-06-27,317.5,279.0,42.5,281.0,43.5
2018-06-28,317.5,279.0,42.5,281.0,43.5
2018-06-29,317.5,279.0,42.5,281.0,43.5
2018-07-02,317.5,279.0,42.5,281.0,43.5
2018-07-03,317.5,279.0,42.5,281.0,43.5
2018-07-04,312.5,275.0,42.5,277.0,43.5
2018-07-05,312.5,274.0,42.5,276.0,43.5
2018-07-06,312.5,274.0,42.5,276.0,43.5
2018-07-09,312.5,274.0,42.5,276.0,43.5
2018-07-10,312.5,274.0,42.5,276.0,43.5
2018-07-11,312.5,274.0,42.5,276.0,43.5
2018-07-12,312.5,274.0,42.5,276.0,43.5
2018-07-13,312.5,274.0,42.5,276.0,43.5
2018-07-16,312.5,274.0,42.5,276.0,43.5
2018-07-17,312.5,274.0,42.5,276.0,43.5
2018-07-18,312.5,274.0,42.5,276.0,43.5
2018-07-19,312.5,274.0,42.5,276.0,43.5
2018-07-20,312.5,272.0,42.5,274.0,43.5
2018-07-23,312.5,272.0,42.5,274.0,43.5
2018-07-24,312.5,272.0,42.5,274.0,43.5
2018-07-25,307.5,271.0,42.5,273.0,43.5
2018-07-26,307.5,271.0,42.5,273.0,43.5
2018-07-27,307.5,271.0,42.5,273.0,43.5
2018-07-30,307.5,271.0,42.5,273.0,43.5
2018-07-31,307.5,271.0,42.5,273.0,43.5
2018-08-01,307.5,271.0,42.5,273.0,43.5
2018-08-02,307.5,271.0,42.5,273.0,43.5
2018-08-03,307.5,271.0,42.5,273.0,43.5
2018-08-06,305.0,267.0,42.5,269.0,43.5
2018-08-07,305.0,265.0,42.5,267.0,43.5
2018-08-08,305.0,265.0,42.5,267.0,43.5
2018-08-09,305.0,265.0,42.5,267.0,43.5
2018-08-10,305.0,265.0,42.5,267.0,43.5
2018-08-13,305.0,265.0,42.5,267.0,43.5
2018-08-14,305.0,263.0,42.5,265.0,43.5
2018-08-15,305.0,263.0,42.5,265.0,43.5
2018-08-16,305.0,263.0,42.5,265.0,43.5
2018-08-17,305.0,263.0,42.5,265.0,43.5
2018-08-20,305.0,263.0,42.5,265.0,43.5
2018-08-21,300.0,261.0,42.5,263.0,43.5
2018-08-22,300.0,261.0,42.5,263.0,43.5
2018-08-23,300.0,261.0,42.5,263.0,43.5
2018-08-24,300.0,261.0,42.5,263.0,43.5
2018-08-27,300.0,261.0,42.5,263.0,43.5
2018-08-28,300.0,261.0,42.5,263.0,43.5
2018-08-29,300.0,261.0,42.5,263.0,43.5
2018-08-30,300.0,261.0,42.5,263.0,43.5
2018-08-31,300.0,261.0,42.5,263.0,43.5
2018-09-03,300.0,258.0,42.5,260.0,43.5
2018-09-04,300.0,257.0,42.5,259.0,43.5
2018-09-05,300.0,257.0,42.5,259.0,43.5
2018-09-06,300.0,257.0,42.5,259.0,43.5
2018-09-07,300.0,254.0,42.5,256.0,43.5
2018-09-10,300.0,254.0,42.5,256.0,43.5
2018-09-11,300.0,254.0,42.5,256.0,43.5
2018-09-12,300.0,254.0,42.5,256.0,43.5
2018-09-13,300.0,254.0,42.5,256.0,43.5
2018-09-14,300.0,254.0,42.5,256.0,43.5
2018-09-17,300.0,254.0,42.5,256.0,43.5
2018-09-18,300.0,254.0,42.5,256.0,43.5
2018-09-19,300.0,254.0,42.5,256.0,43.5
2018-09-20,300.0,254.0,42.5,256.0,43.5
2018-09-21,300.0,254.0,42.5,256.0,43.5
2018-09-25,300.0,254.0,42.5,256.0,43.5
2018-09-26,300.0,254.0,42.5,256.0,43.5
2018-09-27,300.0,254.0,42.5,256.0,43.5
2018-09-28,300.0,254.0,42.5,256.0,43.5
2018-10-08,300.0,254.0,42.5,256.0,43.5
2018-10-09,300.0,254.0,42.5,256.0,43.5
2018-10-10,300.0,252.0,42.5,254.0,43.5
2018-10-11,300.0,252.0,42.5,254.0,43.5
2018-10-12,300.0,252.0,42.5,254.0,43.5
2018-10-15,300.0,250.0,42.5,252.0,43.5
2018-10-16,300.0,250.0,42.5,252.0,43.5
2018-10-17,300.0,250.0,42.5,252.0,43.5
2018-10-18,300.0,250.0,42.5,252.0,43.5
2018-10-19,300.0,250.0,42.5,252.0,43.5
2018-10-22,300.0,250.0,42.5,252.0,43.5
2018-10-23,300.0,250.0,42.5,252.0,43.5
2018-10-24,300.0,250.0,42.5,252.0,43.5
2018-10-25,300.0,251.0,42.5,253.0,43.5
2018-10-26,300.0,251.0,42.5,253.0,43.5
2018-10-29,300.0,251.0,42.5,253.0,43.5
2018-10-30,300.0,251.0,42.5,253.0,43.5
2018-10-31,300.0,251.0,42.5,253.0,43.5
2018-11-01,300.0,251.0,42.5,253.0,43.5
2018-11-02,300.0,251.0,42.5,253.0,43.5
2018-11-05,300.0,251.0,42.5,253.0,43.5
2018-11-06,300.0,251.0,42.5,253.0,43.5
2018-11-07,300.0,251.0,42.5,253.0,43.5
2018-11-08,300.0,251.0,42.5,253.0,43.5
2018-11-09,300.0,251.0,42.5,253.0,43.5
2018-11-12,300.0,251.0,42.5,253.0,43.5
2018-11-13,300.0,251.0,42.5,253.0,43.5
2018-11-14,300.0,251.0,42.5,253.0,43.5
2018-11-15,300.0,251.0,42.5,253.0,43.5
2018-11-16,300.0,251.0,42.5,253.0,43.5
2018-11-19,300.0,251.0,42.5,253.0,43.5
2018-11-20,300.0,248.5,42.5,250.5,43.5
2018-11-21,300.0,248.5,42.5,250.5,43.5
2018-11-22,300.0,248.5,42.5,250.5,43.5
2018-11-23,300.0,248.5,42.5,250.5,43.5
2018-11-26,300.0,248.5,42.5,250.5,43.5
2018-11-27,300.0,248.5,42.5,250.5,43.5
2018-11-28,300.0,248.5,42.5,250.5,43.5
2018-11-29,300.0,248.5,42.5,250.5,43.5
2018-11-30,300.0,248.5,42.5,250.5,43.5
2018-12-03,295.0,246.0,41.5,248.0,42.5
2018-12-04,295.0,246.0,41.5,248.0,42.5
2018-12-05,295.0,246.0,41.5,248.0,42.5
2018-12-06,295.0,246.0,41.5,248.0,42.5
2018-12-07,295.0,246.0,41.5,248.0,42.5
2018-12-10,295.0,246.0,41.5,248.0,42.5
2018-12-11,295.0,246.0,41.5,248.0,42.5
2018-12-12,295.0,246.0,41.5,248.0,42.5
2018-12-13,295.0,246.0,41.5,248.0,42.5
2018-12-14,295.0,246.0,41.5,248.0,42.5
2018-12-17,295.0,246.0,41.5,248.0,42.5
2018-12-18,295.0,246.0,41.5,248.0,42.5
2018-12-19,295.0,246.0,41.5,248.0,42.5
2018-12-20,290.0,244.0,39.5,246.0,40.5
2018-12-21,290.0,244.0,39.5,246.0,40.5
2018-12-24,290.0,244.0,39.5,246.0,40.5
2018-12-25,290.0,244.0,39.5,246.0,40.5
2018-12-26,290.0,244.0,39.5,246.0,40.5
2018-12-27,290.0,244.0,39.5,246.0,40.5
2018-12-28,290.0,244.0,39.5,246.0,40.5
2019-01-02,290.0,244.0,39.5,246.0,40.5
2019-01-03,290.0,244.0,39.5,246.0,40.5
2019-01-04,290.0,244.0,39.5,246.0,40.5
2019-01-07,290.0,244.0,39.5,246.0,40.5
2019-01-08,285.0,240.0,39.5,242.0,40.5
2019-01-09,285.0,237.0,39.5,239.0,40.5
2019-01-10,285.0,237.0,39.5,239.0,40.5
2019-01-11,285.0,237.0,39.5,239.0,40.5
2019-01-14,285.0,237.0,39.5,239.0,40.5
2019-01-15,285.0,237.0,39.5,239.0,40.5
2019-01-16,285.0,237.0,39.5,239.0,40.5
2019-01-17,285.0,237.0,39.5,239.0,40.5
2019-01-18,285.0,237.0,39.5,239.0,40.5
2019-01-21,285.0,237.0,39.5,239.0,40.5
2019-01-22,285.0,237.0,39.5,239.0,40.5
2019-01-23,285.0,237.0,39.5,239.0,40.5
2019-01-24,285.0,237.0,39.5,239.0,40.5
2019-01-25,285.0,237.0,39.5,239.0,40.5
2019-01-28,285.0,237.0,39.5,239.0,40.5
2019-01-29,285.0,237.0,39.5,239.0,40.5
2019-01-30,285.0,237.0,39.5,239.0,40.5
2019-01-31,285.0,237.0,39.5,239.0,40.5
2019-02-01,285.0,237.0,39.5,239.0,40.5
2019-02-11,285.0,237.0,39.5,239.0,40.5
2019-02-12,275.0,234.0,39.5,236.0,40.5
2019-02-13,275.0,234.0,39.5,236.0,40.5
2019-02-14,275.0,234.0,39.5,236.0,40.5
2019-02-15,275.0,234.0,39.5,236.0,40.5
2019-02-18,275.0,234.0,39.5,236.0,40.5
2019-02-19,275.0,234.0,39.5,236.0,40.5
2019-02-20,275.0,234.0,39.5,236.0,40.5
2019-02-21,275.0,234.0,39.5,236.0,40.5
2019-02-22,275.0,234.0,39.5,236.0,40.5
2019-02-25,275.0,234.0,39.5,236.0,40.5
2019-02-26,275.0,234.0,39.5,236.0,40.5
2019-02-27,275.0,234.0,39.5,236.0,40.5
2019-02-28,275.0,234.0,39.5,236.0,40.5
2019-03-01,275.0,234.0,39.5,236.0,40.5
2019-03-04,275.0,234.0,39.5,236.0,40.5
2019-03-05,275.0,234.0,39.5,236.0,40.5
2019-03-06,275.0,234.0,39.5,236.0,40.5
2019-03-07,275.0,234.0,39.5,236.0,40.5
2019-03-08,275.0,234.0,39.5,236.0,40.5
2019-03-11,275.0,234.0,39.5,236.0,40.5
2019-03-12,275.0,234.0,39.5,236.0,40.5
2019-03-13,275.0,234.0,39.5,236.0,40.5
2019-03-14,275.0,234.0,39.5,236.0,40.5
2019-03-15,275.0,234.0,39.5,236.0,40.5
2019-03-18,275.0,234.0,39.5,236.0,40.5
2019-03-19,275.0,234.0,39.5,236.0,40.5
2019-03-20,275.0,234.0,39.5,236.0,40.5
2019-03-21,275.0,234.0,39.5,236.0,40.5
2019-03-22,275.0,234.0,39.5,236.0,40.5
2019-03-25,275.0,234.0,39.5,236.0,40.5
2019-03-26,275.0,234.0,39.5,236.0,40.5
2019-03-27,275.0,234.0,39.5,236.0,40.5
2019-03-28,275.0,234.0,39.5,236.0,40.5
2019-03-29,275.0,234.0,39.5,236.0,40.5
2019-04-01,275.0,234.0,39.5,236.0,40.5
2019-04-02,275.0,234.0,39.5,236.0,40.5
2019-04-03,275.0,234.0,39.5,236.0,40.5
2019-04-04,275.0,234.0,39.5,236.0,40.5
2019-04-08,267.5,231.5,39.5,233.5,40.5
2019-04-09,267.5,231.5,39.5,233.5,40.5
2019-04-10,267.5,231.5,39.5,233.5,40.5
2019-04-11,267.5,231.5,39.5,233.5,40.5
2019-04-12,267.5,231.5,39.5,233.5,40.5
2019-04-15,267.5,231.5,39.5,233.5,40.5
2019-04-16,267.5,231.5,39.5,233.5,40.5
2019-04-17,267.5,231.5,39.5,233.5,40.5
2019-04-18,267.5,231.5,39.5,233.5,40.5
2019-04-19,267.5,231.5,39.5,233.5,40.5
2019-04-22,267.5,231.5,39.5,233.5,40.5
2019-04-23,267.5,231.5,39.5,233.5,40.5
2019-04-24,267.5,231.5,39.5,233.5,40.5
2019-04-25,267.5,229.5,39.5,231.5,40.5
2019-04-26,267.5,229.5,39.5,231.5,40.5
2019-04-29,267.5,229.5,39.5,231.5,40.5
2019-04-30,267.5,229.5,39.5,231.5,40.5
2019-05-06,267.5,229.5,39.5,231.5,40.5
2019-05-07,262.5,225.5,39.5,227.5,40.5
2019-05-08,262.5,225.5,39.5,227.5,40.5
2019-05-09,262.5,225.5,39.5,227.5,40.5
2019-05-10,262.5,225.5,39.5,227.5,40.5
2019-05-13,262.5,225.5,39.5,227.5,40.5
2019-05-14,262.5,225.5,39.5,227.5,40.5
2019-05-15,262.5,225.5,39.5,227.5,40.5
2019-05-16,262.5,225.5,39.5,227.5,40.5
2019-05-17,262.5,225.5,39.5,227.5,40.5
2019-05-20,262.5,225.5,39.5,227.5,40.5
2019-05-21,262.5,225.5,39.5,227.5,40.5
2019-05-22,262.5,225.5,39.5,227.5,40.5
2019-05-23,257.5,223.5,39.5,225.5,40.5
2019-05-24,257.5,223.5,39.5,225.5,40.5
2019-05-27,257.5,223.5,39.5,225.5,40.5
2019-05-28,257.5,223.5,39.5,225.5,40.5
2019-05-29,257.5,223.5,39.5,225.5,40.5
2019-05-30,257.5,223.5,39.5,225.5,40.5
2019-05-31,255.0,221.5,37.5,223.5,38.5
2019-06-03,255.0,221.5,37.5,223.5,38.5
2019-06-04,255.0,220.0,37.5,222.0,38.5
2019-06-05,255.0,220.0,37.5,222.0,38.5
2019-06-06,255.0,219.0,37.5,221.0,38.5
2019-06-10,255.0,219.0,37.5,221.0,38.5
2019-06-11,252.5,217.0,37.5,219.0,38.5
2019-06-12,252.5,217.0,37.5,219.0,38.5
2019-06-13,247.5,215.0,37.5,217.0,38.5
2019-06-14,247.5,214.0,37.5,216.0,38.5
2019-06-17,247.5,214.0,37.5,216.0,38.5
2019-06-18,247.5,212.0,37.5,214.0,38.5
2019-06-19,247.5,212.0,37.5,214.0,38.5
2019-06-20,247.5,212.0,37.5,214.0,38.5
2019-06-21,247.5,212.0,37.5,214.0,38.5
2019-06-24,240.0,210.0,37.5,212.0,38.5
2019-06-25,240.0,209.0,37.5,211.0,38.5
2019-06-26,240.0,209.0,37.5,211.0,38.5
2019-06-27,240.0,209.0,37.5,211.0,38.5
2019-06-28,240.0,208.0,37.5,210.0,38.5
2019-07-01,240.0,208.0,37.5,210.0,38.5
2019-07-02,240.0,203.0,37.5,205.0,38.5
2019-07-03,235.0,192.5,32.5,194.5,33.5
2019-07-04,220.0,187.5,30.5,189.5,31.5
2019-07-05,220.0,182.5,29.5,184.5,30.5
2019-07-08,220.0,177.5,28.5,179.5,29.5
2019-07-09,220.0,174.5,27.5,176.5,28.5
2019-07-10,220.0,174.5,27.5,176.5,28.5
2019-07-11,220.0,174.5,27.5,176.5,28.5
2019-07-12,220.0,174.5,27.5,176.5,28.5
2019-07-15,220.0,174.5,27.5,176.5,28.5
2019-07-16,220.0,174.5,27.5,176.5,28.5
2019-07-17,220.0,175.5,27.5,177.5,28.5
2019-07-18,220.0,175.5,27.5,177.5,28.5
2019-07-19,220.0,175.5,27.5,177.5,28.5
2019-07-22,220.0,175.5,27.5,177.5,28.5
2019-07-23,220.0,175.5,27.5,177.5,28.5
2019-07-24,220.0,177.5,27.5,179.5,28.5
2019-07-25,220.0,177.5,27.5,179.5,28.5
2019-07-26,220.0,177.5,27.5,179.5,28.5
2019-07-29,220.0,177.5,27.5,179.5,28.5
2019-07-30,220.0,177.5,27.5,179.5,28.5
2019-07-31,220.0,177.5,27.5,179.5,28.5
2019-08-01,220.0,177.5,27.5,179.5,28.5
2019-08-02,220.0,177.5,27.5,179.5,28.5
2019-08-05,220.0,177.5,27.5,179.5,28.5
2019-08-06,220.0,177.5,27.5,179.5,28.5
2019-08-07,220.0,177.5,27.5,179.5,28.5
2019-08-08,220.0,177.5,27.5,179.5,28.5
2019-08-09,220.0,177.5,27.5,179.5,28.5
2019-08-12,220.0,177.5,27.5,179.5,28.5
2019-08-13,220.0,177.5,27.5,179.5,28.5
2019-08-14,220.0,177.5,27.5,179.5,28.5
2019-08-15,220.0,177.5,27.5,179.5,28.5
2019-08-16,220.0,177.5,27.5,179.5,28.5
2019-08-19,220.0,177.5,27.5,179.5,28.5
2019-08-20,220.0,177.5,27.5,179.5,28.5
2019-08-21,220.0,177.5,27.5,179.5,28.5
2019-08-22,220.0,179.0,27.5,181.0,28.5
2019-08-23,220.0,179.0,27.5,181.0,28.5
2019-08-26,220.0,179.0,27.5,181.0,28.5
2019-08-27,220.0,179.0,27.5,181.0,28.5
2019-08-28,220.0,179.0,27.5,181.0,28.5
2019-08-29,220.0,177.0,27.5,179.0,28.5
2019-08-30,220.0,177.0,27.5,179.0,28.5
2019-09-02,220.0,177.0,27.5,179.0,28.5
2019-09-03,220.0,177.0,27.5,179.0,28.5
2019-09-04,220.0,177.0,27.5,179.0,28.5
2019-09-05,220.0,177.0,27.5,179.0,28.5
2019-09-06,225.0,178.0,27.5,180.0,28.5
2019-09-09,225.0,178.0,27.5,180.0,28.5
2019-09-10,225.0,178.0,27.5,180.0,28.5
2019-09-11,225.0,178.0,27.5,180.0,28.5
2019-09-12,225.0,179.0,27.5,181.0,28.5
2019-09-16,225.0,179.0,27.5,181.0,28.5
2019-09-17,227.5,181.0,27.5,183.0,28.5
2019-09-18,227.5,182.0,27.5,184.0,28.5
2019-09-19,227.5,183.0,28.5,185.0,29.5
2019-09-20,232.5,185.5,28.5,187.5,29.5
2019-09-23,235.0,187.5,29.5,189.5,30.5
2019-09-24,235.0,190.5,29.5,192.5,30.5
2019-09-25,237.5,195.5,31.5,197.5,32.5
2019-09-26,240.0,200.5,32.5,202.5,33.5
2019-09-27,240.0,204.0,32.5,207.0,33.5
2019-09-30,245.0,207.0,32.5,210.0,33.5
2019-10-08,245.0,208.0,32.5,211.0,33.5
2019-10-09,255.0,211.0,32.5,214.0,33.5
2019-10-10,255.0,215.0,32.5,218.0,33.5
2019-10-11,260.0,219.0,32.5,222.0,33.5
2019-10-14,260.0,222.0,32.5,225.0,33.5
2019-10-15,260.0,226.0,32.5,229.0,33.5
2019-10-16,260.0,227.0,32.5,230.0,33.5
2019-10-17,260.0,227.0,32.5,230.0,33.5
2019-10-18,260.0,227.0,32.5,230.0,33.5
2019-10-21,260.0,226.0,32.5,229.0,33.5
2019-10-22,255.0,224.0,31.5,227.0,32.5
2019-10-23,255.0,224.0,31.5,227.0,32.5
2019-10-24,255.0,224.0,31.5,227.0,32.5
2019-10-25,255.0,224.0,31.5,227.0,32.5
2019-10-28,255.0,224.0,31.5,227.0,32.5
2019-10-29,255.0,224.0,31.5,227.0,32.5
2019-10-30,255.0,224.0,31.5,227.0,32.5
2019-10-31,255.0,222.0,31.5,225.0,32.5
2019-11-01,255.0,222.0,31.5,225.0,32.5
2019-11-04,255.0,222.0,31.5,225.0,32.5
2019-11-05,250.0,219.0,30.5,222.0,31.5
2019-11-06,250.0,219.0,30.5,222.0,31.5
2019-11-07,245.0,216.0,29.5,219.0,30.5
2019-11-08,245.0,214.0,29.5,217.0,30.5
2019-11-11,240.0,212.0,29.5,215.0,30.5
2019-11-12,240.0,210.0,29.5,213.0,30.5
2019-11-13,240.0,209.0,29.5,212.0,30.5
2019-11-14,240.0,209.0,29.5,212.0,30.5
2019-11-15,240.0,209.0,29.5,212.0,30.5
2019-11-18,240.0,207.0,29.5,210.0,30.5
2019-11-19,240.0,207.0,29.5,210.0,30.5
2019-11-20,240.0,205.0,29.5,208.0,30.5
2019-11-21,240.0,205.0,29.5,208.0,30.5
2019-11-22,240.0,205.0,29.5,208.0,30.5
2019-11-25,240.0,205.0,29.5,208.0,30.5
2019-11-26,240.0,205.0,29.5,208.0,30.5
2019-11-27,240.0,205.0,29.5,208.0,30.5
2019-11-28,240.0,205.0,29.5,208.0,30.5
2019-11-29,240.0,205.0,29.5,208.0,30.5
2019-12-02,245.0,205.0,29.5,208.0,30.5
2019-12-03,245.0,205.0,29.5,208.0,30.5
2019-12-04,245.0,207.0,29.5,210.0,30.5
2019-12-05,245.0,207.0,29.5,210.0,30.5
2019-12-06,245.0,209.0,29.5,212.0,30.5
2019-12-09,245.0,209.0,29.5,212.0,30.5
2019-12-10,245.0,209.0,29.5,212.0,30.5
2019-12-11,245.0,209.0,29.5,212.0,30.5
