Date,CLOSE
2009-12-01,7.77
2009-12-02,8.16
2009-12-03,8.37
2009-12-04,8.45
2009-12-07,8.53
2009-12-08,8.6
2009-12-09,8.59
2009-12-10,8.72
2009-12-11,8.64
2009-12-14,8.99
2009-12-15,8.81
2009-12-16,8.8
2009-12-17,8.73
2009-12-18,8.78
2009-12-21,9.31
2009-12-22,9.41
2009-12-23,9.99
2009-12-24,10.16
2009-12-28,10.04
2009-12-29,10.38
2009-12-30,10.64
2009-12-31,10.56
2010-01-04,10.85
2010-01-05,11.17
2010-01-06,11.22
2010-01-07,10.84
2010-01-08,11.1
2010-01-11,10.9
2010-01-12,10.26
2010-01-13,10.46
2010-01-14,10.73
2010-01-15,10.13
2010-01-19,10.28
2010-01-20,9.98
2010-01-21,9.8
2010-01-22,9.13
2010-01-25,9.33
2010-01-26,9.44
2010-01-27,9.72
2010-01-28,9.4
2010-01-29,8.72
2010-02-01,9.17
2010-02-02,9.35
2010-02-03,9.02
2010-02-04,8.61
2010-02-05,8.7
2010-02-08,8.91
2010-02-09,9.08
2010-02-10,8.54
2010-02-11,8.53
2010-02-12,8.44
2010-02-16,8.63
2010-02-17,8.73
2010-02-18,8.76
2010-02-19,8.9
2010-02-22,8.94
2010-02-23,8.61
2010-02-24,9.09
2010-02-25,9.07
2010-02-26,9.06
2010-03-01,9.77
2010-03-02,9.57
2010-03-03,9.45
2010-03-04,9.41
2010-03-05,9.46
2010-03-08,9.59
2010-03-09,9.41
2010-03-10,9.87
2010-03-11,9.8
2010-03-12,9.97
2010-03-15,9.73
2010-03-16,10.21
2010-03-17,10.4
2010-03-18,10.16
2010-03-19,9.95
2010-03-22,10.33
2010-03-23,10.54
2010-03-24,10.43
2010-03-25,10.38
2010-03-26,10.49
2010-03-29,10.63
2010-03-30,10.79
2010-03-31,10.37
2010-04-01,10.17
2010-04-05,10.6
2010-04-06,10.23
2010-04-07,10.56
2010-04-08,10.58
2010-04-09,10.73
2010-04-12,10.82
2010-04-13,10.76
2010-04-14,11.3
2010-04-15,11.18
2010-04-16,10.92
2010-04-19,10.79
2010-04-20,10.75
2010-04-21,10.74
2010-04-22,10.93
2010-04-23,11.0
2010-04-26,10.97
2010-04-27,10.34
2010-04-28,10.24
2010-04-29,10.21
2010-04-30,9.35
2010-05-03,9.89
2010-05-04,9.52
2010-05-05,9.26
2010-05-06,8.75
2010-05-07,8.57
2010-05-10,9.09
2010-05-11,8.82
2010-05-12,9.33
2010-05-13,9.14
2010-05-14,8.94
2010-05-17,9.17
2010-05-18,9.075
2010-05-19,8.96
2010-05-20,8.74
2010-05-21,8.93
2010-05-24,8.79
2010-05-25,8.8
2010-05-26,8.69
2010-05-27,9.44
2010-05-28,9.09
2010-06-01,8.66
2010-06-02,9.18
2010-06-03,9.24
2010-06-04,8.8575
2010-06-07,8.38
2010-06-08,8.54
2010-06-09,8.53
2010-06-10,8.77
2010-06-11,8.93
2010-06-14,8.91
2010-06-15,9.68
2010-06-16,9.91
2010-06-17,9.92
2010-06-18,10.0
2010-06-21,9.92
2010-06-22,9.6425
2010-06-23,9.82
2010-06-24,9.62
2010-06-25,9.46
2010-06-28,10.02
2010-06-29,8.67
2010-06-30,8.49
2010-07-01,8.38
2010-07-02,8.22
2010-07-06,8.35
2010-07-07,8.89
2010-07-08,8.69
2010-07-09,8.57
2010-07-12,8.55
2010-07-13,8.73
2010-07-14,8.75
2010-07-15,8.66
2010-07-16,8.27
2010-07-19,8.43
2010-07-20,8.45
2010-07-21,8.17
2010-07-22,8.54
2010-07-23,8.48
2010-07-26,8.51
2010-07-27,8.43
2010-07-28,8.24
2010-07-29,7.78
2010-07-30,7.28
2010-08-02,7.65
2010-08-03,7.47
2010-08-04,7.64
2010-08-05,7.7
2010-08-06,7.58
2010-08-09,7.54
2010-08-10,7.27
2010-08-11,7.149
2010-08-12,7.37
2010-08-13,7.28
2010-08-16,7.18
2010-08-17,7.31
2010-08-18,7.45
2010-08-19,7.18
2010-08-20,7.12
2010-08-23,7.38
2010-08-24,7.06
2010-08-25,7.1
2010-08-26,6.78
2010-08-27,6.83
2010-08-30,6.54
2010-08-31,6.4585
2010-09-01,6.73
2010-09-02,6.83
2010-09-03,7.049
2010-09-07,6.7455
2010-09-08,6.6
2010-09-09,6.8
2010-09-10,6.51
2010-09-13,7.051
2010-09-14,7.27
2010-09-15,6.94
2010-09-16,7.1
2010-09-17,6.76
2010-09-20,6.9401
2010-09-21,6.881
2010-09-22,6.72
2010-09-23,6.67
2010-09-24,7.199
2010-09-27,7.03
2010-09-28,7.149
2010-09-29,7.29
2010-09-30,7.21
2010-10-01,7.29
2010-10-04,6.99
2010-10-05,6.93
2010-10-06,6.95
2010-10-07,7.11
2010-10-08,7.59
2010-10-11,7.67
2010-10-12,7.75
2010-10-13,7.65
2010-10-14,7.59
2010-10-15,7.61
2010-10-18,7.539
2010-10-19,7.3
2010-10-20,7.69
2010-10-21,7.5
2010-10-22,7.69
2010-10-25,7.81
2010-10-26,7.72
2010-10-27,7.97
2010-10-28,7.94
2010-10-29,8.255
2010-11-01,8.14
2010-11-02,8.11
2010-11-03,8.09
2010-11-04,8.56
2010-11-05,8.655
2010-11-08,8.24
2010-11-09,7.9
2010-11-10,7.871
2010-11-11,7.85
2010-11-12,7.72
2010-11-15,7.42
2010-11-16,7.22
2010-11-17,7.1
2010-11-18,7.2875
2010-11-19,7.39
2010-11-22,7.321
2010-11-23,7.42
2010-11-24,7.75
2010-11-26,7.65
2010-11-29,7.571
2010-11-30,7.269
2010-12-01,7.39
2010-12-02,7.91
2010-12-03,7.919
2010-12-06,7.955
2010-12-07,7.92
2010-12-08,7.94
2010-12-09,8.19
2010-12-10,8.25
2010-12-13,8.14
2010-12-14,8.065
2010-12-15,7.92
2010-12-16,8.05
2010-12-17,8.21
2010-12-20,8.115
2010-12-21,8.14
2010-12-22,8.28
2010-12-23,7.94
2010-12-27,7.81
2010-12-28,7.76
2010-12-29,7.75
2010-12-30,7.9
2010-12-31,8.02
2011-01-03,8.275
2011-01-04,8.44
2011-01-05,8.54
2011-01-06,8.58
2011-01-07,8.645
2011-01-10,8.55
2011-01-11,8.72
2011-01-12,9.34
2011-01-13,9.63
2011-01-14,9.71
2011-01-18,9.66
2011-01-19,9.37
2011-01-20,9.6
2011-01-21,9.8375
2011-01-24,10.05
2011-01-25,9.975
2011-01-26,9.95
2011-01-27,10.59
2011-01-28,10.37
2011-01-31,10.54
2011-02-01,10.81
2011-02-02,10.89
2011-02-03,10.895
2011-02-04,11.05
2011-02-07,11.29
2011-02-08,11.44
2011-02-09,11.26
2011-02-10,11.31
2011-02-11,11.321
2011-02-14,11.65
2011-02-15,11.67
2011-02-16,11.63
2011-02-17,11.8
2011-02-18,11.701
2011-02-22,10.921
2011-02-23,10.55
2011-02-24,10.91
2011-02-25,11.44
2011-02-28,11.13
2011-03-01,10.96
2011-03-02,11.09
2011-03-03,11.57
2011-03-04,11.64
2011-03-07,11.03
2011-03-08,10.89
2011-03-09,10.32
2011-03-10,9.925
2011-03-11,10.24
2011-03-14,10.36
2011-03-15,10.43
2011-03-16,10.055
2011-03-17,10.21
2011-03-18,10.07
2011-03-21,10.36
2011-03-22,10.35
2011-03-23,10.61
2011-03-24,11.5
2011-03-25,11.55
2011-03-28,11.55
2011-03-29,11.76
2011-03-30,11.58
2011-03-31,11.47
2011-04-01,11.3
2011-04-04,11.19
2011-04-05,11.015
2011-04-06,11.24
2011-04-07,11.14
2011-04-08,11.07
2011-04-11,10.74
2011-04-12,10.53
2011-04-13,10.62
2011-04-14,10.65
2011-04-15,10.75
2011-04-18,10.42
2011-04-19,10.52
2011-04-20,11.39
2011-04-21,11.52
2011-04-25,11.33
2011-04-26,11.61
2011-04-27,11.795
2011-04-28,11.48
2011-04-29,11.32
2011-05-02,11.24
2011-05-03,10.9
2011-05-04,10.74
2011-05-05,10.91
2011-05-06,10.87
2011-05-09,10.46
2011-05-10,10.63
2011-05-11,10.41
2011-05-12,10.66
2011-05-13,10.4
2011-05-16,10.55
2011-05-17,9.94
2011-05-18,10.06
2011-05-19,10.17
2011-05-20,10.0
2011-05-23,9.71
2011-05-24,9.62
2011-05-25,9.61
2011-05-26,9.79
2011-05-27,10.02
2011-05-31,10.2
2011-06-01,9.555
2011-06-02,9.41
2011-06-03,9.16
2011-06-06,9.04
2011-06-07,8.95
2011-06-08,8.5
2011-06-09,8.49
2011-06-10,8.44
2011-06-13,8.29
2011-06-14,8.4
2011-06-15,8.07
2011-06-16,7.865
2011-06-17,7.83
2011-06-20,7.91
2011-06-21,8.14
2011-06-22,8.17
2011-06-23,8.43
2011-06-24,7.21
2011-06-27,7.34
2011-06-28,7.35
2011-06-29,7.47
2011-06-30,7.48
2011-07-01,7.83
2011-07-05,7.78
2011-07-06,7.56
2011-07-07,7.82
2011-07-08,7.68
2011-07-11,7.49
2011-07-12,7.31
2011-07-13,7.49
2011-07-14,7.29
2011-07-15,7.41
2011-07-18,7.23
2011-07-19,7.52
2011-07-20,7.6
2011-07-21,7.645
2011-07-22,8.09
2011-07-25,7.89
2011-07-26,7.855
2011-07-27,7.43
2011-07-28,7.42
2011-07-29,7.37
2011-08-01,7.41
2011-08-02,7.04
2011-08-03,6.99
2011-08-04,6.4
2011-08-05,6.31
2011-08-08,5.71
2011-08-09,6.19
2011-08-10,5.72
2011-08-11,6.37
2011-08-12,6.18
2011-08-15,6.48
2011-08-16,6.29
2011-08-17,6.11
2011-08-18,5.64
2011-08-19,5.25
2011-08-22,5.26
2011-08-23,5.66
2011-08-24,5.3
2011-08-25,5.38
2011-08-26,5.66
2011-08-29,6.145
2011-08-30,5.95
2011-08-31,5.91
2011-09-01,5.74
2011-09-02,5.5
2011-09-06,5.67
2011-09-07,6.06
2011-09-08,6.245
2011-09-09,6.35
2011-09-12,6.685
2011-09-13,6.86
2011-09-14,7.2
2011-09-15,7.04
2011-09-16,7.03
2011-09-19,6.88
2011-09-20,6.85
2011-09-21,6.605
2011-09-22,6.43
2011-09-23,6.65
2011-09-26,6.58
2011-09-27,6.46
2011-09-28,6.115
2011-09-29,5.87
2011-09-30,5.04
2011-10-03,4.33
2011-10-04,4.52
2011-10-05,4.95
2011-10-06,4.96
2011-10-07,4.95
2011-10-10,5.16
2011-10-11,5.2
2011-10-12,5.2
2011-10-13,5.52
2011-10-14,5.7
2011-10-17,5.435
2011-10-18,5.77
2011-10-19,5.53
2011-10-20,5.59
2011-10-21,5.46
2011-10-24,5.66
2011-10-25,5.49
2011-10-26,5.465
2011-10-27,5.7
2011-10-28,5.88
2011-10-31,5.59
2011-11-01,5.29
2011-11-02,5.43
2011-11-03,5.84
2011-11-04,5.89
2011-11-07,5.85
2011-11-08,5.91
2011-11-09,5.35
2011-11-10,5.18
2011-11-11,5.43
2011-11-14,5.35
2011-11-15,5.46
2011-11-16,6.74
2011-11-17,6.33
2011-11-18,6.29
2011-11-21,6.09
2011-11-22,6.1
2011-11-23,5.71
2011-11-25,5.5
2011-11-28,5.62
2011-11-29,5.64
2011-11-30,5.99
2011-12-01,5.89
2011-12-02,5.8
2011-12-05,5.73
2011-12-06,5.65
2011-12-07,6.06
2011-12-08,5.82
2011-12-09,5.89
2011-12-12,5.82
2011-12-13,5.61
2011-12-14,5.45
2011-12-15,5.55
2011-12-16,5.68
2011-12-19,5.445
2011-12-20,5.79
2011-12-21,5.54
2011-12-22,6.41
2011-12-23,6.395
2011-12-27,6.25
2011-12-28,6.17
2011-12-29,6.27
2011-12-30,6.29
2012-01-03,6.755
2012-01-04,6.99
2012-01-05,7.16
2012-01-06,7.2
2012-01-09,7.29
2012-01-10,7.25
2012-01-11,7.22
2012-01-12,7.27
2012-01-13,7.23
2012-01-17,7.16
2012-01-18,7.65
2012-01-19,7.88
2012-01-20,7.76
2012-01-23,7.865
2012-01-24,7.95
2012-01-25,7.86
2012-01-26,7.55
2012-01-27,7.43
2012-01-30,7.56
2012-01-31,7.595
2012-02-01,7.7
2012-02-02,7.72
2012-02-03,7.95
2012-02-06,7.725
2012-02-07,7.875
2012-02-08,8.165
2012-02-09,8.16
2012-02-10,7.905
2012-02-13,7.85
2012-02-14,8.34
2012-02-15,8.28
2012-02-16,8.46
2012-02-17,8.43
2012-02-21,8.21
2012-02-22,8.04
2012-02-23,7.82
2012-02-24,7.95
2012-02-27,8.56
2012-02-28,8.88
2012-02-29,8.55
2012-03-01,8.71
2012-03-02,8.645
2012-03-05,8.2
2012-03-06,8.0
2012-03-07,8.09
2012-03-08,8.16
2012-03-09,8.33
2012-03-12,8.08
2012-03-13,8.49
2012-03-14,8.58
2012-03-15,8.83
2012-03-16,8.82
2012-03-19,8.63
2012-03-20,8.57
2012-03-21,8.74
2012-03-22,8.71
2012-03-23,8.4
2012-03-26,8.25
2012-03-27,8.575
2012-03-28,8.64
2012-03-29,8.42
2012-03-30,8.095
2012-04-02,8.095
2012-04-03,7.99
2012-04-04,7.66
2012-04-05,7.59
2012-04-09,7.35
2012-04-10,7.15
2012-04-11,7.165
2012-04-12,7.145
2012-04-13,6.96
2012-04-16,7.115
2012-04-17,7.24
2012-04-18,7.07
2012-04-19,7.005
2012-04-20,6.64
2012-04-23,6.63
2012-04-24,6.51
2012-04-25,6.52
2012-04-26,6.6
2012-04-27,6.57
2012-04-30,6.59
2012-05-01,6.68
2012-05-02,6.82
2012-05-03,6.47
2012-05-04,6.55
2012-05-07,6.5
2012-05-08,6.24
2012-05-09,6.36
2012-05-10,6.29
2012-05-11,6.36
2012-05-14,6.21
2012-05-15,6.02
2012-05-16,6.15
2012-05-17,5.95
2012-05-18,5.625
2012-05-21,5.78
2012-05-22,5.71
2012-05-23,5.75
2012-05-24,5.74
2012-05-25,5.96
2012-05-29,6.12
2012-05-30,5.99
2012-05-31,5.84
2012-06-01,5.45
2012-06-04,5.39
2012-06-05,5.595
2012-06-06,5.75
2012-06-07,5.67
2012-06-08,5.88
2012-06-11,5.705
2012-06-12,5.92
2012-06-13,5.855
2012-06-14,5.755
2012-06-15,5.89
2012-06-18,5.94
2012-06-19,6.1
2012-06-20,6.12
2012-06-21,5.645
2012-06-22,5.74
2012-06-25,5.59
2012-06-26,5.63
2012-06-27,5.72
2012-06-28,5.97
2012-06-29,6.31
2012-07-02,6.55
2012-07-03,6.89
2012-07-05,6.81
2012-07-06,6.715
2012-07-09,6.49
2012-07-10,6.16
2012-07-11,6.21
2012-07-12,6.13
2012-07-13,6.13
2012-07-16,6.0
2012-07-17,5.77
2012-07-18,5.84
2012-07-19,5.775
2012-07-20,5.825
2012-07-23,5.62
2012-07-24,5.725
2012-07-25,5.84
2012-07-26,5.955
2012-07-27,6.275
2012-07-30,6.11
2012-07-31,6.21
2012-08-01,6.27
2012-08-02,6.16
2012-08-03,6.33
2012-08-06,6.57
2012-08-07,6.82
2012-08-08,6.89
2012-08-09,6.81
2012-08-10,6.76
2012-08-13,6.715
2012-08-14,6.55
2012-08-15,6.49
2012-08-16,6.61
2012-08-17,6.57
2012-08-20,6.49
2012-08-21,6.46
2012-08-22,6.32
2012-08-23,6.255
2012-08-24,6.3
2012-08-27,6.23
2012-08-28,6.2
2012-08-29,6.2
2012-08-30,6.18
2012-08-31,6.21
2012-09-04,6.09
2012-09-05,6.19
2012-09-06,6.675
2012-09-07,6.42
2012-09-10,6.41
2012-09-11,6.36
2012-09-12,6.47
2012-09-13,6.6
2012-09-14,6.7
2012-09-17,6.57
2012-09-18,6.48
2012-09-19,6.65
2012-09-20,6.45
2012-09-21,6.36
2012-09-24,6.255
2012-09-25,6.105
2012-09-26,5.94
2012-09-27,6.015
2012-09-28,5.98
2012-10-01,5.77
2012-10-02,5.84
2012-10-03,5.84
2012-10-04,5.875
2012-10-05,5.89
2012-10-08,5.847
2012-10-09,5.755
2012-10-10,5.76
2012-10-11,5.75
2012-10-12,5.67
2012-10-15,5.72
2012-10-16,5.78
2012-10-17,5.78
2012-10-18,5.65
2012-10-19,5.45
2012-10-22,5.44
2012-10-23,5.41
2012-10-24,5.17
2012-10-25,5.69
2012-10-26,5.47
2012-10-31,5.425
2012-11-01,5.785
2012-11-02,5.71
2012-11-05,5.84
2012-11-06,6.09
2012-11-07,5.91
2012-11-08,5.69
2012-11-09,5.62
2012-11-12,5.565
2012-11-13,5.74
2012-11-14,5.555
2012-11-15,5.47
2012-11-16,5.47
2012-11-19,5.535
2012-11-20,5.555
2012-11-21,5.52
2012-11-23,5.68
2012-11-26,5.695
2012-11-27,5.68
2012-11-28,5.77
2012-11-29,5.91
2012-11-30,5.965
2012-12-03,5.93
2012-12-04,6.035
2012-12-05,6.18
2012-12-06,6.41
2012-12-07,6.435
2012-12-10,6.67
2012-12-11,6.77
2012-12-12,6.7099
2012-12-13,6.66
2012-12-14,6.85
2012-12-17,6.605
2012-12-18,6.7
2012-12-19,6.82
2012-12-20,6.79
2012-12-21,6.32
2012-12-24,6.23
2012-12-26,6.175
2012-12-27,6.22
2012-12-28,6.13
2012-12-31,6.34
2013-01-02,6.63
2013-01-03,6.8998
2013-01-04,6.96
2013-01-07,7.18
2013-01-08,7.23
2013-01-09,7.31
2013-01-10,7.42
2013-01-11,7.54
2013-01-14,7.6
2013-01-15,7.6
2013-01-16,7.67
2013-01-17,7.81
2013-01-18,7.885
2013-01-22,7.84
2013-01-23,7.78
2013-01-24,7.83
2013-01-25,7.87
2013-01-28,7.82
2013-01-29,7.58
2013-01-30,7.65
2013-01-31,7.56
2013-02-01,7.83
2013-02-04,7.76
2013-02-05,7.87
2013-02-06,7.95
2013-02-07,7.73
2013-02-08,7.75
2013-02-11,7.91
2013-02-12,7.92
2013-02-13,7.95
2013-02-14,8.08
2013-02-15,7.91
2013-02-19,8.12
2013-02-20,7.875
2013-02-21,7.68
2013-02-22,8.02
2013-02-25,7.93
2013-02-26,7.955
2013-02-27,8.18
2013-02-28,8.375
2013-03-01,8.25
2013-03-04,8.4
2013-03-05,8.73
2013-03-06,8.65
2013-03-07,8.94
2013-03-08,9.2
2013-03-11,9.345
2013-03-12,9.32
2013-03-13,9.51
2013-03-14,9.685
2013-03-15,9.37
2013-03-18,9.18
2013-03-19,9.24
2013-03-20,9.31
2013-03-21,9.07
2013-03-22,10.04
2013-03-25,9.88
2013-03-26,9.92
2013-03-27,9.96
2013-03-28,9.975
2013-04-01,9.38
2013-04-02,9.3
2013-04-03,9.1
2013-04-04,9.31
2013-04-05,9.31
2013-04-08,9.39
2013-04-09,9.57
2013-04-10,10.085
2013-04-11,9.98
2013-04-12,10.01
2013-04-15,9.56
2013-04-16,9.87
2013-04-17,9.39
2013-04-18,9.23
2013-04-19,9.35
2013-04-22,9.31
2013-04-23,9.42
2013-04-24,9.415
2013-04-25,9.53
2013-04-26,9.43
2013-04-29,9.35
2013-04-30,9.42
2013-05-01,9.2
2013-05-02,9.32
2013-05-03,9.63
2013-05-06,9.76
2013-05-07,9.97
2013-05-08,10.235
2013-05-09,10.711
2013-05-10,10.82
2013-05-13,10.66
2013-05-14,10.65
2013-05-15,10.87
2013-05-16,11.06
2013-05-17,11.31
2013-05-20,11.21
2013-05-21,11.23
2013-05-22,10.92
2013-05-23,11.39
2013-05-24,11.59
2013-05-28,11.78
2013-05-29,11.83
2013-05-30,11.89
2013-05-31,11.68
2013-06-03,11.73
2013-06-04,11.71
2013-06-05,12.02
2013-06-06,12.35
2013-06-07,12.65
2013-06-10,12.95
2013-06-11,12.81
2013-06-12,12.489
2013-06-13,12.91
2013-06-14,12.76
2013-06-17,13.24
2013-06-18,13.75
2013-06-19,13.97
2013-06-20,13.535
2013-06-21,13.9
2013-06-24,13.46
2013-06-25,13.75
2013-06-26,14.175
2013-06-27,14.34
2013-06-28,14.33
2013-07-01,14.27
2013-07-02,14.31
2013-07-03,14.14
2013-07-05,14.31
2013-07-08,14.03
2013-07-09,13.135
2013-07-10,12.55
2013-07-11,12.7
2013-07-12,12.69
2013-07-15,13.07
2013-07-16,13.38
2013-07-17,13.59
2013-07-18,13.69
2013-07-19,13.73
2013-07-22,13.83
2013-07-23,13.64
2013-07-24,13.105
2013-07-25,13.29
2013-07-26,12.59
2013-07-29,12.47
2013-07-30,12.6
2013-07-31,13.24
2013-08-01,13.575
2013-08-02,13.5
2013-08-05,14.174
2013-08-06,14.14
2013-08-07,13.81
2013-08-08,13.95
2013-08-09,13.99
2013-08-12,13.83
2013-08-13,14.97
2013-08-14,14.82
2013-08-15,14.13
2013-08-16,14.005
2013-08-19,13.8
2013-08-20,13.8
2013-08-21,13.63
2013-08-22,13.86
2013-08-23,13.86
2013-08-26,13.78
2013-08-27,13.179
2013-08-28,13.24
2013-08-29,13.57
2013-08-30,13.57
2013-09-03,14.01
2013-09-04,14.753
2013-09-05,15.17
2013-09-06,15.26
2013-09-09,15.615
2013-09-10,16.26
2013-09-11,16.49
2013-09-12,16.2
2013-09-13,16.205
2013-09-16,16.44
2013-09-17,16.84
2013-09-18,17.265
2013-09-19,17.161
2013-09-20,17.23
2013-09-23,17.05
2013-09-24,17.04
2013-09-25,16.97
2013-09-26,17.47
2013-09-27,17.62
2013-09-30,17.469
2013-10-01,17.61
2013-10-02,17.665
2013-10-03,18.015
2013-10-04,18.47
2013-10-07,18.485
2013-10-08,17.925
2013-10-09,18.15
2013-10-10,18.43
2013-10-11,16.84
2013-10-14,17.07
2013-10-15,16.92
2013-10-16,16.96
2013-10-17,17.145
2013-10-18,17.029
2013-10-21,16.565
2013-10-22,16.76
2013-10-23,16.551
2013-10-24,16.83
2013-10-25,16.58
2013-10-28,16.72
2013-10-29,17.495
2013-10-30,17.39
2013-10-31,17.68
2013-11-01,17.575
2013-11-04,17.89
2013-11-05,17.67
2013-11-06,17.5
2013-11-07,17.719
2013-11-08,18.105
2013-11-11,18.27
2013-11-12,18.63
2013-11-13,18.92
2013-11-14,19.19
2013-11-15,19.461
2013-11-18,19.29
2013-11-19,19.06
2013-11-20,18.8
2013-11-21,19.99
2013-11-22,20.19
2013-11-25,19.86
2013-11-26,20.31
2013-11-27,21.17
2013-11-29,21.1
2013-12-02,21.27
2013-12-03,21.83
2013-12-04,21.759
2013-12-05,21.65
2013-12-06,22.31
2013-12-09,23.12
2013-12-10,23.14
2013-12-11,22.5
2013-12-12,22.54
2013-12-13,23.08
2013-12-16,22.77
2013-12-17,22.92
2013-12-18,21.81
2013-12-19,21.62
2013-12-20,22.17
2013-12-23,21.49
2013-12-24,21.82
2013-12-26,21.74
2013-12-27,21.52
2013-12-30,21.3
2013-12-31,21.75
2014-01-02,21.66
2014-01-03,20.97
2014-01-06,20.67
2014-01-07,21.73
2014-01-08,23.87
2014-01-09,23.24
2014-01-10,23.71
2014-01-13,23.33
2014-01-14,23.67
2014-01-15,23.33
2014-01-16,23.13
2014-01-17,22.38
2014-01-21,23.12
2014-01-22,23.65
2014-01-23,23.64
2014-01-24,22.92
2014-01-27,22.9
2014-01-28,23.05
2014-01-29,22.71
2014-01-30,23.45
2014-01-31,23.04
2014-02-03,22.81
2014-02-04,23.0
2014-02-05,23.31
2014-02-06,24.11
2014-02-07,24.51
2014-02-10,24.87
2014-02-11,24.71
2014-02-12,24.89
2014-02-13,24.91
2014-02-14,25.08
2014-02-18,25.42
2014-02-19,25.42
2014-02-20,25.49
2014-02-21,25.08
2014-02-24,24.75
2014-02-25,24.255
2014-02-26,24.22
2014-02-27,24.19
2014-02-28,24.19
2014-03-03,24.48
2014-03-04,25.11
2014-03-05,24.83
2014-03-06,24.77
2014-03-07,24.42
2014-03-10,24.85
2014-03-11,24.67
2014-03-12,24.84
2014-03-13,24.11
2014-03-14,23.96
2014-03-17,23.93
2014-03-18,24.49
2014-03-19,23.98
2014-03-20,24.01
2014-03-21,23.66
2014-03-24,23.48
2014-03-25,23.53
2014-03-26,22.83
2014-03-27,22.24
2014-03-28,21.91
2014-03-31,23.66
2014-04-01,24.44
2014-04-02,24.35
2014-04-03,24.0
2014-04-04,22.58
2014-04-07,21.71
2014-04-08,22.21
2014-04-09,22.6
2014-04-10,21.68
2014-04-11,21.13
2014-04-14,21.9
2014-04-15,22.17
2014-04-16,22.48
2014-04-17,23.91
2014-04-21,25.32
2014-04-22,26.18
2014-04-23,26.25
2014-04-24,26.16
2014-04-25,25.26
2014-04-28,24.58
2014-04-29,25.1
2014-04-30,26.12
2014-05-01,26.25
2014-05-02,26.31
2014-05-05,26.74
2014-05-06,26.68
2014-05-07,26.415
2014-05-08,26.93
2014-05-09,26.84
2014-05-12,27.51
2014-05-13,27.63
2014-05-14,26.86
2014-05-15,25.86
2014-05-16,26.03
2014-05-19,26.94
2014-05-20,26.55
2014-05-21,26.99
2014-05-22,27.17
2014-05-23,27.33
2014-05-27,28.06
2014-05-28,28.61
2014-05-29,28.579
2014-05-30,28.59
2014-06-02,28.66
2014-06-03,28.67
2014-06-04,28.97
2014-06-05,29.04
2014-06-06,29.54
2014-06-09,29.0
2014-06-10,29.51
2014-06-11,30.99
2014-06-12,30.855
2014-06-13,31.17
2014-06-16,31.91
2014-06-17,32.25
2014-06-18,32.06
2014-06-19,31.81
2014-06-20,31.85
2014-06-23,31.26
2014-06-24,32.5
2014-06-25,32.34
2014-06-26,32.0
2014-06-27,31.51
2014-06-30,32.95
2014-07-01,33.98
2014-07-02,33.76
2014-07-03,33.73
2014-07-07,32.86
2014-07-08,33.13
2014-07-09,32.89
2014-07-10,32.77
2014-07-11,32.8
2014-07-14,33.59
2014-07-15,34.02
2014-07-16,34.64
2014-07-17,33.0501
2014-07-18,33.15
2014-07-21,33.07
2014-07-22,33.63
2014-07-23,33.68
2014-07-24,33.88
2014-07-25,33.42
2014-07-28,31.98
2014-07-29,32.13
2014-07-30,32.53
2014-07-31,30.55
2014-08-01,31.09
2014-08-04,31.69
2014-08-05,31.09
2014-08-06,30.68
2014-08-07,29.68
2014-08-08,30.04
2014-08-11,30.74
2014-08-12,30.7
2014-08-13,31.38
2014-08-14,31.04
2014-08-15,31.49
2014-08-18,32.04
2014-08-19,32.4
2014-08-20,33.3
2014-08-21,33.19
2014-08-22,33.29
2014-08-25,33.21
2014-08-26,32.88
2014-08-27,32.995
2014-08-28,32.81
2014-08-29,32.6
2014-09-02,31.51
2014-09-03,31.68
2014-09-04,32.12
2014-09-05,32.94
2014-09-08,33.135
2014-09-09,31.98
2014-09-10,32.09
2014-09-11,32.04
2014-09-12,31.525
2014-09-15,30.02
2014-09-16,31.45
2014-09-17,31.98
2014-09-18,32.48
2014-09-19,31.63
2014-09-22,30.6
2014-09-23,31.2
2014-09-24,32.22
2014-09-25,31.7
2014-09-26,33.83
2014-09-29,34.5
2014-09-30,34.26
2014-10-01,33.5
2014-10-02,33.81
2014-10-03,33.94
2014-10-06,32.57
2014-10-07,31.865
2014-10-08,32.32
2014-10-09,30.64
2014-10-10,27.79
2014-10-13,27.03
2014-10-14,27.39
2014-10-15,27.54
2014-10-16,28.3
2014-10-17,28.765
2014-10-20,29.69
2014-10-21,31.19
2014-10-22,30.57
2014-10-23,30.89
2014-10-24,31.06
2014-10-27,32.3
2014-10-28,32.61
2014-10-29,32.28
2014-10-30,31.82
2014-10-31,33.09
2014-11-03,33.51
2014-11-04,33.37
2014-11-05,33.71
2014-11-06,33.35
2014-11-07,33.01
2014-11-10,33.09
2014-11-11,33.2
2014-11-12,32.91
2014-11-13,32.94
2014-11-14,32.62
2014-11-17,32.29
2014-11-18,32.87
2014-11-19,32.96
2014-11-20,33.21
2014-11-21,34.3
2014-11-24,34.73
2014-11-25,34.8
2014-11-26,35.62
2014-11-28,35.95
2014-12-01,34.99
2014-12-02,35.605
2014-12-03,36.1
2014-12-04,36.07
2014-12-05,36.49
2014-12-08,36.02
2014-12-09,35.655
2014-12-10,34.86
2014-12-11,35.19
2014-12-12,34.0
2014-12-15,33.355
2014-12-16,32.915
2014-12-17,33.83
2014-12-18,34.45
2014-12-19,34.49
2014-12-22,34.635
2014-12-23,34.97
2014-12-24,34.91
2014-12-26,35.0
2014-12-29,35.53
2014-12-30,35.4
2014-12-31,35.01
2015-01-02,34.75
2015-01-05,33.775
2015-01-06,32.87
2015-01-07,32.1
2015-01-08,33.67
2015-01-09,33.525
2015-01-12,31.66
2015-01-13,30.835
2015-01-14,30.05
2015-01-15,29.3
2015-01-16,28.99
2015-01-20,29.67
2015-01-21,30.49
2015-01-22,30.89
2015-01-23,30.95
2015-01-26,31.02
2015-01-27,29.65
2015-01-28,29.095
2015-01-29,29.71
2015-01-30,29.265
2015-02-02,28.435
2015-02-03,28.945
2015-02-04,29.03
2015-02-05,29.49
2015-02-06,28.91
2015-02-09,28.35
2015-02-10,31.09
2015-02-11,31.02
2015-02-12,31.94
2015-02-13,31.85
2015-02-17,32.33
2015-02-18,32.17
2015-02-19,31.81
2015-02-20,32.03
2015-02-23,31.4
2015-02-24,30.77
2015-02-25,30.48
2015-02-26,30.62
2015-02-27,30.67
2015-03-02,31.24
2015-03-03,29.66
2015-03-04,29.265
2015-03-05,29.28
2015-03-06,28.5
2015-03-09,28.66
2015-03-10,27.61
2015-03-11,27.88
2015-03-12,28.02
2015-03-13,28.715
2015-03-16,28.505
2015-03-17,27.66
2015-03-18,28.16
2015-03-19,28.05
2015-03-20,28.68
2015-03-23,28.02
2015-03-24,27.96
2015-03-25,26.57
2015-03-26,26.66
2015-03-27,26.675
2015-03-30,26.68
2015-03-31,27.13
2015-04-01,27.13
2015-04-02,26.725
2015-04-06,27.43
2015-04-07,26.87
2015-04-08,27.13
2015-04-09,27.815
2015-04-10,28.02
2015-04-13,27.88
2015-04-14,27.72
2015-04-15,28.17
2015-04-16,28.01
2015-04-17,28.02
2015-04-20,28.26
2015-04-21,28.55
2015-04-22,29.495
2015-04-23,29.515
2015-04-24,29.2
2015-04-27,29.265
2015-04-28,28.99
2015-04-29,28.87
2015-04-30,28.13
2015-05-01,28.99
2015-05-04,28.67
2015-05-05,28.04
2015-05-06,27.99
2015-05-07,27.27
2015-05-08,27.18
2015-05-11,27.75
2015-05-12,26.87
2015-05-13,27.19
2015-05-14,26.69
2015-05-15,26.33
2015-05-18,26.76
2015-05-19,26.31
2015-05-20,26.59
2015-05-21,26.9
2015-05-22,27.33
2015-05-26,27.32
2015-05-27,28.13
2015-05-28,28.28
2015-05-29,27.93
2015-06-01,28.42
2015-06-02,27.79
2015-06-03,27.08
2015-06-04,26.985
2015-06-05,26.59
2015-06-08,25.92
2015-06-09,25.19
2015-06-10,25.19
2015-06-11,25.02
2015-06-12,25.13
2015-06-15,24.24
2015-06-16,24.24
2015-06-17,24.48
2015-06-18,24.465
2015-06-19,24.47
2015-06-22,24.63
2015-06-23,24.49
2015-06-24,24.06
2015-06-25,24.02
2015-06-26,19.66
2015-06-29,18.73
2015-06-30,18.84
2015-07-01,18.78
2015-07-02,19.07
2015-07-06,18.32
2015-07-07,18.2
2015-07-08,17.63
2015-07-09,17.15
2015-07-10,17.57
2015-07-13,17.61
2015-07-14,19.61
2015-07-15,18.89
2015-07-16,19.61
2015-07-17,20.12
2015-07-20,18.89
2015-07-21,18.88
2015-07-22,18.0
2015-07-23,18.7
2015-07-24,18.34
2015-07-27,18.12
2015-07-28,19.75
2015-07-29,19.87
2015-07-30,19.9
2015-07-31,18.51
2015-08-03,19.0
2015-08-04,19.01
2015-08-05,18.91
2015-08-06,18.72
2015-08-07,18.44
2015-08-10,18.82
2015-08-11,17.88
2015-08-12,18.19
2015-08-13,17.7
2015-08-14,16.95
2015-08-17,17.22
2015-08-18,16.38
2015-08-19,15.9
2015-08-20,14.74
2015-08-21,14.53
2015-08-24,14.44
2015-08-25,14.27
2015-08-26,14.42
2015-08-27,15.67
2015-08-28,15.96
2015-08-31,16.41
2015-09-01,15.82
2015-09-02,16.29
2015-09-03,16.59
2015-09-04,16.82
2015-09-08,17.53
2015-09-09,16.96
2015-09-10,17.2
2015-09-11,16.8
2015-09-14,16.7
2015-09-15,16.52
2015-09-16,16.68
2015-09-17,16.41
2015-09-18,15.5
2015-09-21,15.75
2015-09-22,15.41
2015-09-23,14.81
2015-09-24,15.34
2015-09-25,14.91
2015-09-28,14.06
2015-09-29,14.38
2015-09-30,14.98
2015-10-01,14.77
2015-10-02,15.91
2015-10-05,17.57
2015-10-06,18.22
2015-10-07,18.62
2015-10-08,18.72
2015-10-09,18.16
2015-10-12,18.03
2015-10-13,18.18
2015-10-14,18.82
2015-10-15,18.66
2015-10-16,18.5
2015-10-19,19.16
2015-10-20,17.09
2015-10-21,16.43
2015-10-22,16.72
2015-10-23,17.24
2015-10-26,16.58
2015-10-27,16.68
2015-10-28,16.92
2015-10-29,16.21
2015-10-30,16.56
2015-11-02,17.09
2015-11-03,17.835
2015-11-04,17.44
2015-11-05,16.51
2015-11-06,16.45
2015-11-09,15.84
2015-11-10,15.545
2015-11-11,15.5
2015-11-12,15.35
2015-11-13,15.0
2015-11-16,14.89
2015-11-17,15.28
2015-11-18,15.61
2015-11-19,15.87
2015-11-20,15.43
2015-11-23,15.32
2015-11-24,15.63
2015-11-25,15.58
2015-11-27,15.56
2015-11-30,15.93
2015-12-01,16.55
2015-12-02,15.82
2015-12-03,15.61
2015-12-04,15.5
2015-12-07,14.85
2015-12-08,14.6
2015-12-09,14.32
2015-12-10,14.66
2015-12-11,14.04
2015-12-14,13.66
2015-12-15,14.18
2015-12-16,14.07
2015-12-17,14.32
2015-12-18,14.36
2015-12-21,14.77
2015-12-22,14.61
2015-12-23,14.3
2015-12-24,14.48
2015-12-28,14.19
2015-12-29,14.34
2015-12-30,14.16
2015-12-31,14.16
2016-01-04,14.33
2016-01-05,14.82
2016-01-06,14.22
2016-01-07,13.66
2016-01-08,13.33
2016-01-11,12.53
2016-01-12,12.72
2016-01-13,12.06
2016-01-14,12.02
2016-01-15,11.08
2016-01-19,10.8
2016-01-20,10.05
2016-01-21,10.85
2016-01-22,11.07
2016-01-25,10.48
2016-01-26,10.55
2016-01-27,10.39
2016-01-28,9.885
2016-01-29,11.03
2016-02-01,10.96
2016-02-02,10.59
2016-02-03,10.76
2016-02-04,11.23
2016-02-05,11.0
2016-02-08,10.17
2016-02-09,9.98
2016-02-10,9.9
2016-02-11,9.69
2016-02-12,10.02
2016-02-16,10.81
2016-02-17,11.43
2016-02-18,11.49
2016-02-19,11.16
2016-02-22,11.05
2016-02-23,10.49
2016-02-24,10.64
2016-02-25,10.72
2016-02-26,10.7
2016-02-29,10.63
2016-03-01,11.07
2016-03-02,11.68
2016-03-03,11.79
2016-03-04,11.88
2016-03-07,11.58
2016-03-08,10.66
2016-03-09,10.81
2016-03-10,10.88
2016-03-11,11.39
2016-03-14,11.15
2016-03-15,10.85
2016-03-16,10.72
2016-03-17,10.87
2016-03-18,11.14
2016-03-21,11.53
2016-03-22,11.44
2016-03-23,10.65
2016-03-24,10.5
2016-03-28,10.38
2016-03-29,10.45
2016-03-30,10.48
2016-03-31,10.47
2016-04-01,11.03
2016-04-04,10.8
2016-04-05,10.4
2016-04-06,10.47
2016-04-07,10.51
2016-04-08,10.72
2016-04-11,10.45
2016-04-12,10.17
2016-04-13,10.88
2016-04-14,10.4
2016-04-15,10.69
2016-04-18,10.89
2016-04-19,10.72
2016-04-20,10.75
2016-04-21,10.65
2016-04-22,10.66
2016-04-25,10.55
2016-04-26,11.51
2016-04-27,11.56
2016-04-28,11.62
2016-04-29,10.75
2016-05-02,10.62
2016-05-03,10.36
2016-05-04,10.0
2016-05-05,10.06
2016-05-06,9.99
2016-05-09,9.87
2016-05-10,10.09
2016-05-11,10.1
2016-05-12,9.63
2016-05-13,9.56
2016-05-16,9.68
2016-05-17,9.67
2016-05-18,10.05
2016-05-19,10.07
2016-05-20,10.8
2016-05-23,11.14
2016-05-24,11.49
2016-05-25,11.6
2016-05-26,11.95
2016-05-27,12.31
2016-05-31,12.72
2016-06-01,13.09
2016-06-02,13.11
2016-06-03,12.86
2016-06-06,12.77
2016-06-07,13.0
2016-06-08,12.58
2016-06-09,12.51
2016-06-10,12.14
2016-06-13,12.05
2016-06-14,11.92
2016-06-15,12.02
2016-06-16,11.95
2016-06-17,12.2
2016-06-20,12.32
2016-06-21,12.75
2016-06-22,12.72
2016-06-23,14.05
2016-06-24,13.21
2016-06-27,12.23
2016-06-28,12.99
2016-06-29,13.19
2016-06-30,13.76
2016-07-01,12.5
2016-07-05,11.91
2016-07-06,11.73
2016-07-07,12.2
2016-07-08,12.62
2016-07-11,12.64
2016-07-12,13.23
2016-07-13,13.29
2016-07-14,13.29
2016-07-15,13.13
2016-07-18,13.34
2016-07-19,13.22
2016-07-20,13.59
2016-07-21,13.18
2016-07-22,13.13
2016-07-25,13.92
2016-07-26,14.67
2016-07-27,14.19
2016-07-28,13.81
2016-07-29,13.74
2016-08-01,13.56
2016-08-02,13.4
2016-08-03,13.51
2016-08-04,14.03
2016-08-05,14.52
2016-08-08,14.42
2016-08-09,14.48
2016-08-10,14.2
2016-08-11,14.43
2016-08-12,14.93
2016-08-15,15.53
2016-08-16,15.49
2016-08-17,15.52
2016-08-18,15.77
2016-08-19,16.25
2016-08-22,16.19
2016-08-23,16.18
2016-08-24,15.51
2016-08-25,16.2
2016-08-26,16.51
2016-08-29,16.91
2016-08-30,16.74
2016-08-31,16.49
2016-09-01,16.64
2016-09-02,16.7
2016-09-06,17.01
2016-09-07,17.16
2016-09-08,17.45
2016-09-09,16.81
2016-09-12,17.15
2016-09-13,16.75
2016-09-14,16.93
2016-09-15,17.45
2016-09-16,17.48
2016-09-19,16.95
2016-09-20,16.92
2016-09-21,17.66
2016-09-22,17.59
2016-09-23,17.48
2016-09-26,17.36
2016-09-27,18.0
2016-09-28,17.44
2016-09-29,17.54
2016-09-30,17.78
2016-10-03,17.73
2016-10-04,17.8
2016-10-05,17.7
2016-10-06,17.73
2016-10-07,17.61
2016-10-10,17.5
2016-10-11,16.86
2016-10-12,16.78
2016-10-13,16.85
2016-10-14,17.13
2016-10-17,16.99
2016-10-18,17.41
2016-10-19,17.215
2016-10-20,17.205
2016-10-21,16.94
2016-10-24,17.06
2016-10-25,17.54
2016-10-26,17.64
2016-10-27,17.53
2016-10-28,17.2
2016-10-31,17.16
2016-11-01,16.98
2016-11-02,16.68
2016-11-03,16.62
2016-11-04,16.68
2016-11-07,17.375
2016-11-08,17.41
2016-11-09,17.2
2016-11-10,16.99
2016-11-11,17.67
2016-11-14,17.71
2016-11-15,18.1
2016-11-16,18.24
2016-11-17,19.18
2016-11-18,19.21
2016-11-21,19.49
2016-11-22,19.74
2016-11-23,19.91
2016-11-25,20.13
2016-11-28,19.99
2016-11-29,19.42
2016-11-30,19.53
2016-12-01,18.48
2016-12-02,18.79
2016-12-05,18.61
2016-12-06,19.06
2016-12-07,20.44
2016-12-08,20.66
2016-12-09,20.5
2016-12-12,20.02
2016-12-13,20.13
2016-12-14,20.02
2016-12-15,20.29
2016-12-16,20.27
2016-12-19,20.35
2016-12-20,20.65
2016-12-21,20.58
2016-12-22,23.19
2016-12-23,23.26
2016-12-27,23.3
2016-12-28,22.78
2016-12-29,22.27
2016-12-30,21.92
2017-01-03,22.55
2017-01-04,22.36
2017-01-05,22.11
2017-01-06,22.04
2017-01-09,22.34
2017-01-10,22.48
2017-01-11,22.79
2017-01-12,22.31
2017-01-13,22.18
2017-01-17,21.74
2017-01-18,22.32
2017-01-19,21.71
2017-01-20,21.96
2017-01-23,21.89
2017-01-24,22.85
2017-01-25,23.56
2017-01-26,23.52
2017-01-27,23.97
2017-01-30,24.18
2017-01-31,24.11
2017-02-01,24.75
2017-02-02,24.79
2017-02-03,24.6
2017-02-06,24.34
2017-02-07,24.6
2017-02-08,24.21
2017-02-09,24.45
2017-02-10,24.05
2017-02-13,23.9
2017-02-14,23.12
2017-02-15,23.02
2017-02-16,22.98
2017-02-17,23.35
2017-02-21,23.77
2017-02-22,23.75
2017-02-23,23.48
2017-02-24,23.24
2017-02-27,23.76
2017-02-28,23.44
2017-03-01,24.55
2017-03-02,24.7
2017-03-03,25.57
2017-03-06,25.71
2017-03-07,25.64
2017-03-08,25.38
2017-03-09,25.15
2017-03-10,25.18
2017-03-13,25.7
2017-03-14,25.58
2017-03-15,26.12
2017-03-16,26.04
2017-03-17,25.8
2017-03-20,26.21
2017-03-21,25.52
2017-03-22,26.06
2017-03-23,26.47
2017-03-24,28.43
2017-03-27,28.76
2017-03-28,28.69
2017-03-29,28.5
2017-03-30,28.97
2017-03-31,28.9
2017-04-03,28.64
2017-04-04,28.59
2017-04-05,28.26
2017-04-06,28.62
2017-04-07,28.52
2017-04-10,27.64
2017-04-11,27.18
2017-04-12,26.69
2017-04-13,26.74
2017-04-17,27.13
2017-04-18,27.14
2017-04-19,27.26
2017-04-20,27.96
2017-04-21,27.32
2017-04-24,26.57
2017-04-25,26.99
2017-04-26,26.79
2017-04-27,27.63
2017-04-28,27.67
2017-05-01,28.29
2017-05-02,27.77
2017-05-03,28.0
2017-05-04,27.79
2017-05-05,28.2
2017-05-08,28.06
2017-05-09,28.81
2017-05-10,29.32
2017-05-11,29.03
2017-05-12,28.93
2017-05-15,28.83
2017-05-16,29.02
2017-05-17,27.0
2017-05-18,27.48
2017-05-19,27.82
2017-05-22,28.06
2017-05-23,28.29
2017-05-24,28.99
2017-05-25,29.43
2017-05-26,29.76
2017-05-30,30.7
2017-05-31,30.77
2017-06-01,30.76
2017-06-02,31.21
2017-06-05,31.21
2017-06-06,31.57
2017-06-07,32.5
2017-06-08,32.45
2017-06-09,30.6
2017-06-12,31.2
2017-06-13,31.54
2017-06-14,31.06
2017-06-15,30.56
2017-06-16,29.86
2017-06-19,31.2
2017-06-20,30.83
2017-06-21,32.01
2017-06-22,31.89
2017-06-23,31.73
2017-06-26,32.5
2017-06-27,31.66
2017-06-28,32.24
2017-06-29,31.47
2017-06-30,29.86
2017-07-03,29.14
2017-07-05,30.51
2017-07-06,30.1
2017-07-07,30.2
2017-07-10,30.5
2017-07-11,31.37
2017-07-12,31.45
2017-07-13,31.13
2017-07-14,31.79
2017-07-17,31.72
2017-07-18,31.9
2017-07-19,31.82
2017-07-20,32.0
2017-07-21,32.01
2017-07-24,31.67
2017-07-25,29.9
2017-07-26,29.81
2017-07-27,30.24
2017-07-28,29.28
2017-07-31,28.12
2017-08-01,28.34
2017-08-02,28.63
2017-08-03,27.83
2017-08-04,27.92
2017-08-07,28.59
2017-08-08,28.84
2017-08-09,28.58
2017-08-10,27.49
2017-08-11,28.01
2017-08-14,29.24
2017-08-15,29.68
2017-08-16,30.69
2017-08-17,29.62
2017-08-18,30.38
2017-08-21,29.56
2017-08-22,30.45
2017-08-23,30.45
2017-08-24,30.22
2017-08-25,30.29
2017-08-28,31.08
2017-08-29,31.48
2017-08-30,31.61
2017-08-31,31.97
2017-09-01,32.6
2017-09-05,32.07
2017-09-06,32.25
2017-09-07,32.79
2017-09-08,32.45
2017-09-11,33.44
2017-09-12,34.29
2017-09-13,34.59
2017-09-14,34.58
2017-09-15,34.65
2017-09-18,35.43
2017-09-19,35.95
2017-09-20,35.97
2017-09-21,35.91
2017-09-22,36.07
2017-09-25,34.87
2017-09-26,34.18
2017-09-27,37.09
2017-09-28,37.96
2017-09-29,39.33
2017-10-02,40.01
2017-10-03,40.37
2017-10-04,39.56
2017-10-05,39.37
2017-10-06,39.67
2017-10-09,40.96
2017-10-10,41.98
2017-10-11,41.61
2017-10-12,40.58
2017-10-13,40.4
2017-10-16,41.49
2017-10-17,40.39
2017-10-18,41.65
2017-10-19,41.31
2017-10-20,41.5
2017-10-23,41.56
2017-10-24,41.6
2017-10-25,41.06
2017-10-26,40.6
2017-10-27,40.85
2017-10-30,41.65
2017-10-31,44.31
2017-11-01,44.38
2017-11-02,44.34
2017-11-03,43.71
2017-11-06,43.25
2017-11-07,43.95
2017-11-08,44.09
2017-11-09,43.5
2017-11-10,44.78
2017-11-13,45.6
2017-11-14,45.8
2017-11-15,45.36
2017-11-16,46.18
2017-11-17,46.16
2017-11-20,47.64
2017-11-21,49.4
2017-11-22,49.14
2017-11-24,49.68
2017-11-27,48.05
2017-11-28,47.93
2017-11-29,43.74
2017-11-30,42.39
2017-12-01,41.99
2017-12-04,39.9
2017-12-05,41.21
2017-12-06,41.58
2017-12-07,43.2
2017-12-08,43.21
2017-12-11,43.01
2017-12-12,41.86
2017-12-13,42.05
2017-12-14,42.24
2017-12-15,42.4
2017-12-18,43.71
2017-12-19,43.98
2017-12-20,45.75
2017-12-21,44.42
2017-12-22,44.12
2017-12-26,42.25
2017-12-27,42.48
2017-12-28,41.81
2017-12-29,41.12
2018-01-02,43.67
2018-01-03,44.98
2018-01-04,46.88
2018-01-05,45.8
2018-01-08,45.55
2018-01-09,42.97
2018-01-10,43.31
2018-01-11,42.82
2018-01-12,42.81
2018-01-16,42.92
2018-01-17,44.26
2018-01-18,43.99
2018-01-19,42.75
2018-01-22,42.88
2018-01-23,43.95
2018-01-24,43.08
2018-01-25,43.01
2018-01-26,43.67
2018-01-29,43.29
2018-01-30,41.67
2018-01-31,43.72
2018-02-01,42.49
2018-02-02,40.82
2018-02-05,39.4
2018-02-06,43.88
2018-02-07,42.01
2018-02-08,40.0
2018-02-09,40.41
2018-02-12,42.19
2018-02-13,42.63
2018-02-14,43.45
2018-02-15,43.5
2018-02-16,44.21
2018-02-20,44.9
2018-02-21,44.54
2018-02-22,44.25
2018-02-23,46.53
2018-02-26,47.98
2018-02-27,48.58
2018-02-28,48.81
2018-03-01,47.62
2018-03-02,49.11
2018-03-05,52.03
2018-03-06,53.74
2018-03-07,53.97
2018-03-08,55.22
2018-03-09,54.59
2018-03-12,59.37
2018-03-13,59.43
2018-03-14,59.78
2018-03-15,58.84
2018-03-16,60.58
2018-03-19,60.14
2018-03-20,61.15
2018-03-21,61.07
2018-03-22,58.92
2018-03-23,54.21
2018-03-26,55.56
2018-03-27,52.4
2018-03-28,51.49
2018-03-29,52.14
2018-04-02,50.06
2018-04-03,51.55
2018-04-04,53.39
2018-04-05,49.84
2018-04-06,48.46
2018-04-09,47.96
2018-04-10,50.48
2018-04-11,50.48
2018-04-12,52.59
2018-04-13,52.23
2018-04-16,51.65
2018-04-17,52.26
2018-04-18,54.01
2018-04-19,51.42
2018-04-20,50.62
2018-04-23,49.02
2018-04-24,47.11
2018-04-25,47.6
2018-04-26,50.14
2018-04-27,47.52
2018-04-30,45.98
2018-05-01,46.79
2018-05-02,45.89
2018-05-03,46.62
2018-05-04,47.58
2018-05-07,48.48
2018-05-08,48.57
2018-05-09,51.01
2018-05-10,52.66
2018-05-11,51.82
2018-05-14,53.0
2018-05-15,54.01
2018-05-16,56.5
2018-05-17,54.7
2018-05-18,53.39
2018-05-21,55.48
2018-05-22,59.03
2018-05-23,59.97
2018-05-24,61.49
2018-05-25,61.35
2018-05-29,62.62
2018-05-30,62.57
2018-05-31,57.59
2018-06-01,58.74
2018-06-04,59.1
2018-06-05,59.41
2018-06-06,59.42
2018-06-07,59.63
2018-06-08,61.39
2018-06-11,61.39
2018-06-12,60.55
2018-06-13,60.05
2018-06-14,59.18
2018-06-15,58.23
2018-06-18,58.45
2018-06-19,59.25
2018-06-20,58.95
2018-06-21,59.44
2018-06-22,57.1
2018-06-25,53.16
2018-06-26,54.59
2018-06-27,52.26
2018-06-28,53.14
2018-06-29,52.44
2018-07-02,54.48
2018-07-03,51.48
2018-07-05,52.84
2018-07-06,53.23
2018-07-09,54.31
2018-07-10,55.74
2018-07-11,54.18
2018-07-12,55.45
2018-07-13,56.35
2018-07-16,56.15
2018-07-17,56.96
2018-07-18,57.45
2018-07-19,56.22
2018-07-20,55.02
2018-07-23,54.29
2018-07-24,53.17
2018-07-25,53.39
2018-07-26,53.76
2018-07-27,53.96
2018-07-30,53.01
2018-07-31,52.79
2018-08-01,52.29
2018-08-02,53.4
2018-08-03,52.81
2018-08-06,52.67
2018-08-07,53.04
2018-08-08,53.39
2018-08-09,52.26
2018-08-10,51.37
2018-08-13,51.34
2018-08-14,50.62
2018-08-15,47.49
2018-08-16,47.1
2018-08-17,47.11
2018-08-20,48.07
2018-08-21,49.94
2018-08-22,50.24
2018-08-23,49.7
2018-08-24,50.7
2018-08-27,52.07
2018-08-28,52.34
2018-08-29,51.83
2018-08-30,52.76
2018-08-31,52.52
2018-09-04,51.93
2018-09-05,49.54
2018-09-06,44.65
2018-09-07,44.86
2018-09-10,44.9
2018-09-11,43.6
2018-09-12,41.74
2018-09-13,43.62
2018-09-14,44.3
2018-09-17,43.58
2018-09-18,45.33
2018-09-19,45.06
2018-09-20,46.06
2018-09-21,44.74
2018-09-24,45.16
2018-09-25,44.64
2018-09-26,44.35
2018-09-27,44.99
2018-09-28,45.23
2018-10-01,45.15
2018-10-02,45.76
2018-10-03,45.15
2018-10-04,44.16
2018-10-05,43.58
2018-10-08,43.07
2018-10-09,42.27
2018-10-10,41.61
2018-10-11,41.97
2018-10-12,42.47
2018-10-15,42.34
2018-10-16,43.21
2018-10-17,42.35
2018-10-18,41.3
2018-10-19,40.45
2018-10-22,39.76
2018-10-23,38.68
2018-10-24,35.43
2018-10-25,36.78
2018-10-26,35.4
2018-10-29,34.66
2018-10-30,36.01
2018-10-31,37.72
2018-11-01,40.12
2018-11-02,40.32
2018-11-05,39.92
2018-11-06,39.8
2018-11-07,40.93
2018-11-08,40.44
2018-11-09,39.11
2018-11-12,37.44
2018-11-13,37.85
2018-11-14,38.03
2018-11-15,39.91
2018-11-16,39.44
2018-11-19,36.83
2018-11-20,36.12
2018-11-21,36.38
2018-11-23,36.4
2018-11-26,36.57
2018-11-27,37.0
2018-11-28,38.71
2018-11-29,37.91
2018-11-30,38.56
2018-12-03,40.03
2018-12-04,36.88
2018-12-06,37.67
2018-12-07,35.31
2018-12-10,34.8
2018-12-11,35.21
2018-12-12,36.03
2018-12-13,35.02
2018-12-14,34.2
2018-12-17,33.88
2018-12-18,34.11
2018-12-19,31.41
2018-12-20,31.28
2018-12-21,30.32
2018-12-24,29.02
2018-12-26,30.89
2018-12-27,31.93
2018-12-28,31.57
2018-12-31,31.73
2019-01-02,32.75
2019-01-03,31.0
2019-01-04,32.7
2019-01-07,34.0
2019-01-08,33.74
2019-01-09,35.44
2019-01-10,35.91
2019-01-11,36.01
2019-01-14,34.67
2019-01-15,33.99
2019-01-16,33.58
2019-01-17,33.88
2019-01-18,35.76
2019-01-22,33.87
2019-01-23,34.24
2019-01-24,36.59
2019-01-25,38.96
2019-01-28,38.08
2019-01-29,37.39
2019-01-30,38.24
2019-01-31,38.22
2019-02-01,39.6
2019-02-04,39.47
2019-02-05,39.37
2019-02-06,41.52
2019-02-07,39.38
2019-02-08,38.58
2019-02-11,38.58
2019-02-12,40.4
2019-02-13,41.68
2019-02-14,42.23
2019-02-15,41.99
2019-02-19,41.96
2019-02-20,42.21
2019-02-21,41.53
2019-02-22,42.57
2019-02-25,42.75
2019-02-26,42.96
2019-02-27,41.32
2019-02-28,40.88
2019-03-01,41.58
2019-03-04,41.06
2019-03-05,39.99
2019-03-06,37.93
2019-03-07,37.83
2019-03-08,38.65
2019-03-11,39.03
2019-03-12,39.25
2019-03-13,38.83
2019-03-14,38.41
2019-03-15,39.54
2019-03-18,39.61
2019-03-19,40.37
2019-03-20,40.13
2019-03-21,43.99
2019-03-22,41.62
2019-03-25,40.55
2019-03-26,40.32
2019-03-27,39.23
2019-03-28,39.34
2019-03-29,41.33
2019-04-01,42.25
2019-04-02,42.44
2019-04-03,43.9
2019-04-04,42.89
2019-04-05,43.32
2019-04-08,42.9
2019-04-09,41.72
2019-04-10,42.17
2019-04-11,42.28
2019-04-12,42.01
2019-04-15,41.82
2019-04-16,42.76
2019-04-17,43.15
2019-04-18,43.4
2019-04-22,43.4
2019-04-23,42.77
2019-04-24,43.03
2019-04-25,42.75
2019-04-26,42.1
2019-04-29,42.11
2019-04-30,42.06
2019-05-01,41.9
2019-05-02,42.56
2019-05-03,43.33
2019-05-06,42.13
2019-05-07,40.26
2019-05-08,39.75
2019-05-09,39.27
2019-05-10,38.94
2019-05-13,37.38
2019-05-14,38.51
2019-05-15,38.41
2019-05-16,37.31
2019-05-17,36.06
2019-05-20,34.62
2019-05-21,35.64
2019-05-22,34.73
2019-05-23,33.82
2019-05-24,34.0
2019-05-28,32.94
2019-05-29,33.29
2019-05-30,33.32
2019-05-31,32.61
2019-06-03,32.69
2019-06-04,34.49
2019-06-05,33.34
2019-06-06,33.47
2019-06-07,33.99
2019-06-10,34.94
2019-06-11,34.84
2019-06-12,32.96
2019-06-13,33.38
2019-06-14,32.66
2019-06-17,32.43
2019-06-18,34.29
2019-06-19,33.94
2019-06-20,34.15
2019-06-21,33.25
2019-06-24,33.19
2019-06-25,32.68
2019-06-26,37.04
2019-06-27,38.07
2019-06-28,38.59
2019-07-01,40.11
2019-07-02,39.6
2019-07-03,39.59
2019-07-05,39.42
2019-07-08,40.41
2019-07-09,41.35
2019-07-10,42.9
2019-07-11,43.48
2019-07-12,44.51
2019-07-15,44.4
2019-07-16,43.06
2019-07-17,43.37
2019-07-18,44.67
2019-07-19,45.52
2019-07-22,47.19
2019-07-23,46.95
2019-07-24,47.99
2019-07-25,47.77
2019-07-26,47.49
2019-07-29,46.82
2019-07-30,47.46
2019-07-31,44.89
2019-08-01,43.6
2019-08-02,44.08
2019-08-05,41.94
2019-08-06,42.62
2019-08-07,41.75
2019-08-08,42.63
2019-08-09,41.52
2019-08-12,42.13
2019-08-13,44.17
2019-08-14,42.04
2019-08-15,42.24
2019-08-16,43.55
2019-08-19,45.01
2019-08-20,44.23
2019-08-21,44.17
2019-08-22,44.78
2019-08-23,42.96
2019-08-26,43.43
2019-08-27,42.44
2019-08-28,43.15
2019-08-29,44.67
2019-08-30,45.27
2019-09-03,44.99
2019-09-04,46.81
2019-09-05,49.03
2019-09-06,48.97
2019-09-09,49.13
2019-09-10,49.39
2019-09-11,50.48
2019-09-12,50.44
2019-09-13,50.5
2019-09-16,50.15
2019-09-17,50.84
2019-09-18,50.48
2019-09-19,49.82
2019-09-20,49.16
2019-09-23,49.6
2019-09-24,48.51
2019-09-25,49.47
2019-09-26,48.6
2019-09-27,43.21
2019-09-30,42.85
2019-10-01,42.3
2019-10-02,41.98
2019-10-03,43.46
2019-10-04,44.55
2019-10-07,44.16
2019-10-08,42.635
2019-10-09,42.875
2019-10-10,43.28
2019-10-11,45.1
2019-10-14,44.86
2019-10-15,46.455
2019-10-16,45.16
2019-10-17,45.5
2019-10-18,43.47
2019-10-21,45.22
2019-10-22,44.66
2019-10-23,44.66
2019-10-24,47.1
2019-10-25,48.03
2019-10-28,48.69
2019-10-29,48.11
2019-10-30,47.88
2019-10-31,47.55
2019-11-01,48.38
2019-11-04,49.59
2019-11-05,48.68
2019-11-06,47.68
2019-11-07,48.4
2019-11-08,47.19
2019-11-11,46.26
2019-11-12,46.9
2019-11-13,46.3
2019-11-14,46.8
2019-11-15,47.71
2019-11-18,47.82
2019-11-19,46.58
2019-11-20,45.57
2019-11-21,45.55
2019-11-22,45.87
2019-11-25,47.52
2019-11-26,46.715
2019-11-27,48.16
2019-11-29,47.51
2019-12-02,46.39
2019-12-03,45.23
2019-12-04,46.3
2019-12-05,46.62
2019-12-06,47.93
2019-12-09,46.45
2019-12-10,47.46
2019-12-11,48.905
