Date,Close,Volume,Open,High,Low
12/17/2014,17.88,11527190.00,17.59,17.93,17.53
12/18/2014,18.42,12415970.00,18.08,18.43,18.02
12/19/2014,18.46,18558860.00,18.40,18.62,18.35
12/22/2014,18.41,10806910.00,18.49,18.69,18.28
12/23/2014,18.67,9664837.00,18.47,18.78,18.47
12/24/2014,18.75,5536189.00,18.72,18.89,18.71
12/26/2014,18.83,4895414.00,18.75,18.94,18.73
12/29/2014,18.83,7398786.00,18.77,18.92,18.69
12/30/2014,18.83,5759468.00,18.77,18.90,18.76
12/31/2014,18.56,7188422.00,18.85,18.88,18.55
1/2/2015,18.61,9811275.00,18.53,18.72,18.31
1/5/2015,18.30,10832950.00,18.41,18.54,18.16
1/6/2015,18.16,11969030.00,18.44,18.60,18.00
1/7/2015,18.38,10492420.00,18.29,18.39,18.15
1/8/2015,18.82,9811287.00,18.56,18.91,18.54
1/9/2015,18.81,9704411.00,18.89,19.01,18.60
1/12/2015,18.46,8935213.00,18.82,18.87,18.40
1/13/2015,18.41,11539070.00,18.48,18.81,18.25
1/14/2015,18.25,10369050.00,18.27,18.28,17.94
1/15/2015,17.66,13765010.00,18.25,18.33,17.66
1/16/2015,17.73,12977360.00,17.52,17.83,17.38
1/20/2015,17.86,10240230.00,17.78,17.99,17.63
1/21/2015,17.84,8391480.00,17.77,18.03,17.72
1/22/2015,18.53,11645520.00,18.00,18.54,17.84
1/23/2015,18.54,7120921.00,18.48,18.62,18.39
1/26/2015,17.96,11258740.00,18.38,18.38,17.89
1/27/2015,17.28,17200110.00,17.33,17.51,16.98
1/28/2015,17.19,10644330.00,17.50,17.63,17.16
1/29/2015,17.46,10151770.00,17.25,17.53,17.00
1/30/2015,16.71,17463510.00,17.31,17.34,16.68
2/2/2015,16.87,15450340.00,16.77,16.91,16.39
2/3/2015,17.47,14595660.00,16.98,17.48,16.98
2/4/2015,17.53,10479720.00,17.40,17.71,17.40
2/5/2015,17.55,6303943.00,17.56,17.66,17.48
2/6/2015,17.55,8370573.00,17.55,17.88,17.50
2/9/2015,17.41,7958926.00,17.50,17.50,17.26
2/10/2015,17.53,7781449.00,17.53,17.72,17.42
2/11/2015,17.66,7953389.00,17.53,17.78,17.52
2/12/2015,17.75,9184265.00,17.78,17.97,17.68
2/13/2015,17.84,6630425.00,17.71,17.84,17.64
2/17/2015,17.82,7569925.00,17.83,17.97,17.72
2/18/2015,17.65,8246267.00,17.84,17.84,17.53
2/19/2015,17.75,5732249.00,17.65,17.76,17.50
2/20/2015,17.76,7518526.00,17.73,17.80,17.50
2/23/2015,17.66,9947485.00,17.80,17.81,17.54
2/24/2015,17.80,15849370.00,17.69,17.90,17.58
2/25/2015,16.04,62841570.00,16.36,16.51,15.92
2/26/2015,15.73,32501750.00,15.96,16.03,15.58
2/27/2015,16.11,29499580.00,15.72,16.18,15.69
3/2/2015,16.15,15717080.00,16.14,16.25,15.96
3/3/2015,15.99,13657460.00,16.15,16.21,15.93
3/4/2015,15.81,15491670.00,15.93,15.95,15.73
3/5/2015,15.73,18224700.00,15.86,15.88,15.65
3/6/2015,15.35,17410370.00,15.63,15.70,15.31
3/9/2015,15.24,14136110.00,15.28,15.31,15.09
3/10/2015,15.11,16597860.00,15.36,15.36,15.03
3/11/2015,15.08,13737130.00,15.25,15.25,14.99
3/12/2015,15.13,26252340.00,14.63,15.17,14.57
3/13/2015,15.00,14723800.00,15.07,15.07,14.80
3/16/2015,14.98,12498070.00,14.99,15.13,14.89
3/17/2015,15.00,10407260.00,14.93,15.02,14.89
3/18/2015,15.28,13818280.00,14.97,15.34,14.88
3/19/2015,15.19,11770840.00,15.24,15.28,15.09
3/20/2015,15.39,24925570.00,15.20,15.53,15.20
3/23/2015,15.47,12723760.00,15.40,15.61,15.37
3/24/2015,15.41,11095310.00,15.46,15.50,15.31
3/25/2015,14.89,11311090.00,15.46,15.50,14.89
3/26/2015,14.81,13707930.00,14.76,15.08,14.60
3/27/2015,14.57,19630640.00,14.90,14.95,14.35
3/30/2015,14.60,11118260.00,14.75,14.79,14.56
3/31/2015,14.41,13720840.00,14.47,14.55,14.36
4/1/2015,14.47,15514610.00,14.73,14.74,14.44
4/2/2015,14.52,8527721.00,14.48,14.69,14.44
4/6/2015,14.72,9231070.00,14.37,14.75,14.34
4/7/2015,14.53,8444208.00,14.68,14.71,14.53
4/8/2015,14.58,11664690.00,14.57,14.79,14.39
4/9/2015,14.59,7544200.00,14.59,14.69,14.51
4/10/2015,14.85,15455430.00,14.64,14.90,14.49
4/13/2015,15.13,19692050.00,14.85,15.19,14.75
4/14/2015,15.04,11313470.00,15.12,15.13,14.82
4/15/2015,15.28,11184580.00,15.14,15.39,15.09
4/16/2015,15.18,7559154.00,15.24,15.34,15.17
4/17/2015,15.05,10636740.00,15.06,15.17,14.95
4/20/2015,15.45,10697980.00,15.09,15.47,15.09
4/21/2015,15.36,9342433.00,15.49,15.55,15.23
4/22/2015,15.50,9068332.00,15.40,15.56,15.28
4/23/2015,15.44,8597956.00,15.36,15.59,15.32
4/24/2015,15.38,7564594.00,15.61,15.61,15.33
4/27/2015,15.30,8382452.00,15.44,15.44,15.26
4/28/2015,15.37,8903204.00,15.35,15.37,15.14
4/29/2015,15.41,8639309.00,15.33,15.52,15.21
4/30/2015,15.25,10494300.00,15.41,15.48,15.19
5/1/2015,15.63,11584540.00,15.36,15.69,15.36
5/4/2015,15.56,5049095.00,15.63,15.68,15.53
5/5/2015,15.34,8725534.00,15.47,15.57,15.23
5/6/2015,15.03,8449920.00,15.35,15.44,14.92
5/7/2015,15.18,7744199.00,15.01,15.26,14.93
5/8/2015,15.45,7557260.00,15.35,15.50,15.25
5/11/2015,15.59,9970373.00,15.45,15.64,15.42
5/12/2015,15.23,9016662.00,15.41,15.43,15.22
5/13/2015,15.40,6255838.00,15.27,15.49,15.25
5/14/2015,15.59,6111020.00,15.50,15.60,15.45
5/15/2015,15.54,9712984.00,15.54,15.60,15.40
5/18/2015,15.38,8745130.00,15.49,15.50,15.27
5/19/2015,15.45,7673709.00,15.37,15.49,15.36
5/20/2015,15.30,11999540.00,15.45,15.47,15.16
5/21/2015,15.65,13327740.00,15.31,15.70,15.27
5/22/2015,16.08,28557370.00,15.85,16.47,15.85
5/26/2015,15.44,16944740.00,15.94,16.01,15.38
5/27/2015,15.62,13814780.00,15.56,15.64,15.37
5/28/2015,15.56,6860111.00,15.59,15.68,15.48
5/29/2015,15.45,12386240.00,15.55,15.59,15.38
6/1/2015,15.62,9252074.00,15.45,15.72,15.41
6/2/2015,15.67,9830861.00,15.57,15.86,15.42
6/3/2015,15.71,10546000.00,15.73,15.85,15.66
6/4/2015,15.40,12864460.00,15.51,15.65,15.35
6/5/2015,15.23,12132040.00,15.42,15.47,15.18
6/8/2015,15.12,9485996.00,15.16,15.23,14.99
6/9/2015,15.07,8202791.00,15.11,15.19,14.94
6/10/2015,15.22,6656109.00,15.11,15.33,15.11
6/11/2015,15.04,8893898.00,15.24,15.31,15.02
6/12/2015,14.99,5210575.00,15.02,15.12,14.89
6/15/2015,14.67,12202340.00,14.93,14.93,14.64
6/16/2015,14.64,12993990.00,14.67,14.69,14.56
6/17/2015,14.90,10995190.00,14.66,14.94,14.66
6/18/2015,14.84,15269550.00,14.92,15.06,14.81
6/19/2015,14.71,14936120.00,14.78,14.85,14.71
6/22/2015,14.66,9656022.00,14.78,14.80,14.66
6/23/2015,14.63,11875740.00,14.75,14.75,14.59
6/24/2015,14.59,10235080.00,14.59,14.69,14.58
6/25/2015,14.44,9529229.00,14.67,14.67,14.37
6/26/2015,14.12,20279560.00,14.14,14.44,14.00
6/29/2015,13.86,16507330.00,14.03,14.07,13.83
6/30/2015,13.88,19344870.00,13.91,13.97,13.65
7/1/2015,14.12,18350220.00,14.03,14.13,13.85
7/2/2015,14.20,15700020.00,14.20,14.34,14.17
7/6/2015,14.14,11561260.00,14.05,14.17,13.75
7/7/2015,14.25,18129750.00,14.12,14.38,13.97
7/8/2015,14.08,15465110.00,14.10,14.19,14.02
7/9/2015,14.06,13029150.00,14.21,14.26,14.03
7/10/2015,14.18,9277877.00,14.25,14.28,14.03
7/13/2015,14.22,6708463.00,14.31,14.33,14.11
7/14/2015,14.11,8297533.00,14.19,14.21,14.09
7/15/2015,14.11,11882940.00,14.13,14.20,14.06
7/16/2015,14.04,10711570.00,14.17,14.22,14.03
7/17/2015,14.04,12333450.00,14.03,14.08,13.85
7/20/2015,14.08,11963590.00,14.06,14.13,13.92
7/21/2015,14.18,17029890.00,13.95,14.20,13.92
7/22/2015,14.23,12184940.00,14.07,14.24,14.04
7/23/2015,14.45,15156990.00,14.35,14.55,14.25
7/24/2015,14.25,23313990.00,14.42,14.53,14.13
7/27/2015,13.99,9920119.00,14.10,14.10,13.91
7/28/2015,14.00,8032598.00,14.11,14.12,13.88
7/29/2015,14.01,8543901.00,13.98,14.08,13.92
7/30/2015,14.16,7053021.00,13.98,14.19,13.91
7/31/2015,14.12,11911760.00,14.20,14.26,14.10
8/3/2015,13.89,11502850.00,14.15,14.18,13.80
8/4/2015,13.77,12617210.00,13.90,13.97,13.65
8/5/2015,14.01,10342330.00,13.89,14.05,13.86
8/6/2015,13.94,10596170.00,14.06,14.24,13.93
8/7/2015,13.60,10377840.00,13.89,13.97,13.60
8/10/2015,13.99,9889656.00,13.63,14.01,13.63
8/11/2015,13.56,9350650.00,13.85,13.86,13.55
8/12/2015,13.46,13263490.00,13.46,13.47,13.13
8/13/2015,13.16,8507528.00,13.41,13.60,13.15
8/14/2015,13.28,7581970.00,13.16,13.33,13.14
8/17/2015,13.23,8206972.00,13.18,13.32,13.08
8/18/2015,13.13,10735180.00,13.11,13.22,13.05
8/19/2015,12.83,16245050.00,13.04,13.12,12.77
8/20/2015,12.65,16563860.00,12.72,12.89,12.59
8/21/2015,12.71,36932100.00,12.47,13.61,12.46
8/24/2015,12.30,35287340.00,11.85,12.84,11.50
8/25/2015,11.88,23005270.00,12.57,12.66,11.86
8/26/2015,12.53,21275460.00,12.19,12.55,12.01
8/27/2015,12.85,17118590.00,12.67,12.89,12.57
8/28/2015,12.96,14857080.00,12.81,13.01,12.79
8/31/2015,12.98,14717690.00,12.86,13.01,12.82
9/1/2015,12.86,17966470.00,12.67,13.02,12.64
9/2/2015,12.95,11294560.00,13.02,13.03,12.68
9/3/2015,13.01,10873440.00,12.96,13.27,12.92
9/4/2015,12.48,14848140.00,12.68,12.76,12.47
9/8/2015,12.76,10281020.00,12.69,12.78,12.59
9/9/2015,12.61,11677890.00,12.90,12.96,12.59
9/10/2015,12.64,10329130.00,12.58,12.72,12.42
9/11/2015,12.56,11460270.00,12.57,12.63,12.45
9/14/2015,12.51,12974260.00,12.58,12.72,12.47
9/15/2015,12.54,15957890.00,12.47,12.61,12.42
9/16/2015,13.17,32239270.00,12.84,13.20,12.73
9/17/2015,12.75,16973510.00,12.85,13.07,12.72
9/18/2015,12.28,29439450.00,12.72,12.73,12.23
9/21/2015,12.23,16010370.00,12.11,12.35,12.11
9/22/2015,11.86,31932420.00,11.98,12.16,11.74
9/23/2015,11.79,11138110.00,11.86,11.92,11.70
9/24/2015,11.68,13839490.00,11.65,11.72,11.54
9/25/2015,11.57,12693820.00,11.75,11.77,11.45
9/28/2015,11.36,15035230.00,11.33,11.52,11.29
9/29/2015,11.40,16988910.00,11.32,11.54,11.24
9/30/2015,11.85,19302690.00,11.60,11.89,11.54
10/1/2015,11.73,12500650.00,11.80,11.89,11.60
10/2/2015,12.06,15557530.00,11.57,12.06,11.56
10/5/2015,12.57,15871220.00,12.19,12.60,12.14
10/6/2015,12.95,21023780.00,12.56,13.01,12.54
10/7/2015,12.96,17174720.00,13.00,13.07,12.84
10/8/2015,13.50,20047950.00,12.95,13.51,12.90
10/9/2015,13.55,23810190.00,13.48,13.77,13.44
10/12/2015,13.55,8504511.00,13.51,13.58,13.33
10/13/2015,13.52,8800438.00,13.42,13.69,13.38
10/14/2015,13.61,8606873.00,13.47,13.63,13.39
10/15/2015,13.31,11802550.00,13.43,13.53,13.29
10/16/2015,13.35,12046420.00,13.36,13.40,13.19
10/19/2015,13.40,12492260.00,13.23,13.44,13.19
10/20/2015,13.21,8254295.00,13.33,13.39,13.16
10/21/2015,13.06,8289674.00,13.22,13.31,13.05
10/22/2015,13.31,7965921.00,13.12,13.38,13.12
10/23/2015,13.43,8324451.00,13.40,13.53,13.29
10/26/2015,12.98,9912953.00,13.39,13.42,12.96
10/27/2015,12.70,15160620.00,12.91,12.97,12.65
10/28/2015,12.94,8310636.00,12.73,12.95,12.67
10/29/2015,12.66,9991244.00,12.78,12.84,12.61
10/30/2015,12.47,26370160.00,12.54,12.67,12.36
11/2/2015,13.83,51550670.00,12.47,14.00,12.41
11/3/2015,14.29,39576250.00,13.73,14.50,13.55
11/4/2015,14.14,34907410.00,14.25,14.43,13.91
11/5/2015,14.05,16651400.00,14.21,14.25,13.96
11/6/2015,14.01,21712710.00,13.96,14.06,13.83
11/9/2015,13.87,19631330.00,14.25,14.35,13.84
11/10/2015,14.12,15740260.00,13.87,14.14,13.83
11/11/2015,13.92,9758000.00,14.13,14.21,13.90
11/12/2015,13.31,20429640.00,13.79,13.80,13.29
11/13/2015,13.11,17492820.00,13.36,13.45,13.03
11/16/2015,13.35,12704930.00,13.15,13.43,13.11
11/17/2015,13.28,14773000.00,13.41,13.65,13.26
11/18/2015,13.64,12827070.00,13.43,13.69,13.38
11/19/2015,13.79,15353910.00,13.67,13.84,13.62
11/20/2015,14.06,20111380.00,13.84,14.09,13.81
11/23/2015,14.23,14517970.00,14.31,14.33,13.99
11/24/2015,14.64,28772280.00,14.07,14.82,14.02
11/25/2015,12.64,71888980.00,13.17,13.27,12.26
11/27/2015,12.61,17214250.00,12.54,12.88,12.51
11/30/2015,12.54,28758310.00,12.58,12.69,12.39
12/1/2015,12.74,17801790.00,12.63,12.77,12.52
12/2/2015,11.95,52268920.00,12.61,12.61,11.90
12/3/2015,12.15,47316710.00,11.97,12.37,11.86
12/4/2015,12.32,21799030.00,12.15,12.56,12.12
12/7/2015,12.15,21616350.00,12.21,12.47,12.07
12/8/2015,12.19,20593060.00,11.92,12.36,11.89
12/9/2015,12.11,23602560.00,12.08,12.45,12.05
12/10/2015,12.36,15199140.00,12.12,12.38,12.12
12/11/2015,12.21,20889520.00,12.14,12.28,12.04
12/14/2015,12.16,19370040.00,12.30,12.47,12.01
12/15/2015,12.21,18768400.00,12.22,12.47,12.20
12/16/2015,12.26,18220570.00,12.27,12.40,12.18
12/17/2015,11.90,25743160.00,12.28,12.35,11.89
12/18/2015,11.51,38374090.00,11.83,11.91,11.45
12/21/2015,11.43,18334650.00,11.60,11.63,11.31
12/22/2015,11.66,19678130.00,11.40,11.76,11.30
12/23/2015,11.75,11917130.00,11.75,11.79,11.66
12/24/2015,11.73,4626631.00,11.75,11.89,11.72
12/28/2015,11.63,8015060.00,11.70,11.72,11.58
12/29/2015,11.86,9664632.00,11.67,11.93,11.67
12/30/2015,11.84,8389311.00,11.91,11.96,11.81
12/31/2015,11.84,10382220.00,11.83,11.99,11.76
1/4/2016,11.60,15143490.00,11.58,11.66,11.45
1/5/2016,11.71,13558400.00,11.65,11.78,11.58
1/6/2016,11.29,16350980.00,11.52,11.52,11.20
1/7/2016,10.77,25487290.00,11.05,11.05,10.72
1/8/2016,10.58,17428380.00,10.83,10.92,10.55
1/11/2016,10.65,17004000.00,10.66,10.75,10.50
1/12/2016,10.82,16627180.00,10.76,10.89,10.57
1/13/2016,10.58,29788260.00,10.83,10.93,10.44
1/14/2016,10.62,29016550.00,10.60,10.82,10.54
1/15/2016,10.11,24210070.00,10.18,10.38,9.99
1/19/2016,9.76,27428940.00,10.27,10.28,9.70
1/20/2016,9.55,27004120.00,9.55,9.63,9.24
1/21/2016,9.94,25718150.00,9.61,10.01,9.51
1/22/2016,9.80,17293170.00,10.13,10.24,9.73
1/25/2016,9.49,14495840.00,9.79,9.81,9.45
1/26/2016,9.64,9870507.00,9.54,9.80,9.51
1/27/2016,9.62,9729280.00,9.64,9.89,9.57
1/28/2016,9.48,13383680.00,9.75,9.77,9.42
1/29/2016,9.71,47468320.00,9.58,9.72,9.40
2/1/2016,9.97,21712330.00,9.65,10.01,9.59
2/2/2016,9.88,21562070.00,9.83,9.97,9.73
2/3/2016,9.65,15264240.00,9.81,9.85,9.33
2/4/2016,9.86,11744570.00,9.60,9.94,9.60
2/5/2016,9.91,17014200.00,9.83,10.12,9.76
2/8/2016,9.37,15917980.00,9.76,9.81,9.21
2/9/2016,9.19,20489130.00,9.29,9.42,9.15
2/10/2016,9.28,12246870.00,9.24,9.47,9.19
2/11/2016,9.02,14737530.00,9.14,9.20,8.91
2/12/2016,9.42,9665433.00,9.09,9.44,9.03
2/16/2016,9.81,12031300.00,9.56,9.85,9.45
2/17/2016,10.08,11987780.00,9.88,10.10,9.87
2/18/2016,10.52,18758730.00,10.13,10.67,10.10
2/19/2016,10.32,13933360.00,10.49,10.49,10.05
2/22/2016,10.68,10849890.00,10.44,10.75,10.42
2/23/2016,10.31,13017900.00,10.61,10.63,10.25
2/24/2016,10.82,21697910.00,10.28,10.86,10.10
2/25/2016,10.34,35556520.00,10.16,10.46,9.95
2/26/2016,10.64,22766580.00,10.44,10.99,10.38
2/29/2016,10.69,17385810.00,10.64,10.85,10.60
3/1/2016,10.93,17244880.00,10.84,11.02,10.67
3/2/2016,10.90,12506970.00,10.93,11.06,10.77
3/3/2016,11.11,18108930.00,10.97,11.30,10.96
3/4/2016,11.18,15153360.00,11.15,11.32,11.10
3/7/2016,11.31,12399170.00,10.99,11.40,10.95
3/8/2016,11.05,13054840.00,11.20,11.27,10.96
3/9/2016,11.36,12056810.00,11.09,11.45,11.09
3/10/2016,11.42,15901290.00,11.39,11.56,11.15
3/11/2016,11.70,12947990.00,11.52,11.70,11.45
3/14/2016,11.47,13585130.00,11.63,11.71,11.36
3/15/2016,11.40,11117750.00,11.43,11.45,11.20
3/16/2016,11.62,11656950.00,11.41,11.67,11.35
3/17/2016,11.72,18154850.00,11.62,12.25,11.59
3/18/2016,12.18,35391440.00,11.78,12.22,11.78
3/21/2016,12.21,14445640.00,12.14,12.24,11.98
3/22/2016,12.26,10924770.00,12.09,12.30,12.06
3/23/2016,12.02,11988970.00,12.24,12.28,11.97
3/24/2016,12.07,12085820.00,11.98,12.10,11.72
3/28/2016,12.07,10558460.00,12.06,12.14,11.96
3/29/2016,12.28,10721190.00,12.03,12.35,11.92
3/30/2016,12.30,10790080.00,12.34,12.39,12.16
3/31/2016,12.32,13806570.00,12.30,12.36,12.20
4/1/2016,12.26,11919320.00,12.21,12.29,12.03
4/4/2016,12.10,11098410.00,12.24,12.30,12.09
4/5/2016,11.95,15457960.00,12.10,12.14,11.93
4/6/2016,12.28,13114140.00,12.03,12.29,11.89
4/7/2016,11.99,14218670.00,12.21,12.29,11.93
4/8/2016,12.06,8256239.00,12.09,12.28,12.05
4/11/2016,12.13,15968770.00,12.10,12.44,12.10
4/12/2016,12.22,28304030.00,12.20,12.31,11.78
4/13/2016,12.64,16026500.00,12.34,12.74,12.26
4/14/2016,12.55,14140000.00,12.56,12.69,12.34
4/15/2016,12.52,12488270.00,12.57,12.71,12.50
4/18/2016,12.67,15582320.00,12.48,12.96,12.45
4/19/2016,12.78,18279020.00,12.70,12.92,12.59
4/20/2016,12.80,17071380.00,12.82,12.96,12.73
4/21/2016,12.59,11000350.00,12.78,12.84,12.58
4/22/2016,12.61,11610980.00,12.52,12.73,12.52
4/25/2016,12.57,13957190.00,12.55,12.64,12.37
4/26/2016,12.73,15675290.00,12.59,12.79,12.58
4/27/2016,12.76,10530740.00,12.66,12.79,12.49
4/28/2016,12.57,8006630.00,12.74,12.80,12.52
4/29/2016,12.27,13491880.00,12.49,12.51,12.13
5/2/2016,12.12,12284020.00,12.26,12.33,12.02
5/3/2016,11.71,16316520.00,12.05,12.11,11.61
5/4/2016,11.59,8673632.00,11.65,11.80,11.52
5/5/2016,11.45,8975069.00,11.67,11.74,11.40
5/6/2016,11.59,8439004.00,11.40,11.64,11.37
5/9/2016,11.43,9548425.00,11.58,11.63,11.38
5/10/2016,11.61,14925390.00,11.48,11.72,11.41
5/11/2016,11.69,14228880.00,11.62,11.76,11.53
5/12/2016,11.56,12098810.00,11.78,11.80,11.45
5/13/2016,11.50,7605491.00,11.53,11.69,11.43
5/16/2016,11.64,6107577.00,11.53,11.68,11.49
5/17/2016,11.53,9529677.00,11.59,11.79,11.48
5/18/2016,11.57,7009971.00,11.58,11.68,11.47
5/19/2016,11.44,10765380.00,11.47,11.55,11.31
5/20/2016,11.66,10409150.00,11.48,11.68,11.40
5/23/2016,11.67,9391875.00,11.66,11.87,11.62
5/24/2016,11.91,8891027.00,11.68,11.93,11.62
5/25/2016,12.20,15237430.00,12.24,12.34,12.11
5/26/2016,13.04,29824010.00,12.50,13.15,12.45
5/27/2016,13.17,18878860.00,13.02,13.31,12.96
5/31/2016,13.38,22008120.00,13.12,13.38,13.07
6/1/2016,13.44,15231540.00,13.32,13.49,13.21
6/2/2016,13.54,13659160.00,13.39,13.65,13.38
6/3/2016,13.44,10879950.00,13.47,13.53,13.32
6/6/2016,13.67,8693859.00,13.43,13.70,13.43
6/7/2016,13.69,9550702.00,13.70,13.80,13.61
6/8/2016,13.87,9280693.00,13.69,13.90,13.66
6/9/2016,13.84,9411379.00,13.78,13.89,13.62
6/10/2016,13.50,10125070.00,13.71,13.72,13.39
6/13/2016,13.03,13575560.00,13.27,13.29,13.02
6/14/2016,13.05,11537860.00,13.01,13.20,12.89
6/15/2016,13.00,9812950.00,13.09,13.20,12.96
6/16/2016,12.98,8582802.00,12.94,13.02,12.71
6/17/2016,13.12,14437660.00,12.98,13.18,12.96
6/20/2016,13.07,12433370.00,13.28,13.38,13.06
6/21/2016,13.33,13163240.00,13.13,13.36,13.06
6/22/2016,12.61,18223750.00,12.81,12.97,12.60
6/23/2016,12.95,13353220.00,12.83,12.97,12.79
6/24/2016,12.26,19822280.00,12.41,12.63,12.15
6/27/2016,11.55,15067200.00,12.11,12.12,11.48
6/28/2016,11.79,14543000.00,11.67,11.80,11.51
6/29/2016,12.18,14195570.00,11.97,12.23,11.84
6/30/2016,12.55,14460720.00,12.27,12.55,12.14
7/1/2016,12.73,10887820.00,12.55,12.76,12.51
7/5/2016,12.36,9277521.00,12.62,12.71,12.26
7/6/2016,12.60,12004870.00,12.26,12.62,12.04
7/7/2016,12.85,13599810.00,12.66,12.88,12.59
7/8/2016,13.08,8603605.00,13.05,13.16,12.95
7/11/2016,13.16,9730135.00,13.17,13.30,13.03
7/12/2016,13.72,17140130.00,13.47,13.83,13.42
7/13/2016,13.81,9809464.00,13.73,13.85,13.63
7/14/2016,13.80,9377223.00,13.89,13.94,13.75
7/15/2016,13.85,9983417.00,13.89,13.93,13.77
7/18/2016,13.94,6628739.00,13.85,14.00,13.85
7/19/2016,14.05,11298750.00,13.93,14.11,13.92
7/20/2016,14.16,17199580.00,14.15,14.25,14.04
7/21/2016,14.00,18661700.00,14.13,14.18,13.93
7/22/2016,14.11,10287240.00,14.01,14.14,13.91
7/25/2016,14.16,6971303.00,14.10,14.20,14.09
7/26/2016,14.18,9362361.00,14.16,14.27,14.12
7/27/2016,13.99,17620220.00,14.26,14.26,13.90
7/28/2016,13.94,16140940.00,13.95,13.98,13.82
7/29/2016,14.01,15758360.00,13.91,14.13,13.79
8/1/2016,14.18,13847510.00,14.06,14.24,14.02
8/2/2016,14.06,10676740.00,13.92,14.18,13.85
8/3/2016,14.31,10143220.00,14.05,14.35,14.04
8/4/2016,14.15,14835320.00,14.33,14.38,14.10
8/5/2016,14.28,10185540.00,14.24,14.36,14.19
8/8/2016,14.26,11586360.00,14.30,14.34,14.20
8/9/2016,14.25,12411820.00,14.29,14.34,14.24
8/10/2016,14.19,11859630.00,14.28,14.30,14.14
8/11/2016,14.30,8173787.00,14.20,14.33,14.15
8/12/2016,14.28,9991641.00,14.29,14.38,14.25
8/15/2016,14.52,12748870.00,14.31,14.59,14.31
8/16/2016,14.41,9366048.00,14.46,14.52,14.38
8/17/2016,14.50,10371430.00,14.40,14.51,14.33
8/18/2016,14.51,9054597.00,14.52,14.60,14.46
8/19/2016,14.42,9503651.00,14.46,14.51,14.39
8/22/2016,14.37,13101890.00,14.36,14.39,14.26
8/23/2016,14.57,14050350.00,14.43,14.65,14.43
8/24/2016,14.40,19632440.00,14.67,14.73,14.39
8/25/2016,14.37,36141190.00,13.64,14.48,13.55
8/26/2016,14.39,15567760.00,14.37,14.69,14.37
8/29/2016,14.43,8022867.00,14.41,14.58,14.39
8/30/2016,14.38,10430730.00,14.43,14.46,14.28
8/31/2016,14.37,11282670.00,14.34,14.42,14.21
9/1/2016,14.50,10818170.00,14.39,14.50,14.28
9/2/2016,14.49,8252740.00,14.61,14.70,14.45
9/6/2016,14.63,7392178.00,14.54,14.67,14.53
9/7/2016,14.69,6808963.00,14.63,14.75,14.51
9/8/2016,14.63,10263120.00,14.60,14.69,14.55
9/9/2016,14.07,16599860.00,14.52,14.53,14.07
9/12/2016,14.49,15755540.00,13.85,14.57,13.78
9/13/2016,14.18,15013810.00,14.35,14.44,14.06
9/14/2016,14.27,8566831.00,14.18,14.35,14.09
9/15/2016,14.50,11823580.00,14.19,14.60,14.14
9/16/2016,14.53,18459470.00,14.74,14.80,14.49
9/19/2016,14.56,7980903.00,14.58,14.74,14.54
9/20/2016,14.54,8222246.00,14.64,14.67,14.52
9/21/2016,14.99,13733710.00,14.63,15.00,14.62
9/22/2016,15.12,9938478.00,14.98,15.17,14.93
9/23/2016,15.09,8093809.00,15.10,15.19,15.03
9/26/2016,15.02,7484334.00,15.00,15.12,14.93
9/27/2016,15.34,9061231.00,15.00,15.37,14.95
9/28/2016,15.49,9741906.00,15.40,15.49,15.17
9/29/2016,15.39,9790443.00,15.46,15.60,15.33
9/30/2016,15.53,11457200.00,15.47,15.73,15.44
10/3/2016,15.65,7281352.00,15.46,15.69,15.46
10/4/2016,15.36,12294270.00,15.68,15.74,15.27
10/5/2016,15.63,9081733.00,15.43,15.68,15.43
10/6/2016,15.60,5285660.00,15.63,15.63,15.42
10/7/2016,15.58,5354867.00,15.62,15.68,15.49
10/10/2016,15.59,7726111.00,15.69,15.88,15.59
10/11/2016,15.44,10650010.00,15.60,15.60,15.32
10/12/2016,15.35,10064120.00,15.48,15.56,15.31
10/13/2016,15.15,14415580.00,15.20,15.25,14.94
10/14/2016,14.48,23107130.00,14.63,15.00,14.48
10/17/2016,14.03,22057900.00,14.50,14.56,14.01
10/18/2016,14.21,12752560.00,14.19,14.42,14.09
10/19/2016,14.12,9917738.00,14.18,14.27,14.04
10/20/2016,14.10,6821962.00,14.08,14.17,13.98
10/21/2016,13.80,14610050.00,14.01,14.04,13.77
10/24/2016,13.97,9762196.00,13.86,13.97,13.83
10/25/2016,13.90,11069890.00,13.97,13.99,13.86
10/26/2016,13.91,17328120.00,13.85,14.07,13.84
10/27/2016,13.99,14103240.00,13.96,14.10,13.87
10/28/2016,14.09,15247820.00,13.94,14.19,13.94
10/31/2016,14.49,16362840.00,14.13,14.49,14.03
11/1/2016,14.35,25361510.00,14.51,14.56,14.12
11/2/2016,14.65,22284960.00,14.28,14.83,14.28
11/3/2016,14.54,10558860.00,14.67,14.88,14.51
11/4/2016,14.71,11831000.00,14.50,14.93,14.43
11/7/2016,15.05,9780782.00,14.90,15.15,14.89
11/8/2016,15.28,11641720.00,15.03,15.32,14.87
11/9/2016,15.57,16866870.00,15.07,15.71,14.99
11/10/2016,15.49,16182030.00,15.62,15.90,15.44
11/11/2016,15.82,10306750.00,15.40,15.83,15.36
11/14/2016,16.10,14481050.00,15.85,16.19,15.80
11/15/2016,15.87,14279440.00,15.96,16.07,15.82
11/16/2016,15.80,10163600.00,15.86,15.90,15.72
11/17/2016,15.89,9623161.00,15.86,15.96,15.82
11/18/2016,15.87,10878160.00,15.88,15.96,15.81
11/21/2016,16.00,10617950.00,15.94,16.07,15.93
11/22/2016,15.95,19588050.00,16.06,16.19,15.90
11/23/2016,14.87,23417030.00,15.35,15.72,14.78
11/25/2016,15.18,8875184.00,14.84,15.24,14.83
11/28/2016,15.08,12669530.00,15.06,15.20,15.00
11/29/2016,15.15,9762766.00,15.06,15.32,15.03
11/30/2016,15.40,15933220.00,15.17,15.53,15.11
12/1/2016,15.06,12821740.00,15.41,15.48,15.02
12/2/2016,15.12,8377096.00,15.03,15.30,15.02
12/5/2016,15.55,11538520.00,15.26,15.55,15.26
12/6/2016,15.60,6886889.00,15.51,15.64,15.46
12/7/2016,16.15,11679160.00,15.62,16.17,15.60
12/8/2016,16.16,9581856.00,16.14,16.25,16.10
12/9/2016,15.78,9864904.00,16.08,16.15,15.74
12/12/2016,15.83,12700990.00,15.41,15.84,15.41
12/13/2016,15.82,10856790.00,15.71,15.95,15.69
12/14/2016,15.61,10637790.00,15.77,15.90,15.53
12/15/2016,15.51,10121820.00,15.54,15.65,15.40
12/16/2016,15.05,19761470.00,15.47,15.54,15.05
12/19/2016,15.12,10343800.00,15.03,15.16,14.91
12/20/2016,15.08,12148600.00,15.16,15.22,15.00
12/21/2016,15.14,8133125.00,15.09,15.36,15.09
12/22/2016,15.14,7591722.00,15.22,15.27,14.94
12/23/2016,15.10,6305564.00,15.11,15.18,15.02
12/27/2016,15.21,4408545.00,15.14,15.24,15.13
12/28/2016,14.94,5107787.00,15.18,15.31,14.93
12/29/2016,14.94,4904892.00,14.93,15.04,14.87
12/30/2016,14.84,9187086.00,15.00,15.10,14.77
1/3/2017,14.85,12502220.00,14.95,15.14,14.62
1/4/2017,15.08,9105634.00,14.92,15.21,14.85
1/5/2017,15.07,12312000.00,15.10,15.16,14.90
1/6/2017,15.00,7470727.00,15.15,15.16,14.97
1/9/2017,14.68,12908900.00,14.98,15.09,14.67
1/10/2017,14.69,15888320.00,14.65,14.97,14.40
1/11/2017,14.94,15008640.00,14.71,14.97,14.62
1/12/2017,14.79,11507900.00,14.89,14.96,14.56
1/13/2017,14.77,9336199.00,14.79,14.94,14.69
1/17/2017,14.58,11976800.00,14.68,14.89,14.56
1/18/2017,14.58,13664460.00,14.61,14.70,14.50
1/19/2017,14.86,15081800.00,14.81,15.02,14.75
1/20/2017,14.73,14686990.00,14.96,14.99,14.60
1/23/2017,14.67,15250370.00,14.71,14.73,14.41
1/24/2017,15.17,12348640.00,14.70,15.25,14.67
1/25/2017,15.19,16223330.00,15.26,15.35,15.12
1/26/2017,14.79,14377310.00,15.22,15.31,14.77
1/27/2017,14.80,14921530.00,14.83,15.11,14.78
1/30/2017,14.84,11239640.00,14.83,14.85,14.62
1/31/2017,15.05,14865640.00,14.77,15.11,14.57
2/1/2017,14.99,12433660.00,15.12,15.16,14.84
2/2/2017,15.21,15599560.00,14.89,15.22,14.87
2/3/2017,15.27,11657480.00,15.22,15.32,15.12
2/6/2017,15.26,7975417.00,15.17,15.30,15.09
2/7/2017,15.43,12330310.00,15.26,15.44,15.16
2/8/2017,15.51,13204210.00,15.41,15.64,15.39
2/9/2017,15.64,7708947.00,15.51,15.77,15.45
2/10/2017,15.72,7754245.00,15.65,15.74,15.55
2/13/2017,16.04,16142560.00,15.75,16.11,15.70
2/14/2017,16.06,17086200.00,15.96,16.41,15.95
2/15/2017,15.98,14448240.00,16.04,16.14,15.89
2/16/2017,15.92,12560610.00,15.99,16.03,15.89
2/17/2017,15.95,17366720.00,15.88,15.95,15.72
2/21/2017,16.13,17317940.00,15.93,16.22,15.93
2/22/2017,16.20,16626900.00,16.09,16.24,16.09
2/23/2017,17.60,36917440.00,16.51,17.80,16.48
2/24/2017,17.65,19814050.00,17.34,17.68,17.31
2/27/2017,17.65,12287400.00,17.65,17.81,17.48
2/28/2017,17.37,13847090.00,17.64,17.67,17.37
3/1/2017,17.62,9818705.00,17.65,17.71,17.45
3/2/2017,17.32,12229180.00,17.66,17.69,17.31
3/3/2017,17.35,17289360.00,17.30,17.40,17.12
3/6/2017,17.30,11163040.00,17.44,17.44,17.13
3/7/2017,17.27,11527490.00,17.27,17.42,17.05
3/8/2017,17.32,6745670.00,17.30,17.40,17.22
3/9/2017,17.36,8505286.00,17.25,17.42,17.18
3/10/2017,17.39,7840676.00,17.25,17.60,17.25
3/13/2017,17.49,6966599.00,17.41,17.49,17.35
3/14/2017,17.47,6334157.00,17.46,17.58,17.41
3/15/2017,17.57,13418060.00,17.44,17.65,17.28
3/16/2017,17.65,8987052.00,17.60,17.71,17.48
3/17/2017,17.56,14281100.00,17.65,17.70,17.56
3/20/2017,17.56,8847764.00,17.57,17.68,17.52
3/21/2017,17.15,9611384.00,17.62,17.69,17.15
3/22/2017,17.23,10651780.00,17.22,17.30,17.10
3/23/2017,17.21,9156921.00,17.23,17.38,17.14
3/24/2017,17.23,6633816.00,17.28,17.40,17.13
3/27/2017,17.20,5698091.00,17.09,17.31,17.03
3/28/2017,17.26,8741513.00,17.23,17.41,17.20
3/29/2017,17.26,5477391.00,17.20,17.38,17.17
3/30/2017,17.65,10806000.00,17.25,17.69,17.22
3/31/2017,17.88,19240500.00,17.61,17.96,17.56
4/3/2017,17.59,10538320.00,17.93,17.95,17.43
4/4/2017,17.72,6781161.00,17.52,17.74,17.50
4/5/2017,17.69,10309510.00,17.80,17.94,17.60
4/6/2017,17.56,8367840.00,17.69,17.72,17.43
4/7/2017,17.37,13464900.00,17.54,17.63,17.28
4/10/2017,17.36,6694126.00,17.40,17.54,17.29
4/11/2017,17.54,14400670.00,17.40,17.55,17.29
4/12/2017,18.02,19363860.00,18.37,18.37,17.85
4/13/2017,18.20,12701560.00,17.99,18.35,17.94
4/17/2017,18.20,8213848.00,18.17,18.32,18.07
4/18/2017,18.22,10177080.00,18.21,18.36,18.08
4/19/2017,18.38,12351830.00,18.42,18.61,18.30
4/20/2017,18.52,6786300.00,18.44,18.57,18.29
4/21/2017,18.29,9952925.00,18.51,18.52,18.27
4/24/2017,18.54,7925800.00,18.52,18.60,18.36
4/25/2017,18.61,10405980.00,18.57,18.71,18.49
4/26/2017,18.63,7950252.00,18.50,18.74,18.42
4/27/2017,18.77,9193686.00,18.70,18.83,18.64
4/28/2017,18.82,7956877.00,18.74,18.83,18.53
5/1/2017,18.93,7958624.00,18.85,19.00,18.80
5/2/2017,18.90,10921540.00,18.99,19.03,18.81
5/3/2017,18.81,6996238.00,18.84,18.91,18.74
5/4/2017,18.79,7204792.00,18.84,18.88,18.69
5/5/2017,18.91,11897940.00,18.83,18.92,18.71
5/8/2017,19.31,10053250.00,18.91,19.39,18.89
5/9/2017,19.24,6673607.00,19.34,19.34,19.17
5/10/2017,19.36,7252134.00,19.25,19.37,19.16
5/11/2017,19.26,8232899.00,19.31,19.35,19.17
5/12/2017,19.30,6417197.00,19.25,19.42,19.13
5/15/2017,19.36,7123835.00,19.35,19.42,19.31
5/16/2017,19.47,7350370.00,19.42,19.49,19.23
5/17/2017,18.96,11079540.00,19.32,19.42,18.94
5/18/2017,18.78,14280720.00,18.87,18.89,18.65
5/19/2017,19.00,8033109.00,18.86,19.08,18.81
5/22/2017,19.11,9759218.00,19.08,19.15,18.86
5/23/2017,18.96,7812216.00,19.14,19.14,18.81
5/24/2017,19.01,13324760.00,19.02,19.19,18.91
5/25/2017,18.37,21252680.00,19.57,19.58,18.26
5/26/2017,18.47,14520790.00,18.27,18.54,18.21
5/30/2017,18.94,16423410.00,18.43,19.03,18.42
5/31/2017,18.76,12264350.00,18.95,18.98,18.72
6/1/2017,18.95,8339219.00,18.74,18.95,18.59
6/2/2017,18.98,9262101.00,18.97,19.16,18.93
6/5/2017,18.80,8273593.00,18.94,18.96,18.73
6/6/2017,18.26,17627820.00,18.79,18.80,18.24
6/7/2017,18.24,12448830.00,18.35,18.42,18.15
6/8/2017,18.28,12238500.00,18.27,18.31,18.10
6/9/2017,17.80,16224660.00,18.29,18.33,17.60
6/12/2017,17.76,12527270.00,17.61,17.86,17.43
6/13/2017,17.74,9036409.00,17.82,17.94,17.68
6/14/2017,17.40,8739997.00,17.67,17.75,17.28
6/15/2017,17.27,8700612.00,17.28,17.39,17.16
6/16/2017,17.35,14634830.00,17.24,17.45,17.14
6/19/2017,17.69,10304330.00,17.42,17.75,17.39
6/20/2017,17.83,16282790.00,17.68,17.96,17.64
6/21/2017,17.71,14704840.00,17.83,17.84,17.54
6/22/2017,17.71,11064580.00,17.69,17.79,17.59
6/23/2017,17.80,14051540.00,17.71,17.87,17.56
6/26/2017,18.16,14173740.00,17.89,18.25,17.89
6/27/2017,17.77,8303890.00,18.10,18.18,17.77
6/28/2017,18.03,6154108.00,17.88,18.11,17.79
6/29/2017,17.57,9017452.00,17.92,17.99,17.43
6/30/2017,17.48,8935331.00,17.66,17.71,17.45
7/3/2017,17.56,4312603.00,17.59,17.75,17.54
7/5/2017,17.65,13992230.00,17.57,17.72,17.46
7/6/2017,17.19,11784060.00,17.58,17.62,17.10
7/7/2017,17.35,8091259.00,17.25,17.38,17.17
7/10/2017,17.87,9802972.00,17.53,17.89,17.45
7/11/2017,17.94,12040480.00,17.83,18.12,17.78
7/12/2017,18.04,10145740.00,18.08,18.23,17.88
7/13/2017,18.08,9397027.00,18.02,18.16,17.95
7/14/2017,18.42,8174708.00,18.09,18.49,18.09
7/17/2017,18.47,9070701.00,18.42,18.50,18.25
7/18/2017,18.39,5425086.00,18.45,18.51,18.27
7/19/2017,18.70,10808130.00,18.42,18.70,18.36
7/20/2017,18.94,11086120.00,18.94,19.06,18.75
7/21/2017,19.15,9235717.00,18.94,19.24,18.85
7/24/2017,19.24,8144841.00,19.12,19.39,19.10
7/25/2017,19.41,9262148.00,19.27,19.58,19.11
7/26/2017,19.26,8027772.00,19.44,19.47,19.18
7/27/2017,19.21,14731890.00,19.33,19.45,18.82
7/28/2017,19.17,5898307.00,19.09,19.21,18.82
7/31/2017,19.10,12771590.00,19.20,19.32,19.05
8/1/2017,19.14,6481383.00,19.14,19.18,18.96
8/2/2017,19.10,10779770.00,19.19,19.21,18.87
8/3/2017,19.36,14994470.00,19.10,19.36,19.00
8/4/2017,19.37,9123018.00,19.33,19.58,19.27
8/7/2017,19.32,9191766.00,19.37,19.40,19.25
8/8/2017,19.32,11558230.00,19.30,19.48,19.20
8/9/2017,19.32,7843810.00,19.22,19.34,19.09
8/10/2017,18.90,13284580.00,19.22,19.27,18.88
8/11/2017,18.90,6609939.00,18.94,19.10,18.85
8/14/2017,19.10,7615726.00,19.07,19.20,19.02
8/15/2017,19.04,9245951.00,19.01,19.12,18.86
8/16/2017,18.97,9583136.00,18.98,19.07,18.87
8/17/2017,18.64,9162204.00,18.88,19.08,18.63
8/18/2017,18.51,11686870.00,18.60,18.65,18.36
8/21/2017,18.57,6914394.00,18.48,18.66,18.41
8/22/2017,19.02,8431320.00,18.63,19.10,18.59
8/23/2017,18.86,9640286.00,19.04,19.05,18.80
8/24/2017,19.41,27357470.00,18.83,19.78,18.83
8/25/2017,19.31,13461470.00,19.54,19.64,19.31
8/28/2017,19.18,13043600.00,19.35,19.50,19.08
8/29/2017,19.21,9552919.00,19.04,19.25,18.96
8/30/2017,19.17,7959681.00,19.20,19.25,19.06
8/31/2017,19.08,10435390.00,19.26,19.30,19.01
9/1/2017,19.36,7550930.00,19.08,19.49,19.07
9/5/2017,19.24,12217320.00,19.28,19.34,19.10
9/6/2017,19.37,11645070.00,19.34,19.48,19.27
9/7/2017,19.28,5716398.00,19.35,19.38,19.20
9/8/2017,19.12,6496651.00,19.23,19.26,19.08
9/11/2017,19.32,7335323.00,19.26,19.40,19.23
9/12/2017,19.48,7433752.00,19.29,19.50,19.26
9/13/2017,19.28,7964967.00,19.37,19.37,19.10
9/14/2017,19.46,9665604.00,19.20,19.49,19.12
9/15/2017,19.47,12790690.00,19.45,19.55,19.32
9/18/2017,19.59,6414807.00,19.52,19.71,19.43
9/19/2017,19.49,5527704.00,19.61,19.62,19.35
9/20/2017,19.60,7007734.00,19.48,19.60,19.42
9/21/2017,19.77,7538371.00,19.55,19.78,19.54
9/22/2017,19.94,6778176.00,19.68,19.95,19.65
9/25/2017,19.85,9309816.00,19.84,19.97,19.68
9/26/2017,19.88,16561280.00,19.77,20.13,19.77
9/27/2017,19.87,10949820.00,19.89,20.03,19.76
9/28/2017,19.97,8095156.00,19.87,20.04,19.87
9/29/2017,19.96,6685961.00,20.00,20.11,19.94
10/2/2017,20.12,8307007.00,19.94,20.23,19.94
10/3/2017,20.09,6592771.00,20.05,20.21,20.02
10/4/2017,20.26,7002391.00,20.06,20.34,20.03
10/5/2017,20.35,11265290.00,20.17,20.42,20.17
10/6/2017,20.58,10614210.00,20.20,20.61,20.20
10/9/2017,20.57,5582663.00,20.64,20.73,20.55
10/10/2017,20.57,6661761.00,20.62,20.62,20.42
10/11/2017,20.41,8351126.00,20.57,20.72,20.29
10/12/2017,20.40,9141247.00,20.35,20.47,20.25
10/13/2017,21.71,26966160.00,20.95,22.00,20.95
10/16/2017,21.79,9644965.00,21.77,21.87,21.68
10/17/2017,21.55,7136965.00,21.77,21.85,21.46
10/18/2017,21.72,7604349.00,21.74,22.08,21.67
10/19/2017,21.96,10247750.00,21.64,21.97,21.51
10/20/2017,22.02,8621009.00,22.03,22.16,21.90
10/23/2017,22.12,8678333.00,22.15,22.31,22.10
10/24/2017,21.95,8191934.00,22.11,22.21,21.94
10/25/2017,21.67,12231740.00,21.87,21.94,21.65
10/26/2017,21.52,17010040.00,21.78,21.91,21.47
10/27/2017,21.50,20420300.00,21.61,21.66,21.32
10/30/2017,21.39,7459770.00,21.47,21.53,21.32
10/31/2017,21.55,9732527.00,21.43,21.71,21.43
11/1/2017,21.47,8813665.00,21.60,21.64,21.39
11/2/2017,21.44,14764940.00,21.38,21.56,21.07
11/3/2017,21.47,7709812.00,21.50,21.55,21.33
11/6/2017,21.44,13309480.00,21.47,21.53,21.38
11/7/2017,21.38,6245536.00,21.47,21.47,21.32
11/8/2017,21.42,6061868.00,21.34,21.47,21.24
11/9/2017,21.34,5844795.00,21.27,21.40,21.15
11/10/2017,21.23,6276650.00,21.25,21.31,21.14
11/13/2017,21.17,4921683.00,21.23,21.33,21.15
11/14/2017,21.36,11626560.00,21.10,21.45,20.99
11/15/2017,21.36,12639980.00,21.31,21.53,21.24
11/16/2017,21.57,9358031.00,21.43,21.75,21.41
11/17/2017,21.75,10638220.00,21.51,21.87,21.45
11/20/2017,22.12,11846820.00,21.81,22.28,21.77
11/21/2017,22.46,17199160.00,22.34,22.68,22.30
11/22/2017,21.34,28413960.00,21.00,21.53,20.59
11/24/2017,21.24,9657949.00,21.44,21.52,20.99
11/27/2017,21.25,15249120.00,21.17,21.33,20.96
11/28/2017,21.66,10376730.00,21.27,21.68,21.15
11/29/2017,21.43,12097260.00,21.74,21.97,21.35
11/30/2017,21.45,13764760.00,21.49,21.78,21.31
12/1/2017,21.41,9909906.00,21.38,21.59,20.97
12/4/2017,21.08,12975550.00,21.46,21.73,21.04
12/5/2017,21.07,9209142.00,21.18,21.25,21.02
12/6/2017,21.02,10032070.00,21.08,21.15,20.88
12/7/2017,20.97,8450868.00,21.04,21.14,20.92
12/8/2017,21.07,13517470.00,21.05,21.12,20.86
12/11/2017,21.30,7730474.00,20.97,21.36,20.93
12/12/2017,20.98,7174807.00,21.10,21.20,20.87
12/13/2017,20.85,9156635.00,20.94,20.98,20.76
12/14/2017,20.74,8160985.00,20.82,20.90,20.73
12/15/2017,20.92,19022910.00,20.88,21.00,20.66
12/18/2017,21.29,12155500.00,21.00,21.34,20.99
12/19/2017,21.42,9773064.00,21.37,21.62,21.24
12/20/2017,21.46,7347348.00,21.50,21.60,21.29
12/21/2017,21.25,8742419.00,21.51,21.58,21.23
12/22/2017,21.26,4001370.00,21.25,21.34,21.15
12/26/2017,21.23,3012012.00,21.13,21.31,21.13
12/27/2017,21.27,7605329.00,21.15,21.29,21.10
12/28/2017,21.15,5214119.00,21.22,21.30,21.07
12/29/2017,21.01,5204230.00,21.17,21.28,21.01
1/2/2018,21.32,6457311.00,21.18,21.33,21.00
1/3/2018,21.37,5957571.00,21.31,21.50,21.24
1/4/2018,21.53,7653851.00,21.40,21.64,21.33
1/5/2018,21.75,6750728.00,21.61,21.77,21.29
1/8/2018,21.84,5769548.00,21.78,21.88,21.59
1/9/2018,21.81,7859362.00,21.79,21.95,21.72
1/10/2018,22.05,8443302.00,21.68,22.14,21.68
1/11/2018,22.41,8356376.00,22.08,22.42,22.06
1/12/2018,22.92,8821758.00,22.48,22.97,22.45
1/16/2018,22.88,9311591.00,23.05,23.11,22.75
1/17/2018,23.46,11151350.00,22.70,23.49,22.66
1/18/2018,23.29,12277250.00,23.43,23.57,23.25
1/19/2018,23.70,11457870.00,23.43,23.79,23.42
1/22/2018,23.85,9150770.00,23.68,23.96,23.53
1/23/2018,23.81,7512658.00,23.43,23.86,23.36
1/24/2018,23.66,6726341.00,23.89,24.00,23.54
1/25/2018,23.32,7273212.00,23.77,23.84,23.30
1/26/2018,23.91,8113265.00,23.54,23.92,23.54
1/29/2018,23.81,7024217.00,24.10,24.10,23.71
1/30/2018,23.44,7945874.00,23.64,23.76,23.29
1/31/2018,23.32,13704180.00,23.56,23.74,23.29
2/1/2018,23.30,7317403.00,23.22,23.48,23.14
2/2/2018,22.48,9068637.00,23.08,23.19,22.47
2/5/2018,21.29,13213330.00,22.32,22.56,21.28
2/6/2018,21.43,20268750.00,20.65,21.49,20.01
2/7/2018,21.21,11809120.00,21.36,21.53,21.05
2/8/2018,19.92,16609620.00,21.27,21.34,19.91
2/9/2018,20.11,13194480.00,20.21,20.31,19.31
2/12/2018,20.41,12507870.00,20.29,20.63,20.14
2/13/2018,20.58,11648740.00,20.30,20.66,20.30
2/14/2018,21.29,12127080.00,20.44,21.35,20.35
2/15/2018,21.45,7902956.00,21.48,21.53,20.95
2/16/2018,21.40,6065878.00,21.40,21.71,21.33
2/20/2018,21.39,8085411.00,21.27,21.59,21.23
2/21/2018,21.17,7459342.00,21.45,21.74,21.17
2/22/2018,21.39,10678480.00,21.26,21.64,21.25
2/23/2018,22.13,22296180.00,22.75,23.22,22.00
2/26/2018,23.46,21391200.00,22.55,23.55,22.55
2/27/2018,23.52,15067190.00,23.37,23.83,23.26
2/28/2018,23.39,13307170.00,23.67,23.90,23.39
3/1/2018,23.35,12040340.00,23.47,23.79,23.02
3/2/2018,23.57,10112260.00,23.23,23.63,23.08
3/5/2018,23.69,9921068.00,23.46,23.88,23.34
3/6/2018,23.95,9872343.00,23.80,24.15,23.72
3/7/2018,24.04,8420580.00,23.75,24.14,23.70
3/8/2018,23.95,6921534.00,24.15,24.24,23.75
3/9/2018,24.65,12892580.00,24.06,24.75,24.00
3/12/2018,23.83,19625400.00,24.69,24.69,23.82
3/13/2018,23.62,16939900.00,23.79,24.01,23.55
3/14/2018,23.48,9303775.00,23.79,23.81,23.28
3/15/2018,23.48,10310570.00,23.55,23.64,23.37
3/16/2018,23.51,20052700.00,23.57,23.82,23.49
3/19/2018,23.20,8149977.00,23.45,23.48,23.01
3/20/2018,23.28,8402546.00,23.25,23.56,23.22
3/21/2018,23.28,6337545.00,23.26,23.57,23.18
3/22/2018,22.47,13115060.00,23.04,23.10,22.43
3/23/2018,21.85,16681520.00,22.51,22.70,21.83
3/26/2018,22.20,9435925.00,22.25,22.44,21.92
3/27/2018,21.77,14986230.00,22.23,22.34,21.68
3/28/2018,21.69,13274730.00,21.77,21.87,21.43
3/29/2018,21.92,8427009.00,21.82,22.08,21.77
4/2/2018,21.14,10060240.00,21.84,21.88,20.92
4/3/2018,21.32,8117078.00,21.34,21.56,21.01
4/4/2018,21.54,8208383.00,20.87,21.61,20.81
4/5/2018,21.55,7166001.00,21.64,21.83,21.50
4/6/2018,20.78,10534800.00,21.28,21.62,20.60
4/9/2018,20.89,8208428.00,20.94,21.32,20.76
4/10/2018,21.75,11755010.00,21.19,21.92,21.19
4/11/2018,21.59,9735965.00,21.55,21.83,21.50
4/12/2018,21.94,7867235.00,21.80,22.10,21.76
4/13/2018,21.77,4687928.00,22.04,22.12,21.65
4/16/2018,21.85,8242387.00,21.97,22.03,21.73
4/17/2018,22.05,5329620.00,22.09,22.12,21.96
4/18/2018,22.03,7954767.00,22.11,22.14,21.97
4/19/2018,21.66,6802009.00,21.91,21.93,21.49
4/20/2018,21.53,7424777.00,21.66,21.77,21.43
4/23/2018,21.38,6374502.00,21.56,21.65,21.24
4/24/2018,21.20,7311816.00,21.39,21.64,21.03
4/25/2018,21.31,6893657.00,21.17,21.36,21.08
4/26/2018,21.48,5610561.00,21.50,21.53,21.33
4/27/2018,21.61,7237469.00,21.52,21.66,21.46
4/30/2018,21.49,7536560.00,21.66,21.86,21.38
5/1/2018,21.82,8273474.00,21.45,21.89,21.40
5/2/2018,21.55,8111057.00,21.91,21.91,21.50
5/3/2018,21.32,5930744.00,21.46,21.50,20.96
5/4/2018,21.68,6545097.00,21.21,21.78,21.21
5/7/2018,21.79,6845795.00,21.71,21.86,21.66
5/8/2018,21.96,6372616.00,21.75,21.99,21.65
5/9/2018,22.58,6277774.00,22.01,22.62,21.99
5/10/2018,22.75,4943188.00,22.67,22.78,22.51
5/11/2018,22.71,5544361.00,22.72,22.84,22.63
5/14/2018,22.57,7444074.00,22.82,23.07,22.52
5/15/2018,22.04,8544759.00,22.40,22.41,21.79
5/16/2018,22.23,6004856.00,22.06,22.28,21.99
5/17/2018,22.30,7262130.00,22.16,22.47,22.12
5/18/2018,22.14,6267683.00,22.30,22.33,22.11
5/21/2018,22.09,6338774.00,22.34,22.34,22.00
5/22/2018,22.07,8676347.00,22.12,22.26,22.01
5/23/2018,21.90,9844324.00,21.87,21.90,21.55
5/24/2018,21.92,8252349.00,21.80,21.98,21.44
5/25/2018,21.91,7732587.00,21.86,21.98,21.80
5/29/2018,21.30,13517870.00,21.74,21.78,21.20
5/30/2018,22.16,18164700.00,22.40,22.48,21.04
5/31/2018,22.03,15182260.00,22.11,22.32,21.96
6/1/2018,22.68,9206379.00,22.14,22.71,22.11
6/4/2018,22.74,8173537.00,22.70,22.83,22.60
6/5/2018,23.42,14277850.00,22.84,23.50,22.78
6/6/2018,23.51,10128920.00,23.52,23.60,23.18
6/7/2018,23.55,9292330.00,23.53,23.70,23.37
6/8/2018,23.71,6778731.00,23.40,23.75,23.40
6/11/2018,24.01,9133542.00,23.68,24.20,23.65
6/12/2018,23.62,5975106.00,23.99,23.99,23.55
6/13/2018,23.54,7214524.00,23.62,23.75,23.54
6/14/2018,23.80,7838818.00,23.63,23.99,23.63
6/15/2018,23.59,12881150.00,23.70,23.70,23.44
6/18/2018,23.65,5550673.00,23.37,23.75,23.30
6/19/2018,23.52,8761961.00,23.31,23.57,23.16
6/20/2018,23.30,6810039.00,23.60,23.69,23.30
6/21/2018,23.50,8511946.00,23.54,23.62,23.31
6/22/2018,23.80,14974230.00,23.65,23.90,23.59
6/25/2018,23.09,8636585.00,23.63,23.76,22.94
6/26/2018,23.05,6863170.00,23.13,23.23,22.99
6/27/2018,22.81,7358859.00,22.98,23.17,22.81
6/28/2018,22.67,9785060.00,22.83,22.85,22.35
6/29/2018,22.69,6984923.00,22.80,23.05,22.67
7/2/2018,22.86,5673782.00,22.54,22.86,22.38
7/3/2018,22.59,3619220.00,22.92,22.93,22.55
7/5/2018,22.75,7094159.00,22.82,22.99,22.45
7/6/2018,23.01,5375077.00,22.78,23.22,22.60
7/9/2018,23.37,7045781.00,23.14,23.44,23.01
7/10/2018,23.87,10459850.00,23.36,23.97,23.36
7/11/2018,23.06,6829600.00,23.65,23.71,23.05
7/12/2018,23.53,6345392.00,23.28,23.62,23.22
7/13/2018,23.71,5150172.00,23.31,23.77,23.30
7/16/2018,23.57,3787606.00,23.69,23.74,23.51
7/17/2018,23.59,4092920.00,23.38,23.72,23.38
7/18/2018,23.53,6467387.00,23.60,23.68,23.32
7/19/2018,23.19,6056028.00,23.40,23.53,23.17
7/20/2018,22.94,6919014.00,23.19,23.20,22.89
7/23/2018,23.04,5583921.00,22.87,23.15,22.66
7/24/2018,22.99,6984934.00,23.25,23.45,22.90
7/25/2018,23.29,5853811.00,22.91,23.31,22.91
7/26/2018,23.45,6385135.00,23.22,23.65,23.22
7/27/2018,23.23,4729662.00,23.45,23.55,23.11
7/30/2018,23.10,4266311.00,23.25,23.39,22.97
7/31/2018,23.08,6092636.00,23.12,23.22,23.05
8/1/2018,23.01,4343621.00,23.14,23.30,22.96
8/2/2018,23.21,5065257.00,22.89,23.26,22.89
8/3/2018,23.34,5091822.00,23.26,23.49,23.22
8/6/2018,23.74,5649697.00,23.28,23.83,23.28
8/7/2018,23.99,6100609.00,23.83,24.08,23.80
8/8/2018,24.14,5567751.00,23.98,24.25,23.93
8/9/2018,24.08,4836988.00,24.13,24.32,24.05
8/10/2018,23.99,5332568.00,23.91,24.09,23.91
8/13/2018,23.80,4631451.00,24.05,24.16,23.79
8/14/2018,24.15,5071413.00,23.93,24.25,23.93
8/15/2018,24.03,6087057.00,23.91,24.09,23.88
8/16/2018,24.14,6122856.00,24.18,24.29,24.06
8/17/2018,24.54,7472742.00,24.08,24.62,24.07
8/20/2018,24.54,6085094.00,24.54,24.80,24.45
8/21/2018,24.49,8165839.00,24.60,24.73,24.35
8/22/2018,24.49,5268676.00,24.46,24.63,24.25
8/23/2018,24.63,8126960.00,24.50,24.71,24.48
8/24/2018,24.15,12856750.00,24.00,24.38,23.68
8/27/2018,24.33,6599966.00,24.39,24.56,24.27
8/28/2018,24.49,5619074.00,24.44,24.59,24.31
8/29/2018,25.08,11216030.00,24.55,25.28,24.51
8/30/2018,24.73,9576616.00,25.04,25.26,24.69
8/31/2018,24.65,8939185.00,24.56,24.73,24.42
9/4/2018,24.81,8906440.00,24.53,24.88,24.39
9/5/2018,24.68,12745990.00,24.83,24.93,24.48
9/6/2018,24.68,7686511.00,24.71,24.92,24.64
9/7/2018,24.71,14398320.00,24.76,24.96,24.66
9/10/2018,24.65,11585740.00,24.78,24.89,24.57
9/11/2018,24.68,13718320.00,24.45,24.81,24.35
9/12/2018,24.60,6950552.00,24.60,24.69,24.42
9/13/2018,25.01,6788177.00,24.71,25.09,24.67
9/14/2018,25.04,5459770.00,25.01,25.15,24.96
9/17/2018,25.01,5937376.00,25.04,25.25,24.98
9/18/2018,25.16,7597413.00,24.98,25.27,24.96
9/19/2018,25.26,7133728.00,25.15,25.33,25.05
9/20/2018,25.69,10136190.00,25.44,25.78,25.40
9/21/2018,25.83,21863720.00,25.79,26.14,25.73
9/24/2018,25.87,9643542.00,25.73,25.95,25.72
9/25/2018,25.56,6153616.00,25.86,25.94,25.52
9/26/2018,25.97,9953807.00,25.71,26.22,25.71
9/27/2018,25.63,7926342.00,26.01,26.02,25.58
9/28/2018,25.77,9171549.00,25.54,25.89,25.48
10/1/2018,25.60,8571746.00,25.80,25.98,25.53
10/2/2018,26.08,13566100.00,25.60,26.15,25.60
10/3/2018,26.06,8509617.00,26.20,26.34,25.97
10/4/2018,26.42,12953120.00,26.89,27.08,26.22
10/5/2018,25.34,15682410.00,26.27,26.43,25.22
10/8/2018,25.01,11115160.00,25.19,25.35,24.94
10/9/2018,24.97,9625470.00,24.87,25.12,24.75
10/10/2018,24.26,13746290.00,24.81,25.00,24.22
10/11/2018,23.01,17985770.00,24.07,24.14,22.84
10/12/2018,23.67,11813870.00,23.46,23.76,23.27
10/15/2018,23.56,8192684.00,23.62,23.85,23.54
10/16/2018,23.96,7373891.00,23.77,23.98,23.56
10/17/2018,23.87,7223488.00,24.03,24.13,23.60
10/18/2018,23.77,7180092.00,23.81,24.09,23.54
10/19/2018,23.84,11614660.00,23.87,24.25,23.65
10/22/2018,24.11,10353910.00,24.00,24.43,23.95
10/23/2018,23.94,9435773.00,23.61,24.13,23.26
10/24/2018,23.06,11398320.00,23.97,24.04,23.02
10/25/2018,23.79,11192730.00,23.28,24.06,23.27
10/26/2018,23.13,12369240.00,23.31,23.63,22.85
10/29/2018,23.02,9795991.00,23.48,23.72,22.70
10/30/2018,23.67,9440775.00,23.07,23.70,22.98
10/31/2018,24.14,9952985.00,23.84,24.37,23.78
11/1/2018,24.49,7091954.00,24.24,24.50,23.98
11/2/2018,24.63,11792210.00,24.36,24.83,24.30
11/5/2018,24.64,6998545.00,24.63,24.77,24.42
11/6/2018,24.88,6444504.00,24.59,24.88,24.53
11/7/2018,25.47,8064153.00,25.08,25.51,24.66
11/8/2018,25.50,7545730.00,25.42,25.72,25.37
11/9/2018,25.00,7046588.00,25.36,25.49,24.76
11/12/2018,23.99,7718365.00,24.77,24.86,23.94
11/13/2018,23.95,7814508.00,23.99,24.33,23.78
11/14/2018,23.73,9949448.00,24.26,24.42,23.69
11/15/2018,24.17,10564020.00,23.55,24.43,23.42
11/16/2018,24.16,8571827.00,23.99,24.37,23.96
11/19/2018,23.55,9902331.00,24.09,24.17,23.31
11/20/2018,22.61,10703630.00,23.07,23.12,22.47
11/21/2018,22.66,8216912.00,22.77,23.08,22.66
11/23/2018,22.51,3909040.00,22.39,22.76,22.27
11/26/2018,22.81,10111040.00,22.85,22.92,22.48
11/27/2018,22.73,10173910.00,22.63,22.77,22.47
11/28/2018,23.43,8856861.00,22.80,23.44,22.61
11/29/2018,22.86,17130370.00,23.29,23.29,22.66
11/30/2018,23.00,19151520.00,23.22,23.24,22.42
12/3/2018,23.95,12375840.00,23.40,24.02,23.40
12/4/2018,23.24,14903230.00,23.89,24.17,23.04
12/6/2018,24.02,19811630.00,22.76,24.09,22.70
12/7/2018,22.93,17391130.00,23.90,23.91,22.63
12/10/2018,22.93,13111350.00,22.80,23.06,22.31
12/11/2018,22.55,13026960.00,23.10,23.40,22.39
12/12/2018,22.55,10200230.00,22.70,22.99,22.52
12/13/2018,22.29,10434910.00,22.63,22.91,22.26
12/14/2018,22.01,11959490.00,22.08,22.44,21.94
12/17/2018,21.42,11680620.00,21.90,22.28,21.29
12/18/2018,21.41,11828040.00,21.60,21.92,21.37
12/19/2018,20.55,18163170.00,21.46,21.63,20.34
12/20/2018,20.07,16051130.00,20.51,20.64,19.82
12/21/2018,19.65,20933570.00,19.98,20.38,19.63
12/24/2018,19.38,6326318.00,19.40,19.89,19.32
12/26/2018,20.33,14086260.00,19.53,20.35,19.22
12/27/2018,20.38,11824990.00,20.02,20.39,19.65
12/28/2018,20.34,9626548.00,20.56,20.80,20.28
12/31/2018,20.46,8510336.00,20.49,20.65,20.24
1/2/2019,20.63,9435394.00,20.03,20.78,20.00
1/3/2019,19.93,13305020.00,20.35,20.40,19.71
1/4/2019,20.72,9146261.00,20.38,20.89,20.27
1/7/2019,20.95,8119260.00,20.75,21.16,20.74
1/8/2019,21.21,6353235.00,21.22,21.42,20.84
1/9/2019,21.21,7953969.00,21.34,21.46,21.01
1/10/2019,21.47,7957866.00,21.12,21.53,21.06
1/11/2019,21.17,12524900.00,21.24,21.29,20.80
1/14/2019,20.79,9575239.00,20.94,21.09,20.68
1/15/2019,21.01,8838795.00,20.80,21.07,20.65
1/16/2019,21.05,8612965.00,20.95,21.18,20.71
1/17/2019,21.23,11193870.00,20.95,21.45,20.92
1/18/2019,21.75,10827060.00,21.36,21.79,21.29
1/22/2019,21.32,15237140.00,21.62,21.65,21.18
1/23/2019,21.44,10037020.00,21.41,21.58,21.19
1/24/2019,21.77,5595160.00,21.55,21.95,21.51
1/25/2019,22.10,7290599.00,21.94,22.12,21.84
1/28/2019,21.98,5959888.00,21.83,22.00,21.68
1/29/2019,21.88,6807727.00,22.12,22.23,21.85
1/30/2019,22.20,7162453.00,22.09,22.24,21.91
1/31/2019,22.03,11199200.00,22.20,22.26,22.01
2/1/2019,22.26,7944125.00,22.16,22.29,21.93
2/4/2019,22.55,6468649.00,22.27,22.60,22.16
2/5/2019,22.80,5987133.00,22.57,22.82,22.57
2/6/2019,23.07,5832632.00,22.80,23.09,22.80
2/7/2019,22.86,7607685.00,22.92,23.02,22.69
2/8/2019,22.92,5975413.00,22.65,22.93,22.60
2/11/2019,22.86,6626045.00,23.00,23.20,22.79
2/12/2019,23.35,6248788.00,23.01,23.40,23.00
2/13/2019,23.32,9811172.00,23.44,23.54,23.22
2/14/2019,23.23,6843727.00,23.23,23.46,23.19
2/15/2019,23.28,10865520.00,23.33,23.40,23.14
2/19/2019,23.25,7177139.00,23.24,23.39,23.18
2/20/2019,23.38,6341808.00,23.28,23.53,23.25
2/21/2019,23.39,9500179.00,23.21,23.62,23.21
2/22/2019,23.74,6729647.00,23.55,23.82,23.52
2/25/2019,23.91,12772300.00,23.83,24.09,23.81
2/26/2019,23.90,9341232.00,23.78,23.99,23.76
2/27/2019,23.85,10757530.00,23.75,23.89,23.61
2/28/2019,19.73,53495280.00,20.05,20.34,19.34
3/1/2019,19.60,29415810.00,19.92,19.95,19.49
3/4/2019,19.53,19446830.00,19.61,19.91,19.35
3/5/2019,19.36,15524560.00,19.54,19.74,19.35
3/6/2019,19.08,14410300.00,19.33,19.35,19.06
3/7/2019,18.82,14276190.00,19.00,19.02,18.73
3/8/2019,18.74,10238300.00,18.53,18.75,18.46
3/11/2019,19.04,11834370.00,18.78,19.21,18.78
3/12/2019,19.06,19010170.00,18.92,19.12,18.86
3/13/2019,19.61,25227510.00,19.10,19.63,19.05
3/14/2019,19.64,18526830.00,19.62,19.71,19.49
3/15/2019,19.94,22556220.00,19.65,19.97,19.64
3/18/2019,19.95,13231760.00,19.91,20.07,19.84
3/19/2019,20.00,12975270.00,20.03,20.28,19.91
3/20/2019,19.99,11558430.00,20.01,20.16,19.80
3/21/2019,20.22,11842760.00,19.95,20.35,19.95
3/22/2019,19.34,15556580.00,20.11,20.17,19.33
3/25/2019,18.97,15881680.00,19.28,19.32,18.86
3/26/2019,19.13,10991480.00,19.10,19.36,19.00
3/27/2019,18.93,13525820.00,19.11,19.38,18.86
3/28/2019,19.00,15678440.00,18.96,19.25,18.91
3/29/2019,19.43,12158830.00,19.22,19.48,19.19
4/1/2019,20.05,13754270.00,19.73,20.09,19.54
4/2/2019,19.72,16592750.00,20.14,20.20,19.67
4/3/2019,19.75,14054170.00,19.78,20.03,19.66
4/4/2019,19.76,9353997.00,19.78,19.86,19.65
4/5/2019,19.79,6295233.00,19.79,19.94,19.75
4/8/2019,19.94,7296048.00,19.74,20.01,19.74
4/9/2019,19.59,12538400.00,19.81,19.88,19.50
4/10/2019,19.97,12760300.00,19.58,20.00,19.57
4/11/2019,19.94,11975770.00,19.96,20.09,19.87
4/12/2019,20.21,8572479.00,20.04,20.25,20.02
4/15/2019,20.20,8880490.00,20.23,20.28,20.01
4/16/2019,20.57,10751170.00,20.25,20.61,20.20
4/17/2019,20.50,8476848.00,20.60,20.65,20.43
4/18/2019,20.52,7434134.00,20.49,20.62,20.45
4/22/2019,19.88,9114461.00,20.42,20.48,19.83
4/23/2019,20.09,8000625.00,19.96,20.18,19.78
4/24/2019,19.87,11873430.00,20.03,20.26,19.87
4/25/2019,19.60,13256510.00,19.84,19.89,19.60
4/26/2019,19.41,7894562.00,19.45,19.58,19.29
4/29/2019,19.66,8986987.00,19.33,19.78,19.33
4/30/2019,19.95,8299204.00,19.60,19.96,19.58
5/1/2019,19.93,9269888.00,19.95,20.18,19.78
5/2/2019,20.04,8627463.00,19.99,20.13,19.87
5/3/2019,20.29,6821281.00,20.19,20.35,20.09
5/6/2019,20.09,11525350.00,19.83,20.11,19.68
5/7/2019,19.61,9272073.00,19.86,19.96,19.47
5/8/2019,19.53,6271286.00,19.52,19.79,19.50
5/9/2019,19.29,8803292.00,19.34,19.34,18.90
5/10/2019,19.12,10180110.00,19.19,19.31,18.78
5/13/2019,18.27,11637420.00,18.55,18.68,18.12
5/14/2019,18.30,8363267.00,18.33,18.63,18.17
5/15/2019,18.73,12947080.00,18.13,18.84,18.06
5/16/2019,18.94,7430268.00,18.79,19.07,18.74
5/17/2019,19.02,11414350.00,18.71,19.14,18.70
5/20/2019,18.96,14502110.00,18.75,19.21,18.67
5/21/2019,19.44,11554640.00,19.08,19.58,19.08
5/22/2019,19.20,16046100.00,19.26,19.42,18.99
5/23/2019,19.19,14652020.00,18.92,19.29,18.74
5/24/2019,20.03,13550990.00,19.52,20.23,19.40
5/28/2019,19.66,17343410.00,19.98,20.13,19.66
5/29/2019,19.00,19384800.00,19.53,19.59,18.82
5/30/2019,19.14,9387691.00,19.16,19.31,18.98
5/31/2019,18.68,13082670.00,18.85,18.86,18.35
6/3/2019,18.66,9809118.00,18.75,19.04,18.61
6/4/2019,19.39,10299620.00,19.00,19.42,18.83
6/5/2019,19.56,8291306.00,19.50,19.65,19.19
6/6/2019,19.66,7820048.00,19.65,19.77,19.47
6/7/2019,19.71,8454469.00,19.68,19.98,19.66
6/10/2019,19.88,7656512.00,19.83,20.04,19.82
6/11/2019,19.86,7689475.00,19.90,19.99,19.72
6/12/2019,19.92,10798520.00,19.86,20.01,19.70
6/13/2019,19.99,6705651.00,19.96,20.09,19.92
6/14/2019,19.91,6987493.00,19.97,19.99,19.74
6/17/2019,19.90,7188834.00,19.87,20.03,19.79
6/18/2019,20.52,9407005.00,20.01,20.56,20.00
6/19/2019,20.63,8971491.00,20.57,20.77,20.46
6/20/2019,20.86,9745649.00,20.88,20.90,20.68
6/21/2019,20.70,15220650.00,20.82,20.82,20.52
6/24/2019,20.66,9726321.00,20.70,20.87,20.57
6/25/2019,20.60,9236864.00,20.73,20.91,20.58
6/26/2019,20.79,8431044.00,20.74,20.84,20.69
6/27/2019,20.74,7896567.00,20.84,21.09,20.72
6/28/2019,20.79,10777280.00,20.83,20.96,20.73
7/1/2019,20.99,7060226.00,21.12,21.38,20.88
7/2/2019,21.06,7057973.00,21.10,21.14,20.91
7/3/2019,21.16,5034362.00,21.05,21.26,20.96
7/5/2019,21.16,6394757.00,21.01,21.20,20.92
7/8/2019,20.74,9759124.00,21.00,21.13,20.70
7/9/2019,20.63,8638055.00,20.59,20.76,20.51
7/10/2019,20.59,5646605.00,20.83,20.88,20.58
7/11/2019,20.85,10293660.00,20.63,20.86,20.47
7/12/2019,21.23,6846015.00,21.00,21.27,20.97
7/15/2019,21.35,8418966.00,21.25,21.43,21.25
7/16/2019,21.31,6269016.00,21.41,21.62,21.28
7/17/2019,21.18,5692829.00,21.27,21.40,21.18
7/18/2019,21.38,5734119.00,21.10,21.44,21.08
7/19/2019,21.39,7724655.00,21.45,21.58,21.38
7/22/2019,21.44,9753608.00,21.50,21.54,21.40
7/23/2019,21.63,8395700.00,21.56,21.71,21.43
7/24/2019,21.57,6886188.00,21.59,21.74,21.45
7/25/2019,21.33,5332073.00,21.49,21.49,21.16
7/26/2019,21.52,5061927.00,21.38,21.58,21.23
7/29/2019,21.50,5866998.00,21.47,21.60,21.38
7/30/2019,21.54,4525797.00,21.46,21.58,21.33
7/31/2019,21.04,12752180.00,21.48,21.58,20.89
8/1/2019,20.99,12234100.00,21.03,21.55,20.79
8/2/2019,20.14,10942630.00,20.56,20.69,19.93
8/5/2019,19.16,9648361.00,19.96,20.00,18.99
8/6/2019,19.25,8275913.00,19.32,19.48,19.08
8/7/2019,19.09,8637045.00,18.97,19.18,18.81
8/8/2019,19.53,6053956.00,19.25,19.59,19.21
8/9/2019,19.28,5251151.00,19.45,19.48,19.13
8/12/2019,18.90,5208671.00,19.15,19.18,18.80
8/13/2019,19.54,11998980.00,18.88,19.79,18.82
8/14/2019,19.28,18915500.00,19.21,19.40,19.07
8/15/2019,18.63,10145950.00,19.17,19.29,18.44
8/16/2019,19.08,10972690.00,18.85,19.19,18.83
8/19/2019,19.21,7609073.00,19.46,19.63,19.21
8/20/2019,18.91,8141316.00,18.88,19.10,18.79
8/21/2019,18.96,7505581.00,19.15,19.20,18.94
8/22/2019,18.93,11742370.00,19.01,19.11,18.83
8/23/2019,17.81,26399960.00,17.32,18.16,17.10
8/26/2019,17.84,15138650.00,17.98,18.07,17.73
8/27/2019,17.73,13791990.00,17.94,18.10,17.60
8/28/2019,17.79,10676350.00,17.77,17.92,17.62
8/29/2019,18.09,7605348.00,18.07,18.27,18.05
8/30/2019,18.29,8070120.00,18.31,18.51,18.21
9/3/2019,18.15,7878612.00,18.07,18.30,17.97
9/4/2019,18.36,6870760.00,18.30,18.51,18.21
9/5/2019,18.91,9151767.00,18.59,19.09,18.54
9/6/2019,19.10,6576238.00,19.00,19.16,18.98
9/9/2019,19.01,12135200.00,18.79,19.15,18.75
9/10/2019,18.99,9472498.00,18.79,19.02,18.77
9/11/2019,19.06,8737715.00,18.98,19.12,18.84
9/12/2019,18.75,25108940.00,18.99,19.05,18.47
9/13/2019,19.08,14057440.00,18.85,19.20,18.85
9/16/2019,18.87,7849496.00,18.56,18.91,18.46
9/17/2019,18.87,8668897.00,18.86,18.96,18.58
9/18/2019,18.71,6295027.00,18.89,18.99,18.49
9/19/2019,18.75,10150720.00,18.75,19.04,18.73
9/20/2019,18.47,14516550.00,18.81,18.86,18.46
9/23/2019,18.52,7548123.00,18.39,18.63,18.37
9/24/2019,18.15,10516950.00,18.58,18.65,18.12
9/25/2019,18.41,17342220.00,18.22,18.52,18.18
9/26/2019,18.42,11349480.00,18.40,18.49,18.25
9/27/2019,18.53,19906800.00,18.54,18.75,18.43
9/30/2019,18.92,24575220.00,18.60,19.03,18.60
10/1/2019,18.59,10473570.00,19.05,19.18,18.58
10/2/2019,18.59,20427060.00,18.44,18.71,18.23
10/3/2019,18.40,16209060.00,18.51,18.55,18.14
10/4/2019,16.64,41262780.00,17.00,17.04,16.46
10/7/2019,16.80,15453010.00,16.53,17.02,16.51
10/8/2019,16.30,16910550.00,16.61,16.66,16.28
10/9/2019,16.40,13552260.00,16.47,16.51,16.32
10/10/2019,16.03,19903110.00,16.05,16.18,15.93
10/11/2019,16.24,21220570.00,16.29,16.60,16.21
10/14/2019,16.54,15226200.00,16.33,16.58,16.29
10/15/2019,16.81,13282440.00,16.54,16.90,16.41
10/16/2019,17.04,18525110.00,16.76,17.16,16.73
10/17/2019,16.96,9603501.00,17.05,17.05,16.85
10/18/2019,16.85,12184420.00,16.86,16.98,16.76
10/21/2019,17.00,8822768.00,16.99,17.27,16.99
10/22/2019,17.12,10218270.00,17.01,17.19,16.91
10/23/2019,17.12,7244160.00,17.15,17.16,16.98
10/24/2019,17.12,6508288.00,17.18,17.32,16.99
10/25/2019,17.33,17277320.00,17.22,17.46,17.20
10/28/2019,17.63,13899500.00,17.46,17.67,17.46
10/29/2019,17.60,9462651.00,17.63,17.76,17.53
10/30/2019,17.62,8662611.00,17.57,17.63,17.31
10/31/2019,17.37,11414850.00,17.53,17.62,17.16
11/1/2019,17.78,8824911.00,17.44,17.78,17.29
11/4/2019,18.00,12249200.00,17.85,18.15,17.82
11/5/2019,18.40,12554290.00,18.24,18.48,18.20
11/6/2019,19.57,63188330.00,21.64,21.67,19.49
11/7/2019,19.39,28254210.00,19.82,20.19,19.36
11/8/2019,19.52,21512670.00,19.30,19.55,18.96
11/11/2019,19.64,12704720.00,19.53,19.91,19.48
11/12/2019,19.53,15757590.00,19.61,19.65,19.31
11/13/2019,19.53,10302190.00,19.38,19.63,19.25
11/14/2019,20.13,15232930.00,19.88,20.14,19.73
11/15/2019,20.18,10628080.00,20.23,20.25,20.07
11/18/2019,20.01,12326310.00,19.90,20.23,19.81
11/19/2019,20.11,14578620.00,20.10,20.18,19.93
11/20/2019,19.70,13926660.00,19.82,19.90,19.54
11/21/2019,19.65,12026410.00,19.81,19.90,19.53
11/22/2019,19.94,10331370.00,19.79,20.07,19.71
11/25/2019,20.15,12899940.00,19.95,20.23,19.92
11/26/2019,20.06,17376370.00,20.10,20.10,19.71
11/27/2019,19.79,17501710.00,20.40,20.44,19.72
11/29/2019,20.08,10551760.00,19.75,20.18,19.74
12/2/2019,19.83,13833540.00,19.98,20.05,19.79
12/3/2019,19.63,16652010.00,19.55,19.68,19.42
12/4/2019,20.04,14994410.00,19.72,20.15,19.70
12/5/2019,20.32,12965960.00,20.14,20.33,19.96
12/6/2019,20.50,10736900.00,20.43,20.65,20.41
12/9/2019,20.47,7542121.00,20.49,20.75,20.44
12/10/2019,20.20,11302750.00,19.97,20.27,19.97
12/11/2019,20.07,15139510.00,20.20,20.23,19.94
12/12/2019,20.43,14799340.00,19.94,20.50,19.94
12/13/2019,20.35,8693891.00,20.37,20.53,20.26
12/16/2019,20.52,8720853.00,20.40,20.69,20.38
