Date, Close/Last, Volume, Open, High, Low
12/13/2019,1475.6,468,1463.1,1475.9,1463.1
12/12/2019,1472.3,396657,1469.5,1474.9,1468.2
12/11/2019,1475,247053,1479.1,1479.9,1478.7
12/10/2019,1462.6,367,1460.7,1467.2,1460.7
12/9/2019,1464.9,163682,1464.1,1469.8,1463
12/6/2019,1459.1,899,1475,1476,1458.2
12/5/2019,1483.1,231844,1480,1485.7,1478
12/4/2019,1480.2,311909,1483.2,1489.9,1476.7
12/3/2019,1478.2,1460,1461.6,1480.4,1459.5
12/2/2019,1469.2,304242,1470.3,1471.7,1459.8
11/29/2019,1472.7,259290,1461.7,1472.9,1459.1
11/27/2019,1453.4,88164,1461.1,1461.9,1452
11/26/2019,1467.4,271754,1461.3,1470,1456.6
11/25/2019,1463.8,121238,1467.5,1468.9,1460.7
11/22/2019,1468.8,77902,1470.9,1480.3,1468.1
11/21/2019,1470.5,73979,1481.3,1482.7,1469.4
11/20/2019,1470,31,1472.6,1474.5,1467.3
11/19/2019,1473.3,18,1467.7,1474.3,1467.7
11/18/2019,1471.9,325033,1467.8,1474.4,1456.6
11/15/2019,1467.3,13,1469.1,1469.1,1469.1
11/14/2019,1473.4,312108,1464,1475.5,1461.7
11/13/2019,1463.3,335980,1463.5,1467.9,1462.8
11/12/2019,1452.1,6,1454.9,1454.9,1447.1
11/11/2019,1457.1,295394,1460,1467.4,1448.9
11/8/2019,1461.3,21,1469.1,1469.1,1461.7
11/7/2019,1464.2,581,1466.8,1473,1466.5
11/6/2019,1493.1,302400,1491.5,1495.9,1490.5
11/5/2019,1483.7,573018,1511.6,1511.9,1480.7
11/4/2019,1511.1,250475,1516.4,1517.1,1506.5
11/1/2019,1508,235,1511,1511.6,1503
10/31/2019,1514.8,375394,1498.8,1516.7,1496
10/30/2019,1493.2,320,1487.2,1495.4,1481
10/29/2019,1490.7,283038,1494,1494,1489.7
10/28/2019,1495.8,310472,1507.4,1510.8,1492.3
10/25/2019,1499.5,93,1501.4,1503.7,1499
10/24/2019,1504.7,290074,1495.1,1506.9,1490.4
10/23/2019,1495.7,235483,1491.1,1499.4,1490.7
10/22/2019,1487.5,200931,1487.5,1492.1,1484
10/21/2019,1488.1,272195,1495.6,1498.7,1484.8
10/18/2019,1488.2,82,1487.3,1489.1,1486.6
10/17/2019,1498.3,296546,1494.2,1501.1,1487
10/16/2019,1494,360083,1484.8,1495.5,1480.6
10/15/2019,1483.5,307105,1497.7,1503,1480.8
10/14/2019,1497.6,221049,1492,1501.5,1487.1
10/11/2019,1488.7,462693,1498.3,1508,1478
10/10/2019,1500.9,401849,1510.8,1522.3,1495.7
10/9/2019,1512.8,277242,1515.4,1516.5,1510.1
10/8/2019,1497.2,46,1489.4,1506.3,1489.3
10/7/2019,1504.4,252399,1497.2,1499.7,1493.3
10/4/2019,1506.2,233,1505.6,1508.7,1497.1
10/3/2019,1513.8,400130,1505.6,1525.8,1501.7
10/2/2019,1501,205,1476.6,1503.7,1474.1
10/1/2019,1489,440804,1478,1493.5,1465
9/30/2019,1472.9,424759,1501.7,1507.2,1470.5
9/27/2019,1506.4,436289,1511.8,1514.4,1493.3
9/26/2019,1515.2,367934,1510.9,1519.5,1507.1
9/25/2019,1512.3,462742,1539.8,1542.8,1507.4
9/24/2019,1532.1,25,1515.1,1533,1515.1
9/23/2019,1531.5,349589,1521.5,1534.4,1517.9
9/20/2019,1507.3,2,1503,1503,1503
9/19/2019,1506.2,281865,1502,1512.1,1496.3
9/18/2019,1515.8,352179,1509.7,1519.5,1490.7
9/17/2019,1513.4,329751,1506.5,1515,1500.9
9/16/2019,1503.1,21,1500,1500.6,1498.5
9/13/2019,1490.9,1,1486.9,1486.9,1486.9
9/12/2019,1507.4,480662,1504.9,1532.2,1496.8
9/11/2019,1503.2,296849,1493.9,1506.2,1492.9
9/10/2019,1499.2,390357,1507,1509.1,1492.1
9/9/2019,1511.1,312350,1516.4,1523.8,1505.5
9/6/2019,1506.2,54,1517.3,1526,1504.5
9/5/2019,1525.5,586738,1561.4,1561.9,1514.3
9/4/2019,1560.4,404779,1556,1566.2,1542.6
9/3/2019,1555.9,541575,1539.2,1558.9,1529.6
8/30/2019,1529.2,320657,1536.9,1541.9,1525.6
8/29/2019,1536.9,439428,1549.4,1559.8,1528.6
8/28/2019,1549.1,342556,1551.8,1556.6,1541.4
8/27/2019,1551.8,334873,1537.3,1554.5,1535.3
8/26/2019,1537.2,407500,1545.4,1565,1534.8
8/23/2019,1537.6,459203,1508.8,1540.3,1503
8/22/2019,1497.3,686,1495.1,1495.1,1493.8
8/21/2019,1515.7,238972,1518.4,1518.4,1506.5
8/20/2019,1515.7,240391,1506.3,1518.8,1503
8/19/2019,1511.6,289329,1523,1523.6,1503.3
8/16/2019,1523.6,314597,1533.9,1538.6,1513.9
8/15/2019,1531.2,428618,1526.6,1537.7,1518.3
8/14/2019,1527.8,474508,1513,1534.9,1504.5
8/13/2019,1514.1,598082,1522.3,1546.1,1488.9
8/12/2019,1517.2,338340,1509.2,1531.5,1498.6
8/9/2019,1508.5,325590,1515.9,1521.1,1506.2
8/8/2019,1509.5,385340,1512.1,1521.3,1501.6
8/7/2019,1507.3,824,1473.5,1509.9,1473.2
8/6/2019,1484.2,375937,1481.1,1486.8,1468.2
8/5/2019,1464.6,1008,1440.4,1469.7,1440.4
8/2/2019,1457.5,471109,1457.5,1461.9,1442.5
8/1/2019,1432.4,567523,1425.6,1458.2,1412.1
7/31/2019,1437.8,406886,1443.7,1447.8,1422.3
7/30/2019,1441.8,248318,1439.5,1445.7,1434.8
7/29/2019,1433.3,168447,1431.9,1440.8,1427.5
7/26/2019,1432.2,5,1422.8,1423,1422.8
7/25/2019,1427.5,112902,1439.3,1447,1423.9
7/24/2019,1436.5,65218,1431,1442.9,1429.4
7/23/2019,1421.7,380116,1426,1431.4,1414.6
7/22/2019,1426.9,247608,1428.5,1430.8,1423
7/19/2019,1426.7,509138,1448.3,1454.4,1421.1
7/18/2019,1428.1,467773,1428.5,1449.7,1415.6
7/17/2019,1421.3,6,1404.6,1404.6,1404.6
7/16/2019,1411.2,327180,1416.4,1420,1402.1
7/15/2019,1413.5,231266,1417.7,1421.6,1409.3
7/12/2019,1412.2,272092,1406.2,1418.9,1404.5
7/11/2019,1406.7,380765,1421.1,1429.4,1402.7
7/10/2019,1412.5,426438,1400,1421.1,1391.8
7/9/2019,1400.5,276008,1397.9,1402.4,1387.5
7/8/2019,1400,303906,1401,1409.9,1393.8
7/5/2019,1400.1,555564,1418.8,1426.8,1388.6
7/3/2019,1420.9,118832,1421.6,1424.4,1412.7
7/2/2019,1408,372203,1386.2,1424,1386.2
7/1/2019,1385.6,214,1386.6,1395.8,1382.8
6/28/2019,1409.7,297964,1413.3,1427.8,1408.6
6/27/2019,1412,324556,1412.7,1415.3,1401.4
6/26/2019,1411.6,84,1407.2,1413.3,1405.8
6/25/2019,1418.7,618309,1423.4,1442.9,1415.1
6/24/2019,1418.2,359931,1403.9,1425.1,1403.6
6/21/2019,1400.1,496645,1391.2,1415.4,1386.1
6/20/2019,1396.9,511767,1364.5,1397.7,1361.3
6/19/2019,1348.8,320720,1350.4,1366.6,1344.8
6/18/2019,1350.7,364839,1343.9,1358.5,1342.1
6/17/2019,1342.9,230833,1345.5,1347.1,1336.6
6/14/2019,1344.5,346086,1346.5,1362.2,1341.4
6/13/2019,1343.7,197876,1337.8,1347,1335.9
6/12/2019,1336.8,226929,1330.6,1342.3,1329.8
6/11/2019,1331.2,204179,1331.8,1333.8,1323.6
6/10/2019,1329.3,220533,1341.2,1341.7,1329
6/7/2019,1346.1,314048,1339.7,1352.7,1334.3
6/6/2019,1342.7,252464,1336.1,1344.2,1331.3
6/5/2019,1333.6,391880,1330.2,1348.9,1329.3
6/4/2019,1323.4,302,1324.3,1328.6,1320.8
6/3/2019,1327.9,347054,1312.5,1333,1310.9
5/31/2019,1311.1,322176,1293.2,1311.9,1292.5
5/30/2019,1287.1,55573,1279.4,1288.3,1273.9
5/29/2019,1286.3,194696,1284.3,1290.3,1283.8
5/28/2019,1282.5,207053,1290.5,1292.6,1280.8
5/24/2019,1289.2,23685,1289.2,1292.6,1288.9
5/23/2019,1291,71630,1278.5,1292.5,1277.5
5/22/2019,1274.2,186404,1274.4,1277.1,1272
5/21/2019,1273.2,204984,1277.7,1277.7,1269
5/20/2019,1277.3,206270,1277.6,1278.8,1273.3
5/17/2019,1275.7,255125,1287.2,1289,1274.6
5/16/2019,1286.2,256906,1297.7,1299.3,1284.2
5/15/2019,1297.8,241040,1298,1301.7,1293.6
5/14/2019,1296.3,215009,1300.8,1304.2,1294.3
5/13/2019,1301.8,362480,1288.3,1302.2,1282.4
5/10/2019,1287.4,227237,1285,1290.3,1283.9
5/9/2019,1285.2,296815,1281.9,1289.2,1280.4
5/8/2019,1281.4,288297,1285.6,1292.8,1280.2
5/7/2019,1285.6,241502,1282.4,1287.3,1279.1
5/6/2019,1283.8,240672,1281.8,1287.4,1278.1
5/3/2019,1281.3,269353,1271.6,1283.9,1269
5/2/2019,1272,273895,1278.5,1279.4,1267.3
5/1/2019,1284.2,269944,1285.2,1289.4,1274.5
4/30/2019,1282.8,114,1281.7,1283.3,1280.8
4/29/2019,1281.5,199297,1289,1289.1,1279.9
4/26/2019,1288.8,268033,1279.1,1290.9,1276
4/25/2019,1279.7,230543,1277.9,1284.8,1275.2
4/24/2019,1279.4,235966,1274.4,1280.7,1270.5
4/23/2019,1273.2,271377,1277,1278.5,1267.9
4/22/2019,1277.6,133327,1278,1281.9,1275.7
4/18/2019,1276,219695,1276.2,1279.7,1273
4/17/2019,1276.8,209965,1279.5,1282.1,1275.2
4/16/2019,1277.2,308866,1290.8,1291.7,1275.5
4/15/2019,1291.3,222209,1294,1295.2,1285.3
4/12/2019,1295.2,185177,1295.8,1299.1,1293.2
4/11/2019,1293.3,311101,1312.4,1313.1,1292.9
4/10/2019,1313.9,212949,1308.2,1314.7,1304.7
4/9/2019,1308.3,196670,1301.6,1310.4,1300.6
4/8/2019,1297.1,63,1292.2,1302.1,1291.8
4/5/2019,1295.6,227617,1296.5,1297.8,1288.3
4/4/2019,1294.3,250306,1294.4,1298.7,1284.9
4/3/2019,1295.3,186420,1296.9,1299,1292.7
4/2/2019,1295.4,190667,1292.2,1297.1,1289.5
4/1/2019,1294.2,229896,1297.2,1301.7,1291
3/29/2019,1298.5,260381,1295,1304.6,1291.3
3/28/2019,1295.3,407079,1315,1317.6,1293.3
3/27/2019,1316.9,197067,1321.7,1325.2,1313.7
3/26/2019,1321.4,119776,1328.3,1329.3,1318.5
3/25/2019,1329,83949,1319.7,1330.8,1317
3/22/2019,1318.7,78716,1315.4,1320.9,1312.8
3/21/2019,1313.6,59829,1318.6,1326.3,1309.1
3/20/2019,1300.5,2,1300.7,1300.7,1300.7
3/19/2019,1306.5,203029,1303.7,1310.8,1302.1
3/18/2019,1301.5,172561,1302,1306.7,1298
3/15/2019,1302.9,224685,1295.6,1306.3,1293.7
3/14/2019,1293.4,1,1293.4,1293.4,1293.4
3/13/2019,1309.3,204246,1301.8,1311.6,1300.6
3/12/2019,1296.3,1,1294.7,1294.7,1294.7
3/11/2019,1291.1,187305,1298.2,1299.2,1290.6
3/8/2019,1299.3,270805,1286.7,1301.3,1285.6
3/7/2019,1286.1,246103,1287.3,1289.6,1280.8
3/6/2019,1287.6,187195,1288.8,1291.8,1284.3
3/5/2019,1284.7,207640,1287.8,1290.6,1282
3/4/2019,1287.5,253631,1294.4,1298.1,1283.8
3/1/2019,1299.2,328780,1315.5,1316.5,1291.3
2/28/2019,1316.1,238804,1321.7,1328.9,1314
2/27/2019,1317.7,604,1327.7,1327.9,1316.5
2/26/2019,1328.5,179292,1329.9,1332.4,1325.5
2/25/2019,1329.5,176322,1331.9,1334.9,1327.3
2/22/2019,1332.8,236737,1325.8,1335.6,1323.8
2/21/2019,1327.8,277389,1341.7,1344.3,1323.3
2/20/2019,1347.9,235291,1343.9,1349.8,1339.8
2/19/2019,1344.8,334325,1329.2,1345,1323.8
2/15/2019,1322.1,91941,1325,1330.8,1323.8
2/14/2019,1313.9,219485,1309.6,1317.4,1304.7
2/13/2019,1310.8,143,1311.6,1316,1308.1
2/12/2019,1314,144119,1311.6,1318.3,1310
2/11/2019,1307,119,1313.4,1313.4,1304.7
2/8/2019,1318.5,131864,1314.3,1319.5,1311.5
2/7/2019,1314.2,159728,1310.9,1315.8,1306.4
2/6/2019,1314.4,133244,1319.4,1319.9,1309.6
2/5/2019,1319.2,122758,1316.8,1321,1314.8
2/4/2019,1319.3,147699,1322.6,1323.6,1312.7
2/1/2019,1322.1,192924,1326,1328.2,1320.6
1/31/2019,1325.2,215552,1325.4,1331.1,1322.2
1/30/2019,1315.5,262539,1317,1328.6,1313.5
1/29/2019,1315.2,171769,1308.5,1317.1,1307.8
1/28/2019,1309.3,122869,1308.5,1309.8,1302.7
1/25/2019,1304.2,87878,1286,1309.3,1284.8
1/24/2019,1285.9,68784,1288.3,1290,1281.5
1/23/2019,1290.2,60819,1290.8,1292.1,1284
1/22/2019,1283.4,307704,1279.1,1285,1276
1/18/2019,1282.6,100826,1280.7,1283,1276
1/17/2019,1292.3,188241,1293.9,1295,1288.3
1/16/2019,1293.8,173284,1289.6,1295.4,1287.6
1/15/2019,1288.4,229624,1292.4,1294.8,1286.5
1/14/2019,1289.1,7,1292.4,1293.9,1289.9
1/11/2019,1289.5,200393,1287.6,1295.7,1287
1/10/2019,1287.4,227942,1294.7,1298,1286.7
1/9/2019,1292,232491,1286.1,1295,1280.9
1/8/2019,1285.9,206439,1289.9,1291.4,1280.2
1/7/2019,1289.9,197176,1287,1297,1284.1
1/4/2019,1285.8,299076,1296.5,1300.4,1278.1
1/3/2019,1294.8,229532,1288.5,1296.9,1286.4
1/2/2019,1284.1,222578,1285,1291,1280.6
12/31/2018,1281.3,108913,1283,1286.5,1279.7
12/28/2018,1283,155354,1278,1284.7,1276.5
12/27/2018,1281.1,200717,1270.1,1281.6,1269.1
12/26/2018,1273,198175,1273.5,1282.3,1267.4
12/24/2018,1271.8,130455,1260.7,1273.9,1260
12/21/2018,1258.1,200024,1263.5,1266.2,1257.1
12/20/2018,1267.9,303814,1247,1270.3,1246.2
12/19/2018,1256.4,261331,1253.5,1262.2,1245.3
12/18/2018,1253.6,164361,1249.7,1254.5,1249
12/17/2018,1251.8,156508,1242.8,1252.2,1239.4
12/14/2018,1241.4,183625,1246.2,1247.3,1236.5
12/13/2018,1247.4,148496,1250.7,1251.7,1244.4
12/12/2018,1250,144462,1248.3,1252.6,1247.1
12/11/2018,1247.2,176025,1249.8,1255.1,1245.8
12/10/2018,1249.4,190957,1255.6,1256.6,1246.9
12/7/2018,1252.6,215414,1243.1,1255.8,1242.6
12/6/2018,1243.6,238860,1243,1249.9,1240
12/5/2018,1242.6,104283,1244.6,1244.8,1238.7
12/4/2018,1246.6,214514,1236.3,1247.5,1235.8
12/3/2018,1239.6,233816,1227.8,1240.4,1226.6
11/30/2018,1226,158763,1229.9,1231.1,1221.8
11/29/2018,1230.4,229628,1227.1,1234.9,1226.7
11/28/2018,1229.8,199518,1220.9,1233.8,1216.8
11/27/2018,1219.9,132694,1228.5,1231.7,1217.8
11/26/2018,1228.7,141646,1230.4,1234.5,1228
11/23/2018,1223.2,234908,1227.8,1229.7,1220.3
11/21/2018,1225.8, N/A,1225.8,1225.8,1225.8
11/20/2018,1221.2,245888,1224.6,1229.5,1220.3
11/19/2018,1225.3,189907,1222.6,1226.5,1218.5
11/16/2018,1223,237367,1214.4,1226,1213.7
11/15/2018,1215,234966,1211.8,1217,1207.1
11/14/2018,1210.1,268788,1202.8,1217.2,1198.1
11/13/2018,1199.2,5,1196.3,1201.3,1196.3
11/12/2018,1201.3,1,1201.6,1201.6,1201.6
11/9/2018,1208.6,306462,1224.3,1224.6,1207.2
11/8/2018,1225.1,229614,1227.7,1228.5,1220.8
11/7/2018,1228.7,252072,1228.9,1238.4,1224.2
11/6/2018,1226.3,188660,1233.4,1237.8,1224.9
11/5/2018,1232.3,157253,1234.5,1236.8,1228.4
11/2/2018,1233.3,249587,1235.3,1238.4,1231.3
11/1/2018,1238.6,293251,1216.6,1239.3,1216.1
10/31/2018,1215,231855,1224.7,1225,1213.4
10/30/2018,1225.3,218624,1231.9,1232.5,1221.4
10/29/2018,1227.6,225204,1236.4,1237.6,1226.1
10/26/2018,1235.8,304896,1234.7,1246,1232.5
10/25/2018,1232.4,252780,1236.6,1242,1230.5
10/24/2018,1231.1,204289,1233.8,1238,1228.3
10/23/2018,1236.8,276325,1225.1,1243,1224.5
10/22/2018,1224.6,180132,1230.5,1232.6,1222.8
10/19/2018,1228.7,188648,1228.6,1234.1,1226.2
10/18/2018,1230.1,239133,1225.5,1233.6,1221.7
10/17/2018,1227.4,228207,1228,1232.9,1223.7
10/16/2018,1231,233393,1230.5,1235.9,1226.3
10/15/2018,1226.4,136,1222.4,1232.3,1222.4
10/12/2018,1222,309392,1227.7,1228.1,1219.3
10/11/2018,1227.6,503085,1197.9,1230,1194.7
10/10/2018,1193.4,243118,1192.7,1198.6,1188.5
10/9/2018,1191.5,236941,1192.2,1195.8,1186.6
10/8/2018,1184.4,250,1201,1201,1183.7
10/5/2018,1205.6,250219,1203.7,1209.8,1200.9
10/4/2018,1201.6,280314,1201.4,1210.7,1199.6
10/3/2018,1202.9,246832,1207,1212.3,1200.4
10/2/2018,1207,350240,1192.7,1212.3,1192.2
10/1/2018,1191.7,213617,1196.1,1196.5,1188.1
9/28/2018,1196.2,300928,1186.8,1198,1184.3
9/27/2018,1182.3,4947,1194.6,1197.3,1180.5
9/26/2018,1199.1,330481,1205.5,1206.9,1194.6
9/25/2018,1205.1,192109,1203.1,1207.9,1201.3
9/24/2018,1204.4,207122,1204,1208.8,1198.6
9/21/2018,1201.3,333369,1212.1,1215.8,1196
9/20/2018,1211.3,232693,1208.8,1213.2,1205.1
9/19/2018,1202.2, N/A,1202.2,1202.2,1202.2
9/18/2018,1202.9,223080,1206.4,1208.2,1200.3
9/17/2018,1205.8,205761,1199.8,1209.7,1197.5
9/14/2018,1201.1,276004,1206.6,1213.8,1197.7
9/13/2018,1208.2,295658,1212.4,1218,1205
9/12/2018,1210.9,292275,1203.5,1213.9,1197.6
9/11/2018,1202.2,253326,1200.4,1204.8,1192.7
9/10/2018,1199.8,207244,1200.7,1203.8,1196.2
9/7/2018,1200.4,272324,1205.6,1209,1198.7
9/6/2018,1204.3,278851,1202.5,1212.7,1200.5
9/5/2018,1201.3,203575,1197.2,1204.2,1196.4
9/4/2018,1199.1,402704,1207,1209.7,1195.1
8/31/2018,1206.7,117750,1206.3,1209.7,1201.2
8/30/2018,1205,276369,1212.6,1214,1202.1
8/29/2018,1211.5,235721,1206.6,1213.7,1206.6
8/28/2018,1207.4,136,1209.7,1217,1202.3
8/27/2018,1216,205140,1214.5,1218.8,1209.3
8/24/2018,1213.3,286519,1191.6,1215.4,1189.5
8/23/2018,1194,226193,1202.8,1203.4,1190.2
8/22/2018,1203.3,227367,1203,1208.4,1199.2
8/21/2018,1200,211149,1197.3,1204.3,1194.3
8/20/2018,1194.6,199964,1190.4,1197.7,1189.6
8/17/2018,1184.2,246695,1180.7,1192,1178.5
8/16/2018,1184,353666,1183,1189,1167.1
8/15/2018,1185,364039,1201.5,1202,1180
8/14/2018,1193,92,1193.1,1197.5,1192.8
8/13/2018,1198.9,363069,1218.4,1221.4,1198.6
8/10/2018,1219,317657,1220,1224.9,1213.1
8/9/2018,1219.9,225166,1222,1225.6,1218.4
8/8/2018,1221,255706,1218.7,1223.8,1213.6
8/7/2018,1218.3,199691,1215.8,1224.3,1215.6
8/6/2018,1208.6,297,1214.4,1214.4,1206.6
8/3/2018,1223.2,272386,1216,1228.5,1212.5
8/2/2018,1210.6,411,1214.7,1219.3,1205.8
8/1/2018,1227.6,210076,1232.7,1233.7,1224.4
7/31/2018,1233.6,287649,1230.5,1237.8,1222.6
7/30/2018,1231.5,178604,1231.1,1234.1,1227.8
7/27/2018,1232.7,150903,1231.4,1236.5,1226.3
7/26/2018,1235.3,99096,1240.8,1244.6,1231.3
7/25/2018,1241,55539,1233.3,1243.4,1232.5
7/24/2018,1234.6,64451,1233.4,1238.6,1227
7/23/2018,1234.4,75122,1240.7,1244.7,1231.1
7/20/2018,1231.1,342215,1222.9,1232.4,1215.3
7/19/2018,1224,414022,1227.3,1229.6,1210.7
7/18/2018,1227.9,272126,1227,1229.1,1220.9
7/17/2018,1227.3,304251,1240.8,1245.1,1225.9
7/16/2018,1239.7,178908,1241,1245.8,1238.3
7/13/2018,1241.2,248662,1247.7,1248.5,1236.2
7/12/2018,1246.6,216104,1242.3,1248.8,1241.4
7/11/2018,1244.4,293555,1256.7,1257.3,1241.7
7/10/2018,1255.4,266748,1258.5,1261,1247.7
7/9/2018,1259.6,231724,1255.7,1266.9,1255.7
7/6/2018,1255.8,195750,1258.4,1260.2,1253.7
7/5/2018,1258.8,372468,1257.7,1262.4,1252.2
7/3/2018,1253.5,145678,1253.5,1262.4,1238.8
7/2/2018,1241.7,251533,1253.4,1255.6,1240.6
6/29/2018,1254.5,221077,1249.5,1257.1,1246.9
6/28/2018,1251,234981,1253.6,1255.8,1247.2
6/27/2018,1256.1,250008,1260.5,1261.9,1252.2
6/26/2018,1259.9,243918,1267.3,1269.4,1256.4
6/25/2018,1268.9,191258,1272.2,1274.4,1265.5
6/22/2018,1270.7,177199,1268.6,1273.1,1268.4
6/21/2018,1270.5,268481,1269.7,1272.3,1262.4
6/20/2018,1274.5,223323,1277.3,1278.6,1269.6
6/19/2018,1278.6,272942,1280.7,1286.8,1272.6
6/18/2018,1280.1,180772,1281.1,1284.9,1279.5
6/15/2018,1278.5,495364,1305.9,1306.7,1277.9
6/14/2018,1308.3,332112,1303.1,1313,1301
6/13/2018,1301.3,254837,1299.6,1305.2,1294.5
6/12/2018,1299.4,227402,1304.5,1304.8,1296.3
6/11/2018,1303.2,206333,1303.5,1307,1297.8
6/8/2018,1302.7,211335,1301.3,1304.8,1296
6/7/2018,1303,239302,1300.9,1307.8,1299
6/6/2018,1301.4,239391,1300.6,1306.1,1297.7
6/5/2018,1302.2,257770,1296.4,1304.8,1293.5
6/4/2018,1297.3,209443,1296.7,1302.3,1293.8
6/1/2018,1299.3,308394,1303,1304.8,1293.1
5/31/2018,1304.7,293132,1306,1311.5,1301
5/30/2018,1306.5,320122,1303.1,1308.8,1300
5/29/2018,1304.1,348290,1302.2,1311.3,1296.6
5/25/2018,1309,61195,1305.7,1309,1299.9
5/24/2018,1309.8,99686,1298,1311.8,1297.4
5/23/2018,1294.8,61616,1295.9,1303.8,1292
5/22/2018,1297.4,42154,1298.2,1301.3,1292.8
5/21/2018,1290.9,313755,1290.3,1292.7,1281.2
5/18/2018,1291.3,254923,1290,1293.7,1285.1
5/17/2018,1289.4,289678,1290.2,1294,1284
5/16/2018,1291.5,321197,1290.1,1296.4,1285.7
5/15/2018,1290.3,461831,1313.2,1314.7,1288.2
5/14/2018,1318.2,235892,1318.3,1322.4,1312.8
5/11/2018,1320.7,259923,1321.8,1326.3,1317
5/10/2018,1322.3,362491,1312.8,1323.4,1310.6
5/9/2018,1313,372491,1315.3,1317.8,1304.2
5/8/2018,1313.7,398268,1314.1,1318.5,1306.2
5/7/2018,1314.1,230426,1316.3,1320.1,1310.6
5/4/2018,1314.7,299809,1312.8,1316.9,1308.5
5/3/2018,1312.7,297240,1305.5,1319,1305.2
5/2/2018,1305.6,350840,1304.4,1314.9,1304.3
5/1/2018,1306.8,267336,1316,1317.4,1302.3
4/30/2018,1319.2,287438,1324,1325.9,1310.7
4/27/2018,1323.4,232724,1318,1326.4,1315.8
4/26/2018,1317.9,285847,1324.2,1328,1316.2
4/25/2018,1322.8,256659,1332,1333.8,1320.2
4/24/2018,1333,267707,1326.1,1334.5,1323.6
4/23/2018,1324,276592,1336.2,1337.6,1323.8
4/20/2018,1338.3,269829,1348.5,1348.9,1337
4/19/2018,1348.8,325544,1352.4,1357.7,1343.2
4/18/2018,1353.5,298749,1350.4,1359,1345
4/17/2018,1349.5,267744,1349.1,1352.2,1340.2
4/16/2018,1350.7,258382,1349.8,1353.5,1342.8
4/13/2018,1347.9,253937,1337.6,1350.3,1335.5
4/12/2018,1341.9,374672,1356.3,1356.7,1336.7
4/11/2018,1360,467541,1343.1,1369.4,1342.5
4/10/2018,1345.9,278138,1339.8,1346.2,1334.2
4/9/2018,1340.1,222038,1338,1341.5,1330.1
4/6/2018,1336.1,361181,1329.7,1339.1,1322.6
4/5/2018,1328.5,266243,1337.1,1338.7,1326
4/4/2018,1340.2,334886,1336.7,1352.5,1335.2
4/3/2018,1337.3,276654,1345,1346.6,1332.7
4/2/2018,1352.9,4979,1336.3,1355.1,1335.1
3/29/2018,1327.3,235348,1329.3,1332.6,1325.4
3/28/2018,1330,358319,1351.1,1352.2,1327.7
3/27/2018,1347.9,24159,1351.1,1352.2,1347.9
3/26/2018,1360.9,187073,1350.6,1361.8,1349.2
3/23/2018,1355.7,124800,1335.5,1356.3,1334.7
3/22/2018,1333.2,70121,1338,1340.8,1330.3
3/21/2018,1321.5,451237,1310.6,1336.9,1309.5
3/20/2018,1311.9,281146,1316.5,1318.1,1306.6
3/19/2018,1317.8,283944,1312.9,1319.6,1307.4
3/16/2018,1312.3,277568,1316.8,1321.8,1309.5
3/15/2018,1317.8,241746,1324.7,1328.1,1314.9
3/14/2018,1325.6,247027,1326.7,1330.5,1321.7
3/13/2018,1327.1,321790,1323.3,1328.8,1313.8
3/12/2018,1320.8,214392,1324.1,1325,1315.3
3/9/2018,1324,336571,1322.7,1325.9,1313.2
3/8/2018,1321.7,241811,1326.2,1329.8,1319.6
3/7/2018,1327.6,297281,1339.5,1342,1323
3/6/2018,1335.2,269691,1321,1339.9,1320.8
3/5/2018,1319.9,215468,1324.9,1328.9,1318.3
3/2/2018,1323.4,256112,1318,1326.6,1316.2
3/1/2018,1305.2,395651,1319.3,1322.3,1303.6
2/28/2018,1317.9,251263,1318.9,1323.7,1316.7
2/27/2018,1315.5,710,1331.7,1332.6,1312.7
2/26/2018,1332.8,237905,1330.4,1342.9,1328
2/23/2018,1330.3,165052,1333.7,1334.2,1327.7
2/22/2018,1332.7,201972,1326.2,1334.4,1322.9
2/21/2018,1332.1,244241,1331.2,1338.5,1324.4
2/20/2018,1331.2,357520,1348.9,1354,1330.6
2/16/2018,1356.2,21489,1350.2,1356.2,1349.5
2/15/2018,1355.3,251537,1353,1359.8,1350.8
2/14/2018,1358,405262,1331.9,1358.6,1319.1
2/13/2018,1330.4,192998,1325,1333.5,1323.7
2/12/2018,1326.4,203283,1317.1,1330,1316.3
2/9/2018,1315.7,306980,1321,1325,1313.2
2/8/2018,1319,349123,1320.7,1324.5,1309
2/7/2018,1314.6,335680,1326.6,1334.8,1313.5
2/6/2018,1329.5,457363,1343.1,1349.3,1322.8
2/5/2018,1336.5,298950,1334.6,1344.8,1331.6
2/2/2018,1337.3,416513,1352.2,1353.3,1330.1
2/1/2018,1347.9,301115,1348.2,1354.3,1340.2
1/31/2018,1343.1,365063,1341.8,1351,1335.5
1/30/2018,1340,394887,1344,1352.5,1337.5
1/29/2018,1345.1,224553,1353.7,1356.3,1340.9
1/26/2018,1357.2,139946,1352.7,1361,1348.6
1/25/2018,1368,140915,1362.7,1370.5,1346.2
1/24/2018,1361.4,147749,1346.2,1366.8,1344.1
1/23/2018,1336.7,354786,1333,1341.5,1330.7
1/22/2018,1331.9,325008,1334,1335.8,1328
1/19/2018,1333.1,268077,1327,1338.2,1326.6
1/18/2018,1327.2,305093,1327.4,1333.3,1324.3
1/17/2018,1339.2,358312,1339,1344.5,1326.6
1/16/2018,1337.1,472155,1340.9,1345,1332.1
1/12/2018,1334.9,44651,1337.3,1342.4,1334.9
1/11/2018,1322.5,254541,1317.5,1324.7,1316.1
1/10/2018,1319.3,382605,1313.3,1328.6,1308.9
1/9/2018,1313.7,321636,1321.2,1321.4,1309.5
1/8/2018,1320.4,238332,1321.8,1323,1315.7
1/5/2018,1322.3,322422,1324.4,1324.7,1314.6
1/4/2018,1321.6,350803,1315.5,1327.3,1307.1
1/3/2018,1318.5,342866,1319,1323,1308.9
1/2/2018,1316.1,269072,1305.3,1320.4,1304.6
12/29/2017,1309.3,226714,1297.5,1309.8,1296.1
12/28/2017,1297.2,213624,1292,1297.3,1290.5
12/27/2017,1291.4,193217,1287.8,1293.2,1286
12/26/2017,1287.5,130981,1279,1288.4,1277.7
12/22/2017,1278.8,180314,1270.3,1280.4,1268.4
12/21/2017,1270.6,188932,1268.8,1272.5,1266
12/20/2017,1269.6,198670,1264.8,1271.4,1264.4
12/19/2017,1264.2,196646,1265.4,1268.6,1262.3
12/18/2017,1265.5,202834,1257.8,1267,1255.3
12/15/2017,1257.5,230959,1255.5,1264.5,1255.2
12/14/2017,1257.1,252441,1258.1,1261.6,1252.8
12/13/2017,1248.6,296022,1246.3,1259.7,1242.3
12/12/2017,1241.7,216831,1243.9,1247.9,1238.3
12/11/2017,1246.9,185028,1249.2,1253.4,1242.4
12/8/2017,1248.4,270293,1249.5,1254.4,1244.4
12/7/2017,1253.1,305430,1265.2,1266.8,1245.8
12/6/2017,1266.1,239509,1268.3,1271.8,1264.8
12/5/2017,1264.9,311493,1279.1,1279.8,1263.2
12/4/2017,1277.7,250246,1277.6,1280.5,1273.5
12/1/2017,1282.3,421344,1277.9,1292.5,1274.2
11/30/2017,1276.7,331729,1286.9,1288.4,1273.1
11/29/2017,1286.2,370799,1298,1300.4,1285.1
11/28/2017,1299.2,224246,1298.8,1301.3,1294.5
11/27/2017,1298.9,143791,1292,1303.4,1290.7
11/24/2017,1291.8,83375,1296.1,1297.6,1289.5
11/22/2017,1296.8,5008,1296.1,1296.4,1293.7
11/21/2017,1281.7,315463,1276.6,1284.5,1275.8
11/20/2017,1275.3,399552,1294.1,1295.1,1274.1
11/17/2017,1296.5,368094,1278.8,1297.5,1278.1
11/16/2017,1278.2,268021,1278,1281.8,1274.9
11/15/2017,1277.7,417251,1280.7,1290,1276.5
11/14/2017,1282.9,342150,1278.9,1283.8,1269.7
11/13/2017,1278.9,213187,1275.3,1279.9,1274.4
11/10/2017,1274.2,342281,1286,1287.7,1273.6
11/9/2017,1287.5,20559,1286,1287.7,1285.4
11/8/2017,1283.7,346077,1276.4,1288.1,1276.1
11/7/2017,1275.8,327931,1282.6,1282.8,1272.3
11/6/2017,1281.6,340658,1270.7,1283.9,1266.4
11/3/2017,1269.2,361591,1277.5,1281.2,1265.9
11/2/2017,1278.1,374063,1275.2,1285.1,1274
11/1/2017,1277.3,376514,1271.8,1281.9,1268.5
10/31/2017,1270.5,264613,1277.6,1279.1,1268.3
10/30/2017,1277.7,253987,1274.3,1279.9,1269.8
10/27/2017,1271.8,352515,1268,1275.2,1263.8
10/26/2017,1269.6,377535,1278.6,1283.8,1266.4
10/25/2017,1279,368454,1278,1281.3,1272
10/24/2017,1278.3,262004,1283.9,1285.3,1274.8
10/23/2017,1280.9,276923,1281.5,1284.7,1273.6
10/20/2017,1280.5,308883,1292,1292.9,1279.3
10/19/2017,1290,345419,1282.8,1292.8,1277.6
10/18/2017,1283,250218,1286.9,1290.8,1278.6
10/17/2017,1286.2,328145,1297.2,1298.4,1283.2
10/16/2017,1303,265876,1306,1308.4,1292.5
10/13/2017,1304.6,290549,1296,1306.4,1292.9
10/12/2017,1296.5,239955,1294.6,1299.8,1291.8
10/11/2017,1288.9,258782,1290.7,1295.9,1286.8
10/10/2017,1293.8,308402,1286.8,1296.7,1284.6
10/9/2017,1285,195058,1278.6,1288,1277.7
10/6/2017,1274.9,361565,1270.6,1279.2,1262.8
10/5/2017,1273.2,217774,1277.5,1281.6,1268.5
10/4/2017,1276.8,266333,1274.5,1285,1273.1
10/3/2017,1274.6,202951,1273.1,1277.4,1271
10/2/2017,1275.8,267375,1282.2,1282.8,1272
9/29/2017,1284.8,280671,1290.1,1293.2,1278.2
9/28/2017,1288.7,279916,1285.1,1291.6,1280.4
9/27/2017,1287.8,364084,1297.3,1299.2,1284.1
9/26/2017,1301.7,376702,1314.2,1317.1,1295
9/25/2017,1311.5,357294,1301.5,1315.8,1291.7
9/22/2017,1297.5,256421,1294.1,1301.9,1294.1
9/21/2017,1294.8,388118,1304.8,1305,1291.2
9/20/2017,1316.4,343639,1314.7,1319.8,1299.5
9/19/2017,1310.6,268037,1310.5,1315.3,1308.7
9/18/2017,1310.8,259701,1324,1324,1308.1
9/15/2017,1325.2,313245,1333.7,1338.2,1323
9/14/2017,1329.3,327600,1327.6,1334.9,1319.5
9/13/2017,1328,298024,1336.2,1340.5,1324.5
9/12/2017,1332.7,281134,1331.7,1336.3,1326.7
9/11/2017,1335.7,292049,1341.5,1344.6,1330.6
9/8/2017,1351.2,377234,1354,1362.4,1347.1
9/7/2017,1350.3,354009,1339,1355.5,1337.2
9/6/2017,1339,297521,1345,1347.7,1336.4
9/5/2017,1344.5,546280,1339.8,1349.7,1331.1
9/1/2017,1330.4,52922,1339.7,1343.5,1330.4
8/31/2017,1322.2,359132,1314.1,1329,1302.3
8/30/2017,1314.1,301091,1314.8,1319.3,1310.1
8/29/2017,1318.9,444146,1320.5,1331.9,1310.6
8/28/2017,1315.3,310489,1297.6,1317.8,1297
8/25/2017,1297.9,350288,1291.3,1301.4,1281.3
8/24/2017,1292,237998,1296,1296.8,1289.3
8/23/2017,1294.7,226744,1290.4,1297,1287.9
8/22/2017,1291,259806,1297.1,1298.1,1287
8/21/2017,1296.7,254319,1289.1,1299.7,1286.2
8/18/2017,1291.6,379352,1293.8,1306.9,1289.1
8/17/2017,1292.4,316050,1290,1296,1286.4
8/16/2017,1282.9,268454,1276.9,1289.5,1273.2
8/15/2017,1279.7,278698,1287,1287.7,1272.7
8/14/2017,1290.4,233106,1296.4,1296.4,1284.2
8/11/2017,1294,259307,1292.5,1298.1,1286.7
8/10/2017,1290.1,257651,1283.2,1293.8,1280.3
8/9/2017,1279.3,280929,1266.1,1284.7,1265.9
8/8/2017,1262.6,240864,1262.9,1271,1257.1
8/7/2017,1264.7,120039,1264.3,1265.6,1261.3
8/4/2017,1264.6,260834,1275.3,1276.5,1259.8
8/3/2017,1274.4,198615,1272.6,1277,1262.9
8/2/2017,1278.4,204629,1275.2,1279,1268.9
8/1/2017,1279.4,206396,1275.6,1280.3,1268.4
7/31/2017,1273.4,158464,1276.3,1277.3,1271.7
7/28/2017,1275.3,241286,1265,1277,1263.2
7/27/2017,1266.5,154412,1266.8,1271.3,1260.3
7/26/2017,1255.6,92181,1256.2,1269.8,1249.4
7/25/2017,1258.5,61360,1261.9,1264.2,1255.1
7/24/2017,1260.7,61616,1261.4,1265.1,1258.1
7/21/2017,1261,51035,1250.8,1262.1,1249.5
7/20/2017,1245.5,263291,1240.6,1247.2,1234.6
7/19/2017,1242,189980,1242,1243.5,1235.1
7/18/2017,1241.9,245241,1233.3,1244.1,1232.2
7/17/2017,1233.7,166096,1228.7,1235.4,1227.5
7/14/2017,1227.5,258301,1216.4,1232.7,1214
7/13/2017,1217.3,219900,1219.2,1223.6,1215.6
7/12/2017,1219.1,254172,1216.5,1225.2,1212.5
7/11/2017,1214.7,213121,1213.8,1217.1,1207.4
7/10/2017,1213.2,233437,1212.1,1215,1204
7/7/2017,1209.7,310483,1224.6,1228.1,1206.6
7/6/2017,1223.3,185809,1226.5,1229.5,1221.8
7/5/2017,1221.7,348799,1223,1228.4,1216.5
7/3/2017,1219.2,26906,1220.1,1224.6,1220
6/30/2017,1242.3,210097,1245.2,1248.2,1239
6/29/2017,1245.8,260590,1249.6,1253.2,1239.7
6/28/2017,1249.1,188119,1247.3,1255.7,1246.7
6/27/2017,1246.9,204721,1245.2,1253.8,1241.8
6/26/2017,1246.4,219105,1258.1,1259,1236.5
6/23/2017,1256.4,153529,1250.9,1260,1250.6
6/22/2017,1249.4,182170,1246.4,1256,1246.4
6/21/2017,1245.8,160236,1243.9,1248.8,1241.7
6/20/2017,1243.5,172002,1245.4,1249.4,1242.4
6/19/2017,1246.7,174183,1255.8,1257.3,1244.3
6/16/2017,1256.5,145249,1255.6,1258.6,1253.2
6/15/2017,1254.6,238470,1262.7,1268.5,1252.7
6/14/2017,1275.9,337298,1268.4,1284.2,1259
6/13/2017,1268.6,171164,1267.7,1271,1260.5
6/12/2017,1268.9,168475,1269.7,1272.4,1265.6
6/9/2017,1271.4,212190,1283.5,1284.6,1266.7
6/8/2017,1279.5,247460,1289.5,1291.5,1273.5
6/7/2017,1293.2,212480,1297,1297.6,1285
6/6/2017,1297.5,243052,1282.5,1298.8,1282.1
6/5/2017,1282.7,134854,1282.6,1286,1280.2
6/2/2017,1280.2,257594,1268,1282.2,1261.3
6/1/2017,1270.1,174611,1271.6,1272.8,1263.7
5/31/2017,1275.4,193527,1265.7,1276.8,1262
5/30/2017,1265.7,275724,1270.1,1273.4,1261.8
5/26/2017,1271.4,14102,1258.6,1272.7,1269.4
5/25/2017,1259.8,62975,1261.6,1262.8,1256.9
5/24/2017,1253.1,234075,1251.1,1258.8,1247.6
5/23/2017,1255.5,269982,1260.4,1263.8,1250.5
5/22/2017,1261.4,201829,1257.5,1262.6,1251.6
5/19/2017,1253.6,210569,1246.8,1256.4,1246.1
5/18/2017,1252.8,361421,1261.4,1265,1245.7
5/17/2017,1258.7,365967,1237.2,1261.5,1236.3
5/16/2017,1236.4,197131,1230.8,1239.1,1230
5/15/2017,1230,182239,1228.3,1237.4,1226.8
5/12/2017,1227.7,189500,1225,1231.6,1224.4
5/11/2017,1224.2,230075,1219.2,1227.7,1216.9
5/10/2017,1218.9,185804,1222.1,1225.8,1217.5
5/9/2017,1216.1,240063,1226.6,1228.7,1214.3
5/8/2017,1227.1,188318,1223.1,1236.9,1221
5/5/2017,1226.9,257019,1228.5,1236,1226.2
5/4/2017,1228.6,305881,1238.5,1241.7,1225.7
5/3/2017,1248.5,245496,1257.8,1257.8,1236.4
5/2/2017,1257,171411,1257.4,1258.8,1252.6
5/1/2017,1255.5,197023,1269.6,1272.4,1254.9
4/28/2017,1268.3,166210,1265.2,1269.9,1264.2
4/27/2017,1265.9,203162,1270.2,1271.1,1261.8
4/26/2017,1264.2,233964,1265.5,1272.8,1260.7
4/25/2017,1267.2,242791,1277.9,1279.9,1262.8
4/24/2017,1277.5,287252,1280,1280,1266
4/21/2017,1289.1,220990,1283.3,1290.1,1280
4/20/2017,1283.8,237678,1282.2,1285.2,1278
4/19/2017,1283.4,251024,1291.7,1292.7,1275.4
4/18/2017,1294.1,272618,1286.7,1294.4,1280.6
4/17/2017,1291.9,189444,1292.4,1297.4,1283.1
4/13/2017,1288.5,229082,1288.3,1290.7,1283.8
4/12/2017,1278.1,241437,1277.2,1289,1273.8
4/11/2017,1274.2,279421,1256.8,1277.4,1254.7
4/10/2017,1253.9,176084,1255.6,1258.9,1248.2
4/7/2017,1257.3,365404,1253.9,1273.3,1252.4
4/6/2017,1253.3,160510,1257.6,1260.9,1251.3
4/5/2017,1248.5,226454,1258.2,1259.3,1245.4
4/4/2017,1258.4,152043,1255.5,1263.7,1255.5
4/3/2017,1254,135738,1251.9,1255.9,1246.4
3/31/2017,1251.2,158381,1244.6,1252.8,1241.5
3/30/2017,1248,211199,1256.1,1256.5,1244.2
3/29/2017,1256.8,157858,1253,1257.5,1250
3/28/2017,1258.8,110672,1257.1,1261.4,1250.5
3/27/2017,1258.8,70055,1247.2,1264.2,1247.2
3/24/2017,1251.7,50728,1248.2,1255,1243.7
3/23/2017,1250.1,38955,1251.5,1256.4,1245.6
3/22/2017,1249.7,210181,1244.5,1251.5,1243.8
3/21/2017,1246.5,278090,1234.2,1247.7,1226.6
3/20/2017,1234,122559,1229,1235.5,1228.8
3/17/2017,1230.2,146933,1226.2,1231.5,1224
3/16/2017,1227.1,243137,1219.5,1234,1218.1
3/15/2017,1200.7,256440,1198.7,1222,1196.8
3/14/2017,1202.6,176653,1203.5,1207.5,1196.9
3/13/2017,1203.1,168436,1205,1210.9,1202
3/10/2017,1201.4,250514,1200.2,1206.2,1194.5
3/9/2017,1203.2,226026,1207.7,1208.9,1199
3/8/2017,1209.4,200792,1215.6,1218.5,1206.4
3/7/2017,1216.1,195645,1225.7,1227.4,1214.1
3/6/2017,1225.5,154275,1233.9,1237.3,1225
3/3/2017,1226.5,268970,1234.8,1236.7,1223
3/2/2017,1232.9,262903,1249.9,1250.8,1231.1
3/1/2017,1250,300815,1248.5,1251.4,1237.2
2/28/2017,1253.9,225369,1253.3,1259.3,1248.2
2/27/2017,1258.8,201486,1258.9,1264.9,1251.5
2/24/2017,1258.3,209660,1250.6,1261.2,1248.8
2/23/2017,1251.4,250277,1238.3,1252.2,1236.4
2/22/2017,1233.3,193431,1236.9,1241.9,1231.5
2/21/2017,1238.9,245695,1239.3,1240.2,1226.8
2/17/2017,1239.1,20247,1240.8,1245.1,1232.4
2/16/2017,1241.6,196467,1234.3,1243.7,1233.3
2/15/2017,1233.1,220585,1228.6,1234.9,1217.5
2/14/2017,1225.4,223687,1226.1,1236,1222.7
2/13/2017,1225.8,168285,1234.2,1234.4,1220.3
2/10/2017,1235.9,229161,1229.6,1238.9,1222.6
2/9/2017,1236.8,234244,1242.7,1246.2,1226.1
2/8/2017,1239.5,216044,1235.2,1246.6,1231.3
2/7/2017,1236.1,192661,1236.9,1237.5,1229.2
2/6/2017,1232.1,190379,1221.9,1237.5,1220.8
2/3/2017,1220.8,210726,1217.8,1223.2,1208.3
2/2/2017,1219.4,220209,1211.2,1227.5,1210.2
2/1/2017,1208.3,211357,1212.2,1215,1199.7
1/31/2017,1211.4,237644,1197.7,1217.4,1195.6
1/30/2017,1196,185344,1194.6,1201.3,1190
1/27/2017,1191.1,142852,1191.4,1193.8,1182.6
1/26/2017,1192.5,94439,1204.1,1205,1186.6
1/25/2017,1200.5,80202,1211.5,1212.2,1195.3
1/24/2017,1210.8,211945,1218,1220.1,1206.2
1/23/2017,1215.6,231381,1209.3,1219.4,1209
1/20/2017,1204.9,236066,1204.8,1214.8,1198.2
1/19/2017,1201.5,241530,1203.1,1206.4,1195.4
1/18/2017,1212.1,195234,1216.8,1217.7,1201.8
1/17/2017,1212.9,368672,1202.8,1218.9,1198
1/13/2017,1196.2,28224,1194.8,1204.3,1187.5
1/12/2017,1199.8,260107,1191.1,1207.2,1190.7
1/11/2017,1196.6,317695,1188.1,1198.5,1177
1/10/2017,1185.5,215898,1181.3,1190.6,1180.2
1/9/2017,1184.9,174989,1172.9,1186.4,1172.2
1/6/2017,1173.4,217714,1181,1183.8,1171.1
1/5/2017,1181.3,262224,1164.6,1185.9,1163.6
1/4/2017,1165.3,172108,1159.6,1168.6,1156.7
1/3/2017,1162,216537,1151.4,1166,1146.5
12/30/2016,1151.7,138673,1159.5,1164.3,1150.3
12/29/2016,1158.1,152323,1143.1,1160.6,1142.6
12/28/2016,1140.9,100121,1139.3,1145.1,1137.1
12/27/2016,1138.8,102366,1135.3,1151.7,1132.8
12/23/2016,1133.6,70834,1130,1137.3,1129.5
12/22/2016,1133.6,70834,1130,1137.3,1129.5
12/21/2016,1133.2,109673,1134,1138.8,1131
12/20/2016,1133.6,138058,1139.8,1141.7,1127.3
12/19/2016,1142.7,112536,1136.1,1144.4,1135.5
12/16/2016,1137.4,171285,1130.5,1143.2,1128.5
12/15/2016,1129.8,262877,1143.8,1146,1124.3
12/14/2016,1163.7,205326,1159.8,1168,1140
12/13/2016,1159,136029,1164.5,1167,1156.3
12/12/2016,1165.8,159639,1161.4,1167.9,1152.5
12/9/2016,1161.9,154417,1172.5,1173.8,1157.6
12/8/2016,1172.4,142363,1176.1,1180.7,1170.9
12/7/2016,1177.5,137900,1171.4,1182.3,1167.2
12/6/2016,1170.1,130714,1172.8,1177.1,1168.1
12/5/2016,1176.5,212276,1182.6,1190.2,1158.6
12/2/2016,1177.8,169224,1174.3,1180.3,1168.4
12/1/2016,1169.4,216169,1175.1,1178.4,1162.2
11/30/2016,1173.9,232748,1190.7,1196.8,1171.3
11/29/2016,1190.8,195887,1196.6,1197.7,1182.6
11/28/2016,1193.8,132780,1184.4,1200,1184.4
11/25/2016,1181,89941,1184.4,1195.4,1172.8
11/23/2016,1192.4,3479,1188.2,1192.5,1185.2
11/22/2016,1211.2,201770,1213.5,1220.9,1205.6
11/21/2016,1209.8,162047,1207.3,1217.8,1205.4
11/18/2016,1208.7,244002,1216,1217.5,1201.3
11/17/2016,1216.9,224953,1224.8,1231.1,1210.5
11/16/2016,1223.9,190158,1228,1233.1,1221
11/15/2016,1224.5,224970,1221.8,1231.4,1218.6
11/14/2016,1221.7,332635,1227.7,1230.9,1211
11/11/2016,1224.3,420069,1258.7,1265,1218.7
11/10/2016,1266.4,392797,1278.4,1292.5,1251.9
11/9/2016,1273.5,783657,1276.8,1338.3,1268.1
11/8/2016,1274.5,194922,1282.2,1291.5,1273.3
11/7/2016,1279.4,209668,1294.5,1296.5,1278.6
11/4/2016,1304.5,202966,1303.2,1308.3,1295.7
11/3/2016,1303.3,220164,1298.1,1308,1286.2
11/2/2016,1308.2,224005,1289,1309.3,1288.4
11/1/2016,1288,194976,1277.8,1292.9,1276.3
10/31/2016,1273.1,115445,1278.3,1280.5,1271.9
10/28/2016,1276.8,222489,1269.2,1285.4,1262
10/27/2016,1269.5,123344,1267.2,1273.7,1265.2
10/26/2016,1266.6,132796,1274,1277.2,1265.1
10/25/2016,1273.6,132241,1265.2,1277.5,1262.4
10/24/2016,1263.7,148823,1266.9,1272.8,1260.1
10/21/2016,1267.7,97891,1266.5,1268.8,1261.7
10/20/2016,1267.5,130976,1270.6,1275.9,1265.5
10/19/2016,1269.9,135414,1263.9,1274.4,1261.1
10/18/2016,1262.9,141366,1256,1265.6,1255.9
10/17/2016,1256.6,102991,1252.9,1258.2,1251.1
10/14/2016,1255.5,161952,1259.5,1260.7,1246.9
10/13/2016,1257.6,142928,1257.1,1263.9,1254.7
10/12/2016,1253.8,122342,1254.5,1260.5,1251.2
10/11/2016,1255.9,127971,1261.7,1264,1254.3
10/10/2016,1260.4,128220,1258.5,1266.8,1258.5
10/7/2016,1251.9,261530,1256.8,1267.6,1243.2
10/6/2016,1253,176574,1269.7,1271.6,1251.8
10/5/2016,1268.6,200416,1270.5,1279.4,1264.1
10/4/2016,1269.7,327773,1315,1315.4,1269
10/3/2016,1312.7,120503,1321,1322.6,1311.8
9/30/2016,1317.1,198471,1323.6,1331.5,1316
9/29/2016,1326,145079,1325,1329.4,1318.6
9/28/2016,1323.7,143807,1330.1,1331.1,1321.1
9/27/2016,1330.4,175693,1342,1343.5,1327.7
9/26/2016,1344.1,120362,1340.8,1346.1,1336.5
9/23/2016,1341.7,108833,1340.3,1344.5,1337.4
9/22/2016,1344.7,152427,1338.9,1347.8,1335.1
9/21/2016,1331.4,253563,1318,1341.3,1310.9
9/20/2016,1318.2,87659,1316.3,1321.1,1315.2
9/19/2016,1317.8,111107,1313.2,1321.8,1312.6
9/16/2016,1310.2,132642,1318.3,1321.5,1309.2
9/15/2016,1318,200075,1325.8,1332.5,1312.1
9/14/2016,1326.1,131424,1322.6,1329.8,1316.6
9/13/2016,1323.7,173410,1331.7,1335.9,1318.8
9/12/2016,1325.6,183691,1332,1333.8,1323.3
9/9/2016,1334.5,151860,1341.6,1343.6,1331.2
9/8/2016,1341.6,174246,1349.1,1353.9,1339.1
9/7/2016,1349.2,142466,1353.5,1357.6,1346.9
9/6/2016,1349.2,263409,1330.8,1357.2,1325.5
9/2/2016,1354,12131,1318,1334,1307.4
9/1/2016,1317.1,167111,1311.7,1318.6,1305.5
8/31/2016,1311.4,163005,1314.7,1319.2,1306.9
8/30/2016,1316.5,149313,1327,1328.9,1312
8/29/2016,1327.1,136851,1323.8,1328.5,1317.2
8/26/2016,1325.9,292305,1324.8,1346,1321.2
8/25/2016,1324.6,143468,1327.4,1330.2,1321
8/24/2016,1329.7,207827,1342.2,1344.1,1327
8/23/2016,1346.1,125007,1343.6,1348.8,1338.9
8/22/2016,1343.4,148566,1345,1345.7,1335.4
8/19/2016,1346.2,177682,1357.1,1357.9,1342
8/18/2016,1357.2,163104,1353.8,1361.5,1351.2
8/17/2016,1348.8,164091,1351.3,1356.8,1340.5
8/16/2016,1356.9,213729,1345.2,1364.3,1344.8
8/15/2016,1347.5,117800,1343.6,1349.1,1340.9
8/12/2016,1343.2,227943,1344.7,1362.5,1338.3
8/11/2016,1350,149880,1353.2,1359.4,1341.4
8/10/2016,1351.9,184037,1347,1363.6,1345.7
8/9/2016,1346.7,117280,1341.2,1348.5,1336
8/8/2016,1341.3,126244,1341.2,1343.9,1335.3
8/5/2016,1344.4,207828,1367.2,1371,1340.4
8/4/2016,1367.4,158935,1364.7,1371.4,1355.1
8/3/2016,1364.7,131123,1370.5,1373.4,1360.6
8/2/2016,1372.6,154681,1360.6,1374.2,1353.7
8/1/2016,1359.6,108934,1357.2,1361.9,1353.2
7/29/2016,1349,214928,1333.2,1353.3,1325.8
7/28/2016,1332.3,179984,1339.5,1344.3,1330.1
7/27/2016,1326.7,160965,1319.9,1342.3,1315.6
7/26/2016,1320.8,88658,1315.5,1324.4,1313.6
7/25/2016,1319.5,125105,1322.7,1323.4,1311.1
7/22/2016,1323.4,211535,1331.4,1334,1319.4
7/21/2016,1331,241351,1316.2,1334,1310.7
7/20/2016,1319.3,212201,1332.2,1338.8,1312.5
7/19/2016,1332.3,144123,1329.1,1335.5,1325.8
7/18/2016,1329.3,159487,1333.4,1336,1323.5
7/15/2016,1327.4,184243,1336.4,1339.5,1322.6
7/14/2016,1327.4,251302,1344.5,1348,1320.4
7/13/2016,1332.2,195091,1334,1346.3,1328.1
7/12/2016,1335.3,246267,1356.3,1358.9,1331
7/11/2016,1356.6,217375,1368.9,1376.5,1351.8
7/8/2016,1358.4,287124,1361,1371.8,1336.3
7/7/2016,1362.1,204514,1365.7,1372.9,1352
7/6/2016,1367.1,226256,1358,1377.5,1356.3
7/5/2016,1358.7,337002,1350.8,1360.3,1338.5
7/1/2016,1339,63821,1345,1360.3,1338.5
6/30/2016,1320.6,182812,1321,1326.5,1315.3
6/29/2016,1326.9,164974,1313.9,1331,1313.3
6/28/2016,1317.9,183169,1328.3,1329.5,1308.2
6/27/2016,1324.7,240734,1322.3,1340,1320.8
6/24/2016,1322.4,527205,1254.3,1362.6,1252.8
6/23/2016,1263.1,145996,1268.1,1274.9,1256.9
6/22/2016,1270,127154,1271.4,1273.5,1263.8
6/21/2016,1272.5,196994,1271.1,1297.4,1267.1
6/20/2016,1292.1,186003,1293,1296.8,1280.8
6/17/2016,1294.8,203550,1282.4,1302.7,1278.8
6/16/2016,1298.4,331368,1295,1318.9,1280.1
6/15/2016,1288.3,190137,1288.1,1300,1281.3
6/14/2016,1288.1,182512,1286.2,1293,1278.6
6/13/2016,1286.9,195734,1278.3,1290.3,1275.2
6/10/2016,1275.9,151163,1271.5,1280.9,1267.3
6/9/2016,1272.7,145087,1264.6,1274.4,1259.4
6/8/2016,1262.3,167215,1247,1267.2,1245.5
6/7/2016,1247,114337,1248,1249,1236.9
6/6/2016,1247.4,157245,1245.5,1251.3,1242.1
6/3/2016,1242.9,230035,1212.8,1247.4,1209.1
6/2/2016,1212.6,106248,1215.9,1220,1212
6/1/2016,1214.7,151311,1217.9,1222.9,1208.2
5/31/2016,1217.5,227362,1208.1,1220.6,1201.5
5/27/2016,1216.7,29931,1215.1,1215.9,1202.2
5/26/2016,1222.7,148362,1226.1,1237.2,1220.8
5/25/2016,1226.6,105239,1230,1233.4,1220.6
5/24/2016,1232.2,288926,1249.5,1252.8,1226.2
5/23/2016,1251.5,206897,1251.7,1256.8,1243.5
5/20/2016,1252.9,188383,1256.3,1261.2,1249.6
5/19/2016,1254.8,246015,1259.1,1262.3,1244.6
5/18/2016,1274.4,225480,1280.6,1283.5,1256
5/17/2016,1276.9,196855,1274.9,1283.9,1270.1
5/16/2016,1274.2,188509,1273.1,1290.4,1271.6
5/13/2016,1272.7,167683,1264.8,1277.7,1264
5/12/2016,1271.2,211757,1279.3,1282.5,1262.9
5/11/2016,1275.5,215592,1267.3,1280.8,1266.3
5/10/2016,1264.8,164024,1265.4,1272,1258.3
5/9/2016,1266.6,213413,1288.8,1289.5,1262.8
5/6/2016,1294,246521,1279.3,1297.7,1276.2
5/5/2016,1272.3,168856,1281.2,1288.4,1270.6
5/4/2016,1274.4,205506,1287.7,1291.8,1273.6
5/3/2016,1291.8,209229,1293.4,1303.9,1284
5/2/2016,1295.8,193092,1294.2,1306,1289.6
4/29/2016,1290.5,249603,1268,1299,1267
4/28/2016,1266.4,214356,1247.3,1271.7,1239.1
4/27/2016,1250.4,167190,1245.7,1254.6,1240.7
4/26/2016,1243.4,139982,1239.8,1246.5,1232.7
4/25/2016,1240.2,114696,1234.5,1243.8,1231.3
4/22/2016,1230,198388,1248.5,1254.2,1228.5
4/21/2016,1250.3,261992,1244.5,1272.4,1244.4
4/20/2016,1254.4,158271,1251.3,1259.8,1244
4/19/2016,1254.3,200511,1233.9,1258.5,1229
4/18/2016,1235,143540,1236.3,1243.3,1231.7
4/15/2016,1234.6,115585,1228.5,1237.6,1226.8
4/14/2016,1226.5,196567,1243.8,1245.9,1225.4
4/13/2016,1248.3,150426,1257.2,1258.7,1241.4
4/12/2016,1260.9,148296,1259.8,1264.7,1253
4/11/2016,1258,151279,1241.8,1260.9,1241.6
4/8/2016,1243.8,128333,1241.8,1244.6,1231
4/7/2016,1237.5,179765,1224,1245,1224
4/6/2016,1223.8,129032,1232.6,1233.8,1217.2
4/5/2016,1229.6,148762,1217.1,1238.8,1216
4/4/2016,1219.3,86900,1217.2,1224.1,1215.7
4/1/2016,1223.5,188179,1234.1,1237.2,1210.3
3/31/2016,1235.6,117150,1227,1242.3,1225.1
3/30/2016,1228.6,172801,1243,1246.8,1224.9
3/29/2016,1237.5,193572,1223.1,1245.2,1217
3/28/2016,1222,85386,1217.8,1225.1,1207.7
3/24/2016,1223.5,61613,1222.1,1225.6,1212.6
3/23/2016,1225.6,248406,1248.5,1249.8,1215.4
3/22/2016,1248.6,178128,1244.3,1260.9,1242.8
3/21/2016,1244.2,165130,1255.2,1256.7,1241.2
3/18/2016,1254.3,152348,1257.7,1267.7,1248.4
3/17/2016,1265,196709,1262,1271.9,1255.2
3/16/2016,1229.8,195631,1233.1,1264.8,1227
3/15/2016,1231,169067,1237,1238.7,1226
3/14/2016,1245.1,198015,1250.9,1261.9,1229.9
3/11/2016,1259.4,225924,1272,1287.8,1249
3/10/2016,1272.8,294934,1253.7,1274.3,1237.5
3/9/2016,1257.4,217105,1262.2,1265.7,1243.6
3/8/2016,1262.9,198376,1267.9,1279,1261
3/7/2016,1264,208860,1260.5,1274.1,1257.4
3/4/2016,1270.7,351429,1264.6,1280.7,1250.1
3/3/2016,1258.2,216716,1240.8,1269.3,1238
3/2/2016,1241.8,175010,1232.3,1244.8,1225.1
3/1/2016,1230.8,211175,1238.9,1249.3,1227.7
2/29/2016,1234.4,174484,1223.1,1241.8,1216.3
2/26/2016,1220.4,210351,1232.5,1241.3,1212
2/25/2016,1238.8,199289,1228.9,1244.4,1221.8
2/24/2016,1239.1,260422,1226,1254.3,1222.4
2/23/2016,1222.6,175821,1208.9,1229,1207.6
2/22/2016,1210.1,155626,1208,1226.9,1202.5
2/19/2016,1230.8,168415,1231.2,1235.3,1220.6
2/18/2016,1226.3,173177,1209.5,1240.6,1201.3
2/17/2016,1211.4,156859,1201.9,1214.4,1196.2
2/16/2016,1208.2,319892,1209.4,1236.3,1191.5
2/12/2016,1239.4,33215,1236.3,1236.3,1215
2/11/2016,1247.8,345519,1197.5,1263.9,1196.3
2/10/2016,1194.6,159103,1189.7,1198.1,1181.6
2/9/2016,1198.6,180163,1189.4,1199.3,1185.9
2/8/2016,1197.9,232700,1174,1201.4,1164.5
2/5/2016,1157.7,206063,1155.7,1175,1145.5
2/4/2016,1157.5,168259,1156.7,1157.9,1139.7
2/3/2016,1141.3,181052,1129.4,1146.2,1124.8
2/2/2016,1127.2,107444,1128.8,1131.5,1122.6
2/1/2016,1128,109728,1118,1130.2,1115.3
1/29/2016,1116.4,126023,1114.8,1118.9,1108.5
1/28/2016,1116.1,146072,1115.7,1126.4,1110.2
1/27/2016,1116.3,124865,1120.2,1128.7,1115.2
1/26/2016,1120.6,89525,1109.4,1123.6,1107.7
1/25/2016,1105.3,148860,1097.8,1109.2,1097.6
1/22/2016,1096.3,133883,1101.6,1103.5,1094.4
1/21/2016,1098.2,170505,1100.9,1104.8,1092.5
1/20/2016,1106.2,183164,1087.3,1109.9,1087.1
1/19/2016,1089.1,154064,1089,1094.5,1082.1
1/15/2016,1090.7,8927,1089.3,1093.3,1089
1/14/2016,1073.6,168364,1093.6,1095.4,1071.1
1/13/2016,1087.1,146676,1086.8,1095.6,1079.4
1/12/2016,1085.2,161091,1094,1099.1,1083.1
1/11/2016,1096.2,185771,1103.6,1108.3,1093.1
1/8/2016,1097.9,183436,1108.8,1113.1,1091.8
1/7/2016,1107.8,203063,1093.7,1109.9,1091.1
1/6/2016,1091.9,179581,1076.8,1094.9,1074.4
1/5/2016,1078.4,99250,1073.5,1081.5,1071.9
1/4/2016,1075.2,151233,1061.5,1083,1061
12/31/2015,1060.2,53272,1060.6,1062.7,1056.5
12/30/2015,1059.8,5260,1068.2,1070.5,1059.8
12/29/2015,1068,5260,1068.2,1070.5,1067.7
12/28/2015,1068.3,66151,1068.6,1076.5,1065.7
12/24/2015,1075.9,47886,1069.6,1076.6,1069.5
12/23/2015,1068.3,64030,1069.5,1074.9,1067.6
12/22/2015,1074.1,74764,1070.8,1080.3,1071.2
12/21/2015,1080.6,9268,1078,1079.5,1075.4
12/18/2015,1065,115775,1051.5,1071,1050
12/17/2015,1049.6,157113,1072.2,1072.7,1046.8
12/16/2015,1076.8,135844,1060.3,1077.9,1060.2
12/15/2015,1061.6,109842,1060.4,1067.9,1057.4
12/14/2015,1063.4,114615,1073,1077.3,1058.1
12/11/2015,1075.7,147088,1071.4,1079.1,1061.7
12/10/2015,1072,95161,1071.7,1076,1068.8
12/9/2015,1076.5,135909,1074.3,1085,1068.7
12/8/2015,1075.3,120295,1069.7,1078.4,1066.8
12/7/2015,1075.2,104016,1085.5,1086.1,1065
12/4/2015,1084.1,199706,1062,1088.3,1057.2
12/3/2015,1061.2,166626,1053.5,1064.5,1045.4
12/2/2015,1053.8,117379,1067.9,1071,1049.4
12/1/2015,1063.5,115302,1064.6,1074,1062.6
11/30/2015,1065.3,105076,1056,1069.1,1052.2
11/27/2015,1056.2,175421,1071,1073.9,1051.6
11/25/2015,1069.7,9070,1070.6,1073.9,1068.7
11/24/2015,1073.3,69317,1067.6,1080.5,1067.6
11/23/2015,1066.6,67286,1072.7,1076.3,1065.4
11/20/2015,1076.3,143217,1079.7,1087.2,1074.9
11/19/2015,1077.9,169716,1079.5,1086.6,1068.3
11/18/2015,1068.7,144564,1070.2,1074.6,1062
11/17/2015,1068.6,171466,1082.4,1085.1,1064.4
11/16/2015,1083.6,146506,1087.9,1097.4,1080.5
11/13/2015,1080.9,126219,1083.5,1088,1078.2
11/12/2015,1081,193512,1085.4,1089,1073
11/11/2015,1084.9,158171,1088.5,1093.5,1083.2
11/10/2015,1088.5,137955,1089,1094.8,1084
11/9/2015,1088.1,133427,1089.1,1094.9,1087.4
11/6/2015,1087.7,183535,1103.2,1109.7,1084.5
11/5/2015,1104.2,130595,1103.6,1111.3,1102.2
11/4/2015,1106.2,147311,1117.4,1122.3,1105.6
11/3/2015,1114.1,144707,1132.9,1138,1113.6
11/2/2015,1135.9,98561,1141.3,1142.7,1132.2
10/30/2015,1141.4,110040,1146.6,1149.8,1138.4
10/29/2015,1147.3,142805,1156.1,1162.5,1144.2
10/28/2015,1176.1,177850,1166.7,1183.1,1152.1
10/27/2015,1165.8,85314,1163,1168.8,1160.5
10/26/2015,1166.2,79375,1163.8,1169.6,1162
10/23/2015,1162.8,145357,1165.9,1179.4,1158.6
10/22/2015,1166.1,113495,1166.8,1171.8,1161.4
10/21/2015,1167.1,115889,1175.5,1179.3,1163.2
10/20/2015,1177.5,116171,1170.6,1181.4,1167.2
10/19/2015,1172.8,102967,1176.9,1178.2,1168.3
10/16/2015,1183.1,102935,1182.5,1184.8,1174.3
10/15/2015,1187.5,181083,1184,1191.7,1173.9
10/14/2015,1179.8,182083,1168.2,1189.9,1162.5
10/13/2015,1165.4,130049,1162.8,1168.6,1151.3
10/12/2015,1164.5,106716,1155,1168.6,1154.3
10/9/2015,1155.9,129925,1138.1,1159.3,1138
10/8/2015,1144.3,116155,1145,1150.9,1135.9
10/7/2015,1148.7,108785,1146.5,1153.6,1141.3
10/6/2015,1146.4,116671,1134.7,1151,1134.5
10/5/2015,1137.6,110483,1137,1141.6,1129.6
10/2/2015,1136.6,178784,1112.5,1140.9,1103.8
10/1/2015,1113.7,76984,1114.5,1118.5,1110.3
9/30/2015,1115.2,148341,1127.2,1127.7,1110.8
9/29/2015,1126.8,100406,1131.4,1134.3,1123.5
9/28/2015,1131.7,137003,1145,1147.8,1127.3
9/25/2015,1145.6,134782,1151,1151.1,1140.1
9/24/2015,1153.8,200068,1130,1156.4,1129.5
9/23/2015,1131.5,89262,1123.8,1134,1121.1
9/22/2015,1124.8,109509,1132.6,1136.1,1120.5
9/21/2015,1132.8,84042,1138.7,1139.4,1128.7
9/18/2015,1137.8,142108,1130,1141.5,1126.9
9/17/2015,1117,135687,1118.7,1136,1114.7
9/16/2015,1119,123877,1104.4,1123.7,1103
9/15/2015,1102.6,75109,1107.1,1108.5,1101.5
9/14/2015,1107.7,71350,1107,1109.8,1102.6
9/11/2015,1103.3,111507,1110.2,1111.9,1097.7
9/10/2015,1109.3,117042,1105.7,1114.1,1102.5
9/9/2015,1102,161609,1121,1124.7,1100.1
9/8/2015,1121,135811,1118.1,1126,1114.7
9/4/2015,1121.4,9777,1123,1124.1,1117
9/3/2015,1124.5,102488,1133.2,1133.8,1121
9/2/2015,1133.6,106996,1139,1141.9,1131.2
9/1/2015,1139.8,124773,1133.8,1147.3,1133.8
8/31/2015,1132.5,93050,1132.7,1136.3,1125
8/28/2015,1134,141784,1124.4,1140.3,1123.1
8/27/2015,1122.6,119691,1124.4,1131.7,1117
8/26/2015,1124.6,194126,1139.9,1146,1116.9
8/25/2015,1138.3,188989,1155.7,1156.3,1134
8/24/2015,1153.6,255624,1160.2,1169.8,1145.1
8/21/2015,1159.6,189582,1153.3,1167.9,1148.5
8/20/2015,1153.2,174797,1133.3,1153.7,1132.1
8/19/2015,1127.9,146994,1117.2,1134.3,1115.5
8/18/2015,1116.9,116442,1117.2,1120.4,1108.5
8/17/2015,1118.4,88129,1113.5,1122.2,1112.9
8/14/2015,1112.7,100681,1114.6,1120.4,1111.1
8/13/2015,1115.6,125318,1125.2,1126.3,1112.8
8/12/2015,1123.6,184025,1108.2,1125.5,1101.1
8/11/2015,1107.7,186562,1103.8,1119.1,1093.3
8/10/2015,1104.1,142965,1094,1108.5,1089
8/7/2015,1094.1,165051,1088.8,1098.9,1081.4
8/6/2015,1090.1,90012,1084.1,1093.3,1082.7
8/5/2015,1085.6,110005,1087.3,1091.7,1082
8/4/2015,1090.7,108848,1087.5,1094.4,1080.2
8/3/2015,1089.4,102779,1095.1,1098,1085.1
7/31/2015,1095.1,166766,1087.7,1103,1079.2
7/30/2015,1088.7,155535,1096.6,1098.2,1081.5
7/29/2015,1093.3,107835,1094.8,1101.5,1089.8
7/28/2015,1096.7,75543,1094.2,1098.7,1091.1
7/27/2015,1096.9,53257,1098.2,1104.9,1088
7/24/2015,1085.5,237901,1089.5,1100.9,1072.3
7/23/2015,1094.1,194839,1093.4,1104.9,1086.1
7/22/2015,1091.5,170919,1100.1,1102.3,1085.6
7/21/2015,1103.5,163597,1098,1108.8,1095.9
7/20/2015,1106.8,250336,1095,1132.5,1080
7/17/2015,1131.9,149622,1144.3,1144.5,1129.6
7/16/2015,1143.9,118613,1146.2,1148.2,1140.6
7/15/2015,1147.4,141077,1153.9,1155.8,1141.9
7/14/2015,1153.5,103814,1157,1159.1,1151.8
7/13/2015,1155.4,118607,1162.3,1163.9,1149.8
7/10/2015,1157.9,106510,1158.7,1164.5,1156.4
7/9/2015,1159.2,122563,1157.5,1166.9,1155.1
7/8/2015,1163.5,159002,1154,1163.8,1145.9
7/7/2015,1152.6,190168,1168.8,1170,1146.8
7/6/2015,1173.2,100581,1173.2,1174.4,1161.9
7/2/2015,1163.5,480,1165.2,1165.6,1163.7
7/1/2015,1169.3,90598,1172.4,1174.4,1166.7
6/30/2015,1171.8,139830,1179.8,1180,1165.4
6/29/2015,1179,136394,1182.5,1187.6,1173.2
6/26/2015,1173.2,99904,1172.5,1178,1167.1
6/25/2015,1171.8,80598,1174.1,1177.3,1170.5
6/24/2015,1172.9,110046,1177.6,1179.7,1168.1
6/23/2015,1176.6,106625,1185.3,1187.7,1175.6
6/22/2015,1184.1,116780,1199.7,1200.8,1181.6
6/19/2015,1201.9,79570,1201.8,1204,1198
6/18/2015,1202,174738,1184.2,1205.7,1183.1
6/17/2015,1176.8,96054,1181.1,1188.8,1173.9
6/16/2015,1180.9,93967,1185.3,1187.4,1175.4
6/15/2015,1185.8,124584,1180,1190.2,1171.9
6/12/2015,1179.2,80500,1180.8,1183.7,1175.6
6/11/2015,1180.4,101075,1185.7,1187.4,1174.8
6/10/2015,1186.6,116677,1175.8,1191.8,1174.3
6/9/2015,1177.6,87429,1173.2,1182.3,1171.8
6/8/2015,1173.6,100756,1170.8,1177.1,1168.5
6/5/2015,1168.1,142628,1176.5,1178,1162.1
6/4/2015,1175.2,144559,1185.8,1186.6,1172.4
6/3/2015,1184.9,117094,1193.8,1195.6,1179.1
6/2/2015,1194.4,106711,1189.5,1196.4,1185.8
6/1/2015,1188.7,162133,1189.8,1204.7,1184
5/29/2015,1189.8,97474,1188.1,1194.4,1186
5/28/2015,1188.8,141607,1188,1192.8,1180.2
5/27/2015,1186.5,139297,1187.5,1191.3,1183.9
5/26/2015,1187.8,91910,1207.3,1208.9,1185.6
5/22/2015,1204,138192,1206,1214.6,1201
5/21/2015,1204.1,116552,1209.4,1212.4,1201
5/20/2015,1208.7,119129,1207.7,1213.2,1202.7
5/19/2015,1206.7,167820,1225.4,1225.5,1205.1
5/18/2015,1227.6,112075,1225.4,1232,1221.2
5/15/2015,1225.3,128557,1220.9,1225.8,1210.6
5/14/2015,1225.2,162990,1215,1227.7,1211.9
5/13/2015,1218.2,225506,1192.5,1218.5,1190.4
5/12/2015,1192.4,133063,1182.5,1196.3,1179.7
5/11/2015,1183,123351,1189,1190.9,1178
5/8/2015,1188.9,134106,1183.7,1193,1180.5
5/7/2015,1182.2,127213,1191.3,1192,1177.9
5/6/2015,1190.3,103539,1192.5,1196.9,1187.4
5/5/2015,1193.2,105898,1187.5,1199.3,1184.9
5/4/2015,1186.8,104106,1176.6,1192.1,1176.6
5/1/2015,1174.5,112452,1183.7,1184.4,1168.4
4/30/2015,1182.4,196278,1204.5,1207.4,1176
4/29/2015,1210,134603,1211.4,1213.5,1200.7
4/28/2015,1213.9,145628,1201.6,1214.9,1198.6
4/27/2015,1203.2,195125,1179.3,1206.7,1177.6
4/24/2015,1175,149522,1193,1195.4,1174.1
4/23/2015,1194.3,110608,1186.9,1197.4,1183.6
4/22/2015,1186.9,146503,1202.2,1204.4,1185
4/21/2015,1203.1,97120,1195.8,1203.7,1192.5
4/20/2015,1193.7,126703,1204.4,1209,1190.8
4/17/2015,1203.1,107912,1198.6,1207.8,1197
4/16/2015,1198,151984,1201.8,1208.8,1194.3
4/15/2015,1201.3,123923,1192.2,1204.4,1188.3
4/14/2015,1192.6,153692,1198.8,1201.3,1183.5
4/13/2015,1199.3,105226,1207.2,1209.3,1196.1
4/10/2015,1204.6,116251,1193.8,1210.6,1192.9
4/9/2015,1193.6,104647,1202.6,1203.3,1192.4
4/8/2015,1203.1,112371,1208.7,1212.5,1197.4
4/7/2015,1210.6,80561,1208.6,1215.9,1207.5
4/6/2015,1218.6,101351,1212.6,1224.5,1212.6
4/2/2015,1200.9,108884,1204.3,1207.4,1194.8
4/1/2015,1208.2,141610,1183.2,1208.7,1180.5
3/31/2015,1183.2,112462,1185.5,1190.6,1178.2
3/30/2015,1185.3,122724,1198.6,1199.6,1182.2
3/27/2015,1200.7,128583,1204.6,1206.6,1192.6
3/26/2015,1205.7,112028,1196.1,1220.4,1194.8
3/25/2015,1197,171373,1192.5,1199.3,1186.1
3/24/2015,1191.4,153651,1188.5,1194.5,1184.7
3/23/2015,1187.7,157085,1183.2,1191,1178.6
3/20/2015,1184.6,155233,1170.4,1187.4,1167.9
3/19/2015,1169,150727,1166.1,1177,1158.6
3/18/2015,1151.3,180295,1148.1,1175.1,1144.9
3/17/2015,1148.2,149286,1153.7,1159.3,1141.6
3/16/2015,1153.2,114195,1157.9,1163.3,1149.3
3/13/2015,1152.4,113141,1152.6,1160.9,1150.4
3/12/2015,1151.9,151499,1153.7,1165.7,1147.5
3/11/2015,1150.6,152874,1161.1,1164.3,1146.5
3/10/2015,1160.1,170223,1165.6,1169.6,1153.8
3/9/2015,1166.5,112018,1169.6,1174.4,1164.8
3/6/2015,1164.3,204043,1197.5,1200,1162.9
3/5/2015,1196.2,125564,1200.2,1208.9,1195.8
3/4/2015,1200.9,99539,1203.8,1208.4,1197.7
3/3/2015,1204.4,146874,1206.1,1214.4,1194.6
3/2/2015,1208.2,128222,1213.8,1223,1204.2
2/27/2015,1213.1,107382,1208.8,1219.2,1204.1
2/26/2015,1210.1,122100,1203.9,1219.9,1203.4
2/25/2015,1201.5,97588,1200.8,1211.7,1200.7
2/24/2015,1197.3,109440,1201.9,1204.4,1190
2/23/2015,1200.8,108517,1203.5,1210.3,1190.6
2/20/2015,1204.9,103062,1208,1215.3,1197.7
2/19/2015,1207.6,105113,1209,1222.9,1205.2
2/18/2015,1200.2,114178,1209.3,1213.4,1197.2
2/17/2015,1208.6,172721,1230.9,1236.7,1203.3
2/13/2015,1227.1,90256,1223,1234.9,1222.5
2/12/2015,1220.7,103350,1222.9,1232.8,1218
2/11/2015,1219.6,109012,1234.1,1238.7,1216.5
2/10/2015,1232.2,92110,1238.3,1245.9,1230.6
2/9/2015,1241.5,86101,1235.9,1243.6,1234.4
2/6/2015,1234.6,189154,1266.4,1269,1228.2
2/5/2015,1262.7,105045,1270.4,1274.6,1256.1
2/4/2015,1264.5,127140,1261.5,1273.3,1256.9
2/3/2015,1260.3,166935,1275.6,1286.5,1255.8
2/2/2015,1276.9,111408,1283,1283.9,1266.5
1/30/2015,1279.2,156292,1259,1285.4,1257.5
1/29/2015,1255.9,233577,1284,1286.6,1252.1
1/28/2015,1287.2,140642,1293.5,1294.6,1280.2
1/27/2015,1292.9,84273,1281.9,1298.6,1273
1/26/2015,1279.4,157859,1292.8,1299.2,1275.6
1/23/2015,1292.6,140604,1301.5,1302.9,1284.3
1/22/2015,1300.7,198887,1293.7,1307.8,1279.1
1/21/2015,1293.7,195098,1295.3,1307,1284.6
1/20/2015,1294.2,231185,1276.3,1297.2,1272.1
1/16/2015,1276.9,204198,1263.5,1282.4,1255.2
1/15/2015,1264.8,272750,1229.7,1267.2,1226.1
1/14/2015,1234.5,184208,1231.2,1244.6,1224.9
1/13/2015,1234.4,168374,1233.1,1244.5,1227.4
1/12/2015,1232.8,132313,1223,1236,1217.5
1/9/2015,1216.1,148809,1208.9,1224,1207
1/8/2015,1208.5,113091,1211,1216.8,1204.2
1/7/2015,1210.7,111150,1219,1219.4,1209.1
1/6/2015,1219.4,180653,1204,1223.3,1201.6
1/5/2015,1204,142942,1187.8,1207.5,1177.8
1/2/2015,1186.2,112280,1184,1194.9,1167.3
12/31/2014,1184.1,67231,1199.8,1203.9,1179.5
12/30/2014,1200.4,131961,1182.9,1210.9,1180.5
12/29/2014,1181.9,78521,1194.9,1197.5,1178.6
12/26/2014,1195.3,65571,1175.2,1199.1,1175.2
12/24/2014,1173.5,40192,1176.8,1181.2,1172.7
12/23/2014,1178,92893,1176.1,1184.9,1172.4
12/22/2014,1179.8,122922,1196,1203.6,1170.7
12/19/2014,1196,68747,1198,1201.5,1193.2
12/18/2014,1194.8,129127,1189.4,1213.9,1188.5
12/17/2014,1194.5,154962,1195.3,1203.1,1182
12/16/2014,1194.3,221571,1195.4,1223.9,1187.8
12/15/2014,1207.7,145843,1222,1225,1191.3
